date,title,sentiment_score,sentiment_label
2021-11-26,Why Apple Stock Got Bit Today,-0.3774656504392624,neutral
2021-11-26,Apple global battery development chief moves to Volkswagen,-0.03657982312142849,neutral
2021-11-26,Top Hedge Funds are Selling These 10 Stocks,0.007759774103760719,neutral
2021-11-27,10 Meme Stocks that More than Doubled in 2021,0.5671602077782154,positive
2021-11-27,Fisker unveils ‘world’s most sustainable vehicle’ as electric vehicle competition heats up,0.8260584510862827,positive
2021-11-27,Best Cyber Monday Tech Deals Happening Now,0.014122748747467995,neutral
2021-11-28,Snap Stock: Bull vs. Bear Case,-0.012971676886081696,neutral
2021-11-28,10 Infrastructure Stocks to Buy Under $10,0.234599020332098,neutral
2021-11-28,3 Chip Stocks To Watch As The Semiconductor Shortage Worsens,-0.4506109990179539,negative
2021-11-29,Facebook planted the idea of the metaverse but Apple can actually populate it,0.04714243486523628,neutral
2021-11-29,Wharton’s Jeremy Siegel warns that stocks could drop 10% as soon as December — hold fast with these 3 ‘conservative’ tech picks,-0.9609026573598385,negative
2021-11-29,Why Apple Stock Hit the Mark Today,0.031747907400131226,neutral
2021-11-30,Why Apple Stock Jumped Today Even as the Market Crashed,0.4702293761074543,positive
2021-11-30,Apple stock reaches new highs amid broader market selloff,0.8365861102938652,positive
2021-11-30,Facebook whistleblower to testify in hearing targeting Big Tech's legal immunity,-0.33773327991366386,neutral
2021-12-01,"Dow Jones, Nasdaq Reverse Gains And Turn Negative; These Chip Stocks Are Actionable Now; Salesforce.com Drops Over 10%",-0.9460249468684196,negative
2021-12-01,"Dow Jones Futures: Market Rally Suffers Bearish Reversal On U.S. Omicron Covid Patient; Apple, Google Give Up Gains, Salesforce, Zscaler Dive; Snowflake Jumps Late",-0.8609986640512943,negative
2021-12-01,"4 Top Stock Trades for Thursday: AMC, CRM, COST, S&amp;P 500",0.00815514661371708,neutral
2021-12-02,Apple Stock Shrugs Off Report That IPhone Demand Is Weakening,-0.9068719036877155,negative
2021-12-02,"Dow Jones Futures: Market Rallies, But Be Wary; Tesla Rivals Lucid, Rivian, Xpeng, Li Auto Skid; DocuSign, Asana Dive With Jobs Report On Tap",-0.7852274924516678,negative
2021-12-02,Apple (AAPL) Stock Sinks As Market Gains: What You Should Know,-0.23663728311657906,neutral
2021-12-03,"Dow Jones Falls As Nasdaq Dives; Elon Musk Does This, Tesla Plunges; DocuSign Stock Collapses",-0.6679146401584148,negative
2021-12-03,Charles Schwab: Don’t fear disaster in 2022 — cash in on these 3 investing trends,0.21793714351952076,neutral
2021-12-03,"Dow Jones Futures: Market Woes Intensify As DocuSign Craters; Apple, Adobe, Tesla, Microsoft, Nvidia In Focus",-0.2843644320964813,negative
2021-12-04,Billionaire Carl Icahn Portfolio: Top 10 Stock Picks,0.036982763558626175,neutral
2021-12-04,Frederick DiSanto’s Ancora Advisors Is Investing In These 10 Stocks,0.050423480570316315,neutral
2021-12-04,"With inflation no longer ‘transitory,’ Warren Buffett is relying on these 3 stocks to come out on top",0.0927759651094675,neutral
2021-12-05,3 Tech Stocks We're Buying After the Selloff,0.07950826734304428,neutral
2021-12-05,William Harnisch’s Peconic Partners is Buying These 10 Stocks,0.044796484522521496,neutral
2021-12-05,10 Stocks to Buy According to Michael Rothenberg’s Moab Capital,0.04975619725883007,neutral
2021-12-06,Apple's 'hands-off' approach with Roblox draws focus in DOJ antitrust probe - The Information,-0.0768706202507019,neutral
2021-12-06,Buffett stays buoyant as Bitcoin plunges 20% — here are the top 3 stocks he's holding instead,-0.05102497339248657,neutral
2021-12-06,Why Apple Stock Popped Today,-0.4253470040857792,negative
2021-12-07,"4 Top Stock Trades for Wednesday: AAPL, M, COUP, PD",0.0033750906586647034,neutral
2021-12-07,Snap is already delivering on the future Meta is promising,0.5235583130270243,positive
2021-12-07,Apple's iPhone 13 production fell 20% in Sept-Oct - Nikkei,-0.9655935219489038,negative
2021-12-08,Dow Jones Futures: Watch For This Market Rally Signal As Apple Nears Milestone; Trump SPAC Stock DWAC Soars,0.5836222749203444,positive
2021-12-08,Kevin O’Leary's crypto exposure has surged to 10% — but he's still relying on these 3 tried and true income stocks,0.3140853764489293,neutral
2021-12-08,"Dow Jones Futures: As Market Rallies, Watch For This; Apple Nears Milestone, Trump SPAC Stock DWAC Soars",0.6472826581448317,positive
2021-12-09,Coupang Still Holds Opportunities Despite Its Rough Year,0.91798360273242,positive
2021-12-09,Apple (AAPL) Stock Moves -0.3%: What You Should Know,-0.01845376566052437,neutral
2021-12-09,Apple Nears $3 Trillion. Why It Could Still Be a Top Stock Pick for 2022.,0.13811653573065996,neutral
2021-12-10,"AlphaClone Alternative Alpha  ETF Buys Caesars Entertainment Inc, PagerDuty Inc, FormFactor ...",0.09164693206548691,neutral
2021-12-10,10 Most Popular Dividend Stocks Among Famous Hedge Funds,0.08695878088474274,neutral
2021-12-10,"Dow Jones Futures: Stock Market Still In Flux With Fed Set To Speed Up; Apple, Tesla, Rivian In Focus",-0.06745199859142303,neutral
2021-12-11,Top 10 Stock Picks of John Overdeck and David Siegel’s Two Sigma Advisors,0.10387959517538548,neutral
2021-12-11,"Dow Jones Futures: Bulls Still Penned In With Fed Set To Speed Up; Apple, Tesla, Rivian In Focus",0.187930665910244,neutral
2021-12-11,Jim Cramer likes these 3 'junior' growth stocks you've probably never considered ⁠— grab them before they become the next mega-cap stars,0.05607368052005768,neutral
2021-12-12,10 Dividend Stock Picks of Billionaire Mario Gabelli,0.0042214468121528625,neutral
2021-12-12,Tech Stocks Roundup: Facebook A Top Buy Amid Instagram Safety Push,0.8330321982502937,positive
2021-12-12,Apple Could Be the First $3 Trillion Company. Why Its Rally Won’t Stop There.,0.003863319754600525,neutral
2021-12-13,Inside the Race to Fix a Potentially Disastrous Software Flaw,0.07731623202562332,neutral
2021-12-13,Apple looks set to be the first stock with a $3 trillion market cap,0.1258109975606203,neutral
2021-12-13,Synopsys' (SNPS) Buyback Plan to Boost Shareholders' Wealth,0.9112057639285922,positive
2021-12-14,Warren Buffett says these are the absolute best stocks to own — check out 3 choice picks from his collection,0.12323568668216467,neutral
2021-12-14,Biden Team Considers New Clampdown on China’s Biggest Chipmaker,-0.9348058346658945,negative
2021-12-14,Stock market news live updates: Stock futures open slightly higher ahead of Fed decision,0.8750838451087475,positive
2021-12-15,Top 10 Stocks to Buy According to Legendary Value Investor Joel Greenblatt,0.09112829342484474,neutral
2021-12-15,Apple Scraps Office-Return Deadline Without Setting New Date,-0.48102537728846073,negative
2021-12-15,Apple Delays Office Return; Canada Travel Warning: Virus Update,-0.8898292575031519,negative
2021-12-16,Meta Cracks Down on Companies That Spied on Users in 100 Countries,-0.9458760367706418,negative
2021-12-16,Apple Shares Slide on Rate Fears,-0.9226517779752612,negative
2021-12-16,Dow Jones Dips As Fed Rally Falters; Adobe Stock Plummets On This; Tesla Stalls As Ford Gains,-0.939311670139432,negative
2021-12-17,Cascend's Ross: Tim Cook is a 'Supply Chain Ninja',0.004184862598776817,neutral
2021-12-17,Apple (AAPL) Stock Moves -0.65%: What You Should Know,-0.003858514130115509,neutral
2021-12-17,Bruce Springsteen sells music catalog for $500M as streaming boom leads to 'perfect storm' for artists,0.08377189189195633,neutral
2021-12-18,Top 10 Stock Picks of Mario Gabelli,0.0009202845394611359,neutral
2021-12-18,Why Bruce Springsteen's $500M deal signals a 'perfect storm' brewing in music,-0.0214792862534523,neutral
2021-12-18,3 Top Energy Stocks Ready for a Bull Run,0.14981470629572868,neutral
2021-12-19,10 Dividend Stocks to Buy According to Joel Greenblatt’s Gotham Asset Management,0.0432761088013649,neutral
2021-12-19,Dow Jones Futures Loom In Dangerous Whipsaw Rally As Omicron Fears Swell; Tesla Rival Nio Touts Big Ambitions,-0.6996330246329308,negative
2021-12-19,Dow Jones Futures RiseIn Dangerous Whipsaw Rally As Omicron Fears Swell; Tesla Rival Nio Touts Big Ambitions,0.03287321329116821,positive
2021-12-20,7 Hyper-Growth Software Stocks Up to 50% Off,0.92499506380409,positive
2021-12-20,Amazon Slides Below Support Level as Big Tech Weakness Continues,-0.9505583038553596,negative
2021-12-20,What to Watch Out for During the Christmas-Shortened Week,-0.11619417555630207,neutral
2021-12-21,3 Santa Claus Rally Stocks to Buy,0.39739418029785156,positive
2021-12-21,"Japan Pressed to Spend Billions, Cut Tax to Revive Chip Industry",0.7829816024750471,positive
2021-12-21,"Meta, Twitter Scrap Plans for CES in Las Vegas After Covid Surge",-0.7569801453500986,negative
2021-12-22,5 Reasons Apple Stock Can Trade Higher From Here,0.29307199642062187,neutral
2021-12-22,20 companies are spending billions to boost their stock prices,0.7359767416492105,positive
2021-12-22,"After Austin blow, Cooper's office kept engaging with Apple on NC expansion",0.037626808509230614,neutral
2021-12-23,Apple (AAPL) Gains But Lags Market: What You Should Know,0.11848722770810127,neutral
2021-12-23,Apple shareholders are calling on the company to conduct a civil rights audit,0.010955419391393661,neutral
2021-12-23,These Health-Tech Deals Highlight a Big Private Investing Trend,0.1499661272391677,neutral
2021-12-24,"VP Disciplined Core Value Fund Buys Alphabet Inc, Kimberly-Clark Corp, T. ...",0.16919836588203907,neutral
2021-12-24,"Mutual Fund &amp; Variable Insurance Trust Buys The Walt Disney Co, Goldman Sachs Group Inc, ...",0.04976287577301264,neutral
2021-12-24,Apple Gets Dutch Antitrust Order to Open Up App Payments,0.0350106880068779,neutral
2021-12-26,2 Top Tech Stocks Ready for a Bull Run,0.1718066930770874,neutral
2021-12-26,3 Stocks that Beat the Market in 2021 and Could Do It Again in 2022,0.8116105897352099,positive
2021-12-26,1 Top Dividend Stock to Buy for 2022 and Beyond,0.08462066296488047,neutral
2022-01-27,"Dow Jones Futures Rise On Apple Stock After Market Sells Off Again, Tesla Plunge Signals End For These Stocks",-0.7900999486446381,negative
2022-01-27,"Apple's Q1 Surprises to the Upside, Visa Also Beats",-0.07707391679286957,neutral
2022-01-27,"Olstein Capital Management, L.P. Buys Generac Holdings Inc, Mastercard Inc, Medtronic PLC, ...",0.0701696453616023,neutral
2022-01-28,"Tillar-Wenstrup Advisors, LLC Buys VanEck Investment Grade Floating Rate ETF, Union Pacific ...",0.108313606120646,neutral
2022-01-28,"Dow Jones Futures: Market Rally Steps Up As Apple Leads, But Be Wary; 5 Key Earnings",0.4500400200486183,neutral
2022-01-28,Why Apple Stock Soared Today,0.3471280224621296,neutral
2022-01-29,"Apple-branded Metaverse, Anyone?",0.0019417516887187958,neutral
2022-01-29,Where Will Alphabet Be in 10 Years?,-0.024045858532190323,neutral
2022-01-30,Dow Jones Futures Loom As Market Rally Still Must Take This Step; 5 Key Earnings,0.046915169805288315,neutral
2022-01-30,Valuation: What's wrong with trillion-dollar companies?,-0.6480191126465797,negative
2022-01-30,"Why Peacock, Apple and HBO Max are streaming must-haves for February 2022 — but Netflix is not",0.01568913646042347,neutral
2022-01-31,"NewEdge Wealth, LLC Buys Blackstone Inc, Zillow Group Inc, Vanguard Small Cap ETF, Sells Dun ...",0.08004145417362452,neutral
2022-01-31,10 High Yield REIT Dividend Stocks For 2022,0.009102165699005127,neutral
2022-01-31,"HM Capital Management, LLC Buys ProShares UltraShort S&amp;P500, Automatic Data Processing Inc, ...",0.0739540159702301,neutral
2022-02-01,"Goodman Financial CORP Buys Schneider National Inc, PTC Inc, iShares MSCI USA Equal Weighted ...",0.1517578074708581,neutral
2022-02-01,"Garrison Bradford &amp; Associates Inc Buys argenx SE, Apple Inc, Brookfield Asset Management ...",0.06829949840903282,neutral
2022-02-01,How the Bay Area's top 25 public companies performed in January 2022,-0.010534480214118958,neutral
2022-02-02,10 Best Performing Cryptocurrencies of 2021,0.43902018666267395,neutral
2022-02-02,Qualcomm Gives Rosy Forecast as Smartphone Chip Sales Soar,0.7896828092634678,positive
2022-02-02,Apple urges lawmakers say no to app store bill,0.02114930748939514,neutral
2022-02-03,Snap and Pinterest Soar After Results Dispel Facebook Fears,-0.7276817187666893,negative
2022-02-03,"Neumann Capital Management, LLC Buys Apple Inc, BTC iShares Core MSCI EAFE ETF, iShares Russell ...",0.09326093085110188,neutral
2022-02-03,"Amazon Adds to a Huge Season for Faangs, While Meta’s Meltdown Is the Outlier",-0.3900528885424137,neutral
2022-02-04,"Modera Wealth Management, LLC Buys Microsoft Corp, Amazon. ...",0.0791633240878582,neutral
2022-02-04,"Peloton Draws Interest From Amazon, Other Suitors: WSJ",0.20759211666882038,neutral
2022-02-04,Column: Is this the beginning of Facebook's downfall?,-0.5439135786145926,negative
2022-02-05,Peloton Is Said to Draw Takeover Interest After Share Plunge,0.1273949733003974,neutral
2022-02-05,Is Meta Platforms Stock a Buy Now?,0.02232847921550274,neutral
2022-02-05,Dow Jones Futures: 5 Strong Stocks In Tricky Market Rally; What Active Investors Should Be Doing,0.08057736977934837,neutral
2022-02-06,Crypto Crash 2022: Top 10 Losers in January,-0.2720929645001888,neutral
2022-02-06,Peloton Purchase May Pose Regulatory ‘Headache’ for a Tech Giant,-0.8846333343535662,negative
2022-02-06,Dow Jones Futures: Market Rally At Key Point; What Active Investors Should Do,0.011243212968111038,neutral
2022-02-07,Apple Buys Startup That Makes Music With Artificial Intelligence,0.14952479116618633,neutral
2022-02-07,"Hamilton Capital, LLC Buys Vanguard S&amp;P 500 Value ETF, iShares Core S&amp;P Mid-Cap ETF, ...",0.12931114342063665,neutral
2022-02-07,"2022 Super Bowl offers NBC ‘some offset’ for low Winter Olympics ratings, analyst says",0.3383048176765442,positive
2022-02-08,"Crowdfunding film projects can help 'drive diversity in entertainment,' Seed&amp;Spark CEO says",0.6369803715497255,positive
2022-02-08,"Dow Jones Futures: Apple Sets Up, 5 Stocks Flash Buy Signals As Market Rally Still Needs This",0.5901172459125519,positive
2022-02-08,How Does Roblox Make Money?,-0.0069799646735191345,neutral
2022-02-09,Report: Apple to increase benefits for retail workers,0.9241610486060381,positive
2022-02-09,"Disney parks still ‘a few years off’ peak attendance, analyst says",-0.9459818694740534,negative
2022-02-09,Taking Stock of the Earnings Picture Amid the Market Rebound,0.027403574436903,neutral
2022-02-10,Ex-Consultant Gets Temasek to Help It Build the TSMC of Chip Design,0.3299787905998528,neutral
2022-02-10,Ken Fisher Sold These 10 Stocks Before Entering 2022,-0.009902162477374077,neutral
2022-02-10,Apple is updating its AirTags trackers to address stalking concerns,0.10627908818423748,neutral
2022-02-11,Spot the Dog: UK's worst performing funds revealed,-0.9471986629068851,negative
2022-02-11,"Super Bowl ad stars Seth Rogen, Paul Rudd on 'unstoppable train' of streaming content",0.06572148390114307,neutral
2022-02-11,Apple Boosts Retail Worker Pay to Cope With Tighter Labor Market,0.9195293299853802,positive
2022-02-12,Andreessen’s Dixon Spies Riches in Web3. Others See ‘Rubbish’,-0.28631815128028393,neutral
2022-02-12,'Fresh Prince' reboot on Will Smith's legacy: 'Standing on shoulders of giants',0.14390200097113848,neutral
2022-02-12,Should You Buy Alphabet Now or Wait Until After the Stock Split?,-0.005824856460094452,neutral
2022-02-13,10 Best Fortune 500 Stocks to Buy Now,0.035415783524513245,neutral
2022-02-13,Norfolk County Council takes on mighty Apple over profit warning,-0.8595850951969624,negative
2022-02-13,Dow Jones Futures: Russia In Focus After Market Rally Breaks Key Levels,-0.017382115125656128,negative
2022-02-14,7 Top Stocks for February Ready for V-Shaped Bounce,0.07840283215045929,neutral
2022-02-14,Tech companies with ‘positive cash flow have pricing power through periods of inflation’: Strategist,0.12218506634235382,neutral
2022-02-14,10 Technology Dividend Stocks with Over 4% Yield,0.3155290260910988,neutral
2022-02-15,"Dow Jones Futures: Five Stocks Set To Take Off If Market Rallies; Upstart Skyrockets, Roblox Dives",-0.6364140659570694,negative
2022-02-15,"Apple, Amazon, Microsoft or Tesla: Which Will Reach $5 Trillion First?",0.02478635311126709,neutral
2022-02-15,"Apple is Berkshire’s largest stock holding, but Buffett and Co. own a bigger share of these companies",0.02413668856024742,neutral
2022-02-16,Electric Vehicle Checkpoint: Was The Super Bowl Trying to Sell You an EV?,-0.062939727678895,neutral
2022-02-16,How Does Tim Cook's Pay Compare To Amazon and Microsoft's CEOs?,-0.022611558437347412,neutral
2022-02-16,"Top Stock Reports for Apple, Walt Disney &amp; Broadcom",0.00729011557996273,neutral
2022-02-17,Dow Jones Futures: Stock Market Is Minefield As Biden Sees 'Very High' Russia Risk; Roku Sells Off On Sales Miss,-0.9369864519685507,negative
2022-02-17,Apple CEO Tim Cook’s $99 million pay package is under attack as advisory firm urges shareholders to vote against it,-0.9103040508925915,negative
2022-02-17,Dow Jones Futures: Market Rally Flashes Bearish Signals As Russia War Risks Mount,-0.8286727890372276,negative
2022-02-18,Dow Jones Futures: Market Rally Nearing Lows On Ukraine Invasion Fears; 5 Stocks That Don't Suck,-0.8039691522717476,negative
2022-02-18,Apple store unions could jeopardize its 'caring' reputation,-0.9448789693415165,negative
2022-02-18,ISS supports Apple shareholder proposal on forced labor,0.014690235257148743,neutral
2022-02-19,6 Anti-Trust Laws That Smart Investors Should Be Watching,0.10992735344916582,neutral
2022-02-19,"Apple, Hilton Lead Five Stocks Near Buy Points Flashing This Bullish Signal",0.529401320964098,positive
2022-02-19,Dow Jones Futures: Markets Await Putin's Ukraine Invasion Decision; Five Stocks That Don't Suck,-0.21350236237049103,neutral
2022-02-20,Futures Loom As World Awaits Putin's Ukraine Move; Five Stocks That Don't Suck,-0.1304413564503193,neutral
2022-02-20,Futures Fall Sharply As World Awaits Putin's Ukraine Move; Five Stocks That Don't Suck,-0.952995783649385,negative
2022-02-20,Futures Fall As World Awaits Putin's Ukraine Move; Five Stocks That Don't Suck,-0.9388589952141047,negative
2022-02-21,10 Tech Stocks to Buy According to Nathan Przybylo’s L2 Asset Management,0.06702678836882114,neutral
2022-02-21,Why Apple (NASDAQ:AAPL) Can Create More Value Than Expected - Evaluating Key Fundamental Drivers,0.1753516672179103,neutral
2022-02-21,"Tech Stocks Roundup: Wage Wars at Apple; plus, Crypto's Trust Troubles",0.00632680207490921,neutral
2022-02-22,"Apple Stores Drop Mask Mandates, Plan Return of In-Store Classes",-0.42009714245796204,negative
2022-02-22,Why Digital World Acquisition Stock Jumped Today,0.16100088879466057,neutral
2022-02-22,Has Alphabet Just Opened the Stock Split Floodgates?,-0.3788920044898987,neutral
2022-02-23,Cloudflare to Buy Area 1 Security in Push to Protect Against Phishing Emails,0.6047978643327951,positive
2022-02-23,Top Millennial And Gen Z Stock Picks From Tesla To Apple: Should You Buy Them Too?,0.02088964730501175,neutral
2022-02-23,What My Project Mastermind Is All About,-0.024670645594596863,neutral
2022-02-24,Stocks Fought Off Huge Losses After Russia Attacked Ukraine. Here’s What Else Happened in the Stock Market Today.,-0.14650693908333778,neutral
2022-02-24,Why megacap stocks rallied after Russia invaded Ukraine,0.4078526645898819,positive
2022-02-24,Here are the Bay Area cities where software engineers get the biggest bucks,0.014039013534784317,neutral
2022-02-25,Dow Jones Futures: Market Rally Continues Amid Russia's Ukraine Invasion; Apple Leads 5 Stocks Setting Up,0.1127794086933136,positive
2022-02-25,"Ukraine Urges Apple to Halt Russian Product Sales, App Store",-0.8651704182848334,negative
2022-02-25,Ukrainian official urges Apple CEO Tim Cook to cut off business with Russia,-0.8940888922661543,negative
2022-02-26,3 Stocks You Can Keep Forever,0.014411574229598045,neutral
2022-02-26,Warren Buffett Comes to the Rescue of Tim Cook,0.12250159680843353,neutral
2022-02-26,10 Best Small Cap Stocks To Buy for 2022,0.10608806274831295,neutral
2022-02-27,Berkshire Hathaway Earnings: What Happened with BRK.A,-0.2382063064724207,neutral
2022-02-27,Dow Jones Futures Loom: Watch Out For 'Swift' Market Reversal As Russia Bank Targeted Amid Ukraine Invasion,-0.5905419141054153,negative
2022-02-27,Dow Jones Futures Signal 'Swift' Market Reversal As Russia Bank Targeted Amid Ukraine Invasion,-0.3556801378726959,negative
2022-02-28,"Dow Jones Futures: Five Stocks Eyeing Buy Points In Market Rally Attempt; Lucid, Zoom Plunge On Earnings",0.566887304186821,positive
2022-02-28,Apple Is Working On a Mysterious New Product,0.1048615463078022,neutral
2022-02-28,"Markets are 'at heightened risk' amid inflation, Fed rate hikes, and Russia-Ukraine war: Strategist",-0.4498002827167511,negative
2022-03-01,Apple Halts Product Sales in Russia After Ukraine Invasion,-0.9162308955565095,negative
2022-03-01,Dow Jones Futures: Fed Chief Powell On Tap As Market Starts To Doubt Rate Hikes Amid Russia's Ukraine Invasion,-0.5926266387104988,negative
2022-03-01,Apple joins companies pulling back from Russia over Ukraine attack,-0.8034757263958454,negative
2022-03-02,Airbnb CEO on future in Russia: ‘All things are on the table’,0.17794232722371817,neutral
2022-03-02,"How Big Tech is supporting Ukraine, from halting sales and ads in Russia to fighting misinformation",0.08601289615035057,neutral
2022-03-02,Epic Games to Buy Online Music Store Bandcamp,0.024614255875349045,neutral
2022-03-03,These Are All The Big Companies Pulling Out Of Russia Right Now,-0.8576170606538653,negative
2022-03-03,"How Apple, Big Tech benefit from taking on Russia",0.06920131389051676,neutral
2022-03-03,Apple (AAPL) Stock Moves -0.2%: What You Should Know,-0.019087277352809906,neutral
2022-03-04,Buying Stocks in a Down Market,-0.047688961029052734,neutral
2022-03-04,"Samsung Suspends Shipments of Phones, Chips to Russia",-0.8958087246865034,negative
2022-03-04,Apple Stock: JPMorgan Lays Out the Bull and Bear Case,0.005091158673167229,neutral
2022-03-05,3 Robinhood Stocks That Are Great Long-Term Picks,0.16410030703991652,neutral
2022-03-05,"'The Batman' aims for $100M open, eyes introduction to 'a new generation'",0.3398715481162071,neutral
2022-03-05,PayPal suspends services in Russia,-0.9107266077771783,negative
2022-03-06,3 Stocks That Could Be Worth More Than Apple by 2035,0.10397314932197332,neutral
2022-03-07,Dow Jones Futures: What To Do After Today's Stock Market Dive As Russia-Ukraine War Continues,-0.5276410989463329,negative
2022-03-07,"4 Top Stock Trades for Tuesday: AAPL, AMZN, AAL, DKS",0.014486484229564667,neutral
2022-03-07,Nasdaq Enters Bear Market Territory. Ukraine and Oil Worries Add to Rate Fears.,-0.8704559523612261,negative
2022-03-08,Dow Jones Futures: Stock Market Whipsaws Amid Russia Crude Oil Ban; Apple Slides After iPhone Event,-0.9352757856249809,negative
2022-03-08,Bumble Optimistic Forecast Reassures Investors Fearing Worst,0.5354055538773537,positive
2022-03-08,"iPhone SE, iPad Air, Mac Studio: A Guide to Apple’s New Gear",0.05499126762151718,neutral
2022-03-09,"Amazon Jumps on Plan to Split Stock, Buy Back Up to $10 Billion",0.2031808067113161,neutral
2022-03-09,Amazon announced its first stock split in more than 20 years,-0.2100269440561533,neutral
2022-03-09,These 3 Household Tech Stocks Can Give Your Portfolio a Boost,0.7083404203876853,positive
2022-03-10,Dow Jones Falls As Inflation Soars; Amazon Surges On Split; Apple Stock Stumbles,-0.9484979873523116,negative
2022-03-10,"MLB reaches new deal with players union, baseball season to start April 7",0.15714339539408684,neutral
2022-03-10,7 Web 3.0 Stocks to Buy for Their First-Mover Advantage,0.059333957731723785,neutral
2022-03-11,Apple Is Set for Longest Run of Down Weeks Since May as Tech Stocks Drop,-0.9494701782241464,negative
2022-03-11,"Stocks fall to session lows to end the week, energy finishes in the green",-0.9416585694998503,negative
2022-03-11,BANK 2018-BNK10 -- Moody's affirms eight classes of BANK 2018-BNK10,0.07305640168488026,neutral
2022-03-12,"Traders, Pick Your Weapons",-0.007954947650432587,neutral
2022-03-12,3 Best Dividend Stocks for Retirement,0.14792034402489662,neutral
2022-03-12,BARRON’S ROUNDUP: Gas Prices Surge; Uber Versus Lyft; Yum China,0.7597583159804344,positive
2022-03-13,"Norway’s Central Bank Sells Apple Stock. It Bought Nvidia, Plug Power, and NIO.",0.08755540568381548,neutral
2022-03-13,DexCom to Take Its Technology International,0.11389826703816652,neutral
2022-03-13,"China Locks Down iPhone, Tech Hub Shenzhen as Covid Cases Jump",-0.6141335107386112,negative
2022-03-14,Dow Jones Futures: Nasdaq Breaks Lower Amid China Covid Shutdowns; What To Do Now,-0.9302453454583883,negative
2022-03-14,Why Apple Stock Dropped Today,-0.8365307040512562,negative
2022-03-14,SoftBank’s Arm to Lay Off Up to 15% as It Prepares IPO After Nvidia Deal Collapse,-0.944885604083538,negative
2022-03-15,There’s No Reason to Buy Vinco Ventures Stock Here,0.001095866784453392,neutral
2022-03-15,My No. 2 Stock Pick For 2022 Rises 100%…,0.8978811111301184,positive
2022-03-15,7 Value Stocks to Look at After Berkshire Hathaway’s Spotlight,0.09812539629638195,neutral
2022-03-16,"Apple’s M1 Ultra chip is good for you, but a problem for Intel, AMD, and Nvidia",-0.5505633130669594,negative
2022-03-16,"Needham Sees Netflix Losing Out To Amazon, Disney, Apple and Other Streaming Rivals",-0.16931070387363434,neutral
2022-03-16,Apple Stock Gains as Foxconn Comes Back Online,0.5879670009016991,positive
2022-03-17,Apple’s Latest iPhone Sidelines Carriers From Buying Process,-0.8291663844138384,negative
2022-03-17,Apple (AAPL) Gains But Lags Market: What You Should Know,0.11848722770810127,neutral
2022-03-17,10 Reddit Stocks to Buy in March,0.07890241034328938,neutral
2022-03-18,"Is Tesla a Good Stock to Buy in 2022? Yes, But Carefully.",0.04390646517276764,neutral
2022-03-18,Dow Jones Gains As Nasdaq Charges Higher; Warren Buffett Stock Explodes; GameStop Rallies,0.2244037389755249,positive
2022-03-18,"3 Well-Priced, Most-Shorted Stocks to Buy",0.1475057853385806,neutral
2022-03-19,Former Apple employee charged with defrauding $10 million,-0.7213032767176628,negative
2022-03-19,"2 Stocks I Will ""Never"" Sell",0.02494245395064354,neutral
2022-03-19,3 Resilient Stocks to Help Solidify Your Portfolio,0.614112519659102,positive
2022-03-20,7 fitness apps beginners may want to check out,0.03330876678228378,neutral
2022-03-20,U.S. charges former Apple buyer with defrauding more than $10 mln from company,-0.9002381451427937,negative
2022-03-20,U.S. charges former Apple buyer with defrauding more than $10 million from company,-0.8911417471244931,negative
2022-03-21,"Apple outage takes Music, App Store, TV+ and Maps offline",-0.7296690531075001,negative
2022-03-21,Apple Resolves Outage That Hobbled Apps and Internal Systems,-0.9565030597150326,negative
2022-03-21,7 Safe Stocks to Snap Up If the Volatile Market Has You Scared,-0.5855412185192108,negative
2022-03-22,UPDATE 2-Apple services including App Store resume after outage for second straight day,-0.8871918357908726,negative
2022-03-22,10 Precious Metals Stocks to Buy According to Ken Fisher,0.07587823644280434,neutral
2022-03-22,"The yield curve is ‘scaring the bajeezus out of most investors,’ strategist says",-0.9218451548367739,negative
2022-03-23,Dow Jones Futures: Stock Market Rally Retreats; 'Monster' Apple In Buy Area,-0.9341116696596146,negative
2022-03-23,Apple: Here Comes a Monster Growth Cycle,-0.27588726580142975,neutral
2022-03-23,Tim Cook Displays His Difference in Russian Invasion of Ukraine,0.17653235979378223,neutral
2022-03-24,Apple Mulls Subscription Plans for Hardware: Report.,-0.015277231112122536,neutral
2022-03-24,Buy the Dip in Snap Before It Rebounds This Year,0.026813391596078873,neutral
2022-03-24,Apple urges court to reject Epic's appeal in App Store antitrust case,-0.47380879521369934,negative
2022-03-25,"Dow Jones Futures: What The Market Rally Needs Now; Six Stocks In Focus, Tesla Rival Xpeng On Tap",0.14765702188014984,neutral
2022-03-25,"An Investment In One Of These Three Artists Last Year Would Have Outperformed Tesla, Apple and Microsoft",0.864778645336628,positive
2022-03-25,"Report: Apple is giving some of its engineers bonuses of up to $200,000 in stock",0.35500890016555786,neutral
2022-03-26,2022 Oscars preview: The awards show is back but it 'won't be a traditional Oscars',0.004750557243824005,neutral
2022-03-26,"Dow Jones Futures: Market Shrugs Off Surging Yields, For Now; Tesla Rival Xpeng On Tap",0.32120904326438904,positive
2022-03-26,Apple vs. an S&amp;P 500 ETF: Which Is the Better First Investment?,0.05928208865225315,neutral
2022-03-27,Dow Jones Futures: Can Market Rally Keep Rising As Yields Soar? Tesla Shanghai Closes For Covid,0.10965617001056671,neutral
2022-03-27,Apple Signs Big Checks to Avoid Talent Exodus to Facebook,-0.474630419164896,negative
2022-03-27,Dow Jones Futures Loom: Can Market Rally Keep Rising As Yields Soar? Tesla Rival Xpeng On Tap,0.2929791994392872,neutral
2022-03-28,"Dow Jones Futures: Russia-Ukraine Cease-Fire Talks On Deck; Apple, Tesla Eye New Buy Points",0.10954240709543228,neutral
2022-03-28,Oscars triumph for Apple TV+ leaves Netflix fuming,-0.7434588372707367,negative
2022-03-28,The 10 Entertainment Stocks to Buy for 2022 and Beyond,0.06685731559991837,neutral
2022-03-29,"Accused stalker of Apple CEO Tim Cook agrees to keep her distance, not contact him",-0.3371639959514141,neutral
2022-03-29,"Apple (NASDAQ:AAPL) jumps 6.2% this week, though earnings growth is still tracking behind five-year shareholder returns",0.7391923442482948,positive
2022-03-29,Apple (AAPL) Outpaces Stock Market Gains: What You Should Know,0.14487935416400433,neutral
2022-03-30,These 3 Tech Giants' Massive Successes Have Brought About Unfavorable Attention,-0.9366178289055824,negative
2022-03-30,"Dow Jones Futures: Market Rally Gets What It Needs, Not What You Want",0.03012707084417343,neutral
2022-03-30,Do You Really Need Another Reason to Like Google Stock?,0.014497712254524231,neutral
2022-03-31,"4 Top Stock Trades for Friday: Ethereum, ARKK, FUBO, AAPL",0.038388924673199654,neutral
2022-03-31,"Streaming wars: The biggest factors driving subscriptions, according to Deloitte",-0.0886082872748375,neutral
2022-03-31,California attorney general jumps into Epic-Apple antitrust battle,-0.14516334980726242,neutral
2022-04-01,How Investors Should Handle the Alphabet Stock Split,0.010775838047266006,neutral
2022-04-01,7 Blue-Chip Stocks to Buy for April 2022,0.049228962510824203,neutral
2022-04-01,Dow Jones Futures: What To Do As Market Rally Pulls Back; Tesla Deliveries Due,-0.017215333878993988,neutral
2022-04-02,Hedge Funds Prefer These 9 Tech Stocks Over Netflix,0.03763303905725479,neutral
2022-04-02,"Dow Jones Futures: Market Rally Pullback Normal, But Not For These Sectors; Tesla Deliveries Due",-0.6841931268572807,negative
2022-04-02,Why Buffett Is Buying Energy Stocks At Multi-Year Highs,0.02188544161617756,neutral
2022-04-03,"Dow Jones Futures Dip Amid Market Rally Pullback; Tesla, Apple Near Buy Points",-0.6479681730270386,negative
2022-04-03,"Dow Jones Futures Open Amid Market Rally Pullback; Tesla, Apple Near Buy Points",0.6946960538625717,positive
2022-04-03,‘Morbius’ lands top spot at box office with $39.1 million despite bad reviews,0.8906898573040962,positive
2022-04-04,Why Metaverse Stocks Flew High Today,0.11952195316553116,neutral
2022-04-04,Score an Apple Watch Series 7 for $70 Off,0.3369329683482647,neutral
2022-04-04,"4 Top Stock Trades for Tuesday: AAPL, IWM, JMIA, DWAC",0.00237259641289711,neutral
2022-04-05,Dow Jones Futures: 'Rapid' Fed Shift Hits Market Rally; Elon Musk Steals Donald Trump's Thunder,0.14514540135860443,neutral
2022-04-05,Apple (AAPL) Dips More Than Broader Markets: What You Should Know,-0.2812502235174179,neutral
2022-04-05,"Wells Fargo opts for hybrid schedules as Bank of America, Apple and others find themselves in return-to-office crossfire",0.0038487985730171204,neutral
2022-04-06,The one thing keeping streaming TV from completely taking over,-0.04750260338187218,neutral
2022-04-06,"Dow Jones Futures: Federal Reserve Fears Continue To Strain Market Rally; Tesla, Nvidia, Apple In Focus",-0.7138788960874081,negative
2022-04-06,"Apple Myeongdong Opens Saturday, April 9, in South Korea",0.13678411673754454,neutral
2022-04-07,10 Stocks US Senators Are Selling,0.045797331258654594,neutral
2022-04-07,10 Best ETFs to Invest In for Retirement,0.11223174445331097,neutral
2022-04-07,Murata to Run More Plants Entirely on Renewable Energy by March 2023,0.14431160129606724,neutral
2022-04-08,Dow Jones Futures: Split Market Rally At Turning Point; Tesla Forges New Entry; 3 Tight Stocks,0.3197362422943115,positive
2022-04-08,How Tesla CEO Elon Musk became one of the most influential businessmen in the world,0.10796284582465887,neutral
2022-04-08,"Stocks end the week mixed, energy and financials among the biggest leaders",-0.9549784362316132,negative
2022-04-09,"How Alphabet, Amazon, and Apple Fared in the Last Big Recession",0.014221984893083572,neutral
2022-04-09,Want to Get Richer? 3 Top Stocks to Buy Now and Hold Forever,0.039846714586019516,neutral
2022-04-10,3 Powerful Stocks That Can Beat Inflation,0.21194329112768173,neutral
2022-04-10,"Dow Jones Futures: Market Rally Ailing, But These Stocks Are Healthy; Tesla Forges New Entry",0.41417109966278076,positive
2022-04-11,10 Stocks Making Headlines on Monday,-0.012788288295269012,neutral
2022-04-11,"Buy the Dip: Apple, SoFi, Disney",0.05241745989769697,neutral
2022-04-11,Dow Jones Futures: What To Do After Today's Stock Market Sell-Off Ahead Of Key Inflation Report,-0.12895340658724308,neutral
2022-04-12,Tim Cook Takes Apple 'Sideloading' Fight Center Stage,0.04717266745865345,neutral
2022-04-12,10 Best Stocks to Buy Now According to Billionaire David Harding,0.3779853843152523,neutral
2022-04-12,iPhone Reviews: Your Buying Guide to the Best iPhones in 2022,0.06958617828786373,neutral
2022-04-13,Try the New GuruFocus Google Sheets Tools,0.035062674432992935,neutral
2022-04-13,Facebook parent Meta set to take nearly 50% cut from virtual sales — and Apple is calling it out,-0.6436278000473976,negative
2022-04-13,Apple (AAPL) Outpaces Stock Market Gains: What You Should Know,0.14487935416400433,neutral
2022-04-14,Warren Buffett Says He Is in Great Health With No Plans to Step Down as Berkshire CEO,0.008866813033819199,neutral
2022-04-14,Citizen Cope on music streaming: ‘This is a whole new kind of paradigm’,0.057907192036509514,neutral
2022-04-14,Why Apple Stock Fell Today,-0.5931336618959904,negative
2022-04-15,"2 Reasons to Buy ExxonMobil, and 1 Reason to Hesitate",0.04458738211542368,neutral
2022-04-15,3 Things About Snap That Smart Investors Know,0.019545916467905045,neutral
2022-04-15,How streaming platforms like Spotify have created a 'new kind of paradigm' in music,0.2815389521420002,neutral
2022-04-16,2 Charts That Show Why It's Time to Buy the Dip in Meta Platforms' Stock,0.16764744743704796,neutral
2022-04-16,Traders Can Clench the Power of Compounding Returns. Here's How,0.04455342888832092,neutral
2022-04-16,Another China Lockdown Threatens This Apple Product,-0.933546463958919,negative
2022-04-18,7 of the Top EV Stocks from the DRIV ETF,0.14113089069724083,neutral
2022-04-18,CNN+ needs a Jennifer Aniston moment to save it from Quibi’s fate,0.15733873285353184,neutral
2022-04-18,"4 Top Stock Trades for Tuesday: TWTR, TGT, CVX, AAPL",0.02245471626520157,neutral
2022-04-19,"Streaming: 61% of viewers believe their subscriptions are too expensive, report says",-0.8763987123966217,negative
2022-04-19,Apple (AAPL) Gains But Lags Market: What You Should Know,0.11848722770810127,neutral
2022-04-19,How did Netflix lose subscribers in 2022?,-0.5299570225179195,negative
2022-04-20,Tech’s Endless Growth Machine Sputters as Investors Lose Faith,-0.9260994670912623,negative
2022-04-20,Markets check: Stocks mixed as Netflix weighs down the Nasdaq,-0.9454582668840885,negative
2022-04-20,Netflix running ads may have one big downside effect: analyst,-0.7406173646450043,negative
2022-04-21,"Snap Says Quarterly Revenue Misses Estimates, Citing Ukraine War",-0.9550607688724995,negative
2022-04-21,Analyst on social media platforms: ‘Copycatting TikTok is a big trend right now’,-0.03683410584926605,neutral
2022-04-21,"Heading Into Its Q3, Is Microsoft (MSFT) A Buy?",0.03293526545166969,neutral
2022-04-22,Dow Jones Futures: Bears Hunt Down Market Bulls; What Investors Should Do Now,-0.044812025502324104,neutral
2022-04-22,"Activision Union Bid Will Go to a Vote, Labor Board Orders",-0.03567234240472317,neutral
2022-04-22,Apple Is the Last FAANG Standing,-0.07320130988955498,neutral
2022-04-23,Unions are on the rise. Guess why.,-0.5035289004445076,negative
2022-04-23,"Stocks Will Shake Off Gloom and Shine, Defiance’s Jablonski Says",0.633585624396801,positive
2022-04-24,"How Netflix’s Awful Week Mars Its 20,000% Climb in Four Charts",0.005629792809486389,neutral
2022-04-24,Dow Jones Futures Fall After Bears Hunt Down Market Bulls; Twitter Warms To Elon Musk Bid,-0.8118355236947536,negative
2022-04-24,Dow Jones Futures Loom After Bears Hunt Down Market Bulls; What To Do Now,-0.18902874737977982,neutral
2022-04-25,Meta creating a physical building for its metaverse products,0.08595653623342514,neutral
2022-04-25,"Facing Adversity, Can Apple (AAPL) Deliver In Q2?",0.5323248151689768,positive
2022-04-25,"Some FAANG names ‘are still high-growth internet companies,’ portfolio manager says",0.1477520912885666,neutral
2022-04-26,Hynix Profit More Than Doubles After Strong Server Memory Demand,0.9186709225177765,positive
2022-04-26,"Asian Stocks Down, China COVID Lockdowns, and Fed’s Hawkish Stance Dampen Mood",-0.8747429326176643,negative
2022-04-26,Apple is seeking entrepreneurs of color for its green technology accelerator program,0.16852401848882437,neutral
2022-04-27,"Stocks: We're 'nearing peak bear sentiment' on Big Tech, analyst says",0.12411665916442871,positive
2022-04-27,"Asian Stocks Up, More Chinese Pledges of Economic Support Boost Sentiment",0.8948000781238079,positive
2022-04-27,Apple trusts you to fix your own iPhone now,0.07364872470498085,neutral
2022-04-28,Apple Says Covid-19 Lockdowns in China Loom Over Sales,-0.9376793876290321,negative
2022-04-28,"U.S. Equity Futures Fall as Amazon, Apple Sap Mood: Markets Wrap",-0.9037184193730354,negative
2022-04-28,It ‘Felt Fishy’: Game Operator Rebuffed Fake Data Request,-0.6545325294137001,negative
2022-04-29,3 Best Big Tech Stocks to Buy Now,0.09061387740075588,neutral
2022-04-29,Big Tech Couldn’t Save the Stock Market. 5 Things We Learned From Tech Earnings.,0.07108145020902157,neutral
2022-04-29,Apple and the Rest of Big Tech Couldn’t Save the Stock Market,-0.6891598310321569,negative
2022-04-30,Buy These 2 Streaming Video Stocks Instead of Netflix,-0.024522604420781136,neutral
2022-04-30,12 Safe Stocks To Buy For Beginner Investors,0.040414655581116676,neutral
2022-04-30,Warren Buffett: We didn't repurchase any Berkshire stock in April,0.007831664755940437,neutral
2022-05-01,Spotify Stock Sell-Off: The Truth Behind the Headlines,-0.1524069868028164,neutral
2022-05-01,"Lockdowns and supply chain disruption to accelerate Apple's move away from China, with India a likely beneficiary, analysts say",-0.1062937080860138,negative
2022-05-01,Ford Motor Is Still Not a Tech Stock,-0.007044024765491486,neutral
2022-05-02,U.S. Futures Dip Ahead of Asia Open; Dollar Steady: Markets Wrap,-0.8684681504964828,negative
2022-05-02,The EU Accuses Apple of Abusing Its Mobile Payments Power,-0.8908344209194183,negative
2022-05-02,PayPal Helped Spur EU Antitrust Complaint Against Apple Payments,0.43137116730213165,positive
2022-05-03,"What a Peloton Acquisition Would Mean for Apple, Amazon or Nike",0.03028105106204748,neutral
2022-05-03,From Amazon to Yelp: The companies taking a stand on reproductive rights,0.0027901194989681244,neutral
2022-05-03,Generals Marching Without Soldiers,-0.09173145517706871,neutral
2022-05-04,Why Star Wars Day is the most successful fake holiday,0.04458509758114815,neutral
2022-05-04,Streaming wars: How much money each company spends on content,-0.0605184230953455,neutral
2022-05-04,"Dow Jones Futures: Stock Market Soars As Powell Rules Out Even-Bigger Fed Rate Hikes; Apple, Exxon Flash Buy Signals",0.02391037344932556,neutral
2022-05-05,Microsoft is using “Fortnite” to fuel its cloud gaming growth,0.18310029059648514,neutral
2022-05-05,Apple pours millions into Oakland’s CNote platform to support minority-owned businesses,0.439638439565897,neutral
2022-05-05,Here’s Why Alphabet Stock Near Its 2022 Low is Tempting,-0.6576984152197838,negative
2022-05-06,Dow Jones Futures: Market Correction Extends Sell-Off; Why Apple Stock Is An 'Absolute Loser',-0.9364182529971004,negative
2022-05-06,Investors Are Bullish on These 10 Stocks Today,0.49660807475447655,positive
2022-05-06,Dow Jones Futures: Apple An 'Absolute Loser' In Market Correction; 5 Resilient Stocks,-0.6767949014902115,negative
2022-05-07,First U.S. Apple store union election is set for early June,-0.10868382453918457,neutral
2022-05-07,2 Top 5G Stocks to Buy in May,0.05621189624071121,neutral
2022-05-07,2 Top Buffett Stocks to Buy and Hold for the Long Haul,0.11412699334323406,neutral
2022-05-08,Apple's Services Business Has Never Been More Important,0.1636328250169754,neutral
2022-05-08,Dow Jones Futures Loom For Volatile Market Correction; Why Apple Is An 'Absolute Loser',-0.7459532860666513,negative
2022-05-08,Dow Jones Futures Fall As Market Correction Extends Losses; Why Apple Is An 'Absolute Loser',-0.9484295779839158,negative
2022-05-09,China’s Other Gaming Giant Is Quietly Snapping Up Global Talent,0.11033850163221359,neutral
2022-05-09,3 Tech Stocks Investors Shouldn't Lose Sleep Over,-0.018043849617242813,neutral
2022-05-09,Match sues Google after being refused the same app-store treatment as Spotify,-0.9271109336987138,negative
2022-05-10,Early Money: A newly unveiled startup is helping scientists clean up artificial intelligence data,0.30573147535324097,neutral
2022-05-10,Dow Jones Futures: Techs Rise In Volatile Stock Market Action; Has Inflation Fever Peaked?,-0.8902927301824093,negative
2022-05-10,Car-Sharing Startup Getaround Nears InterPrivate SPAC Merger,0.25874772388488054,neutral
2022-05-11,"Google’s Android 13 coming later this year with Wallet app, improved security",0.90844118129462,positive
2022-05-11,Google Devices Chief Says ‘Ambient Computing’ Is Future Goal,0.14979355782270432,neutral
2022-05-11,Disney earnings ‘a sigh of relief’ after Netflix's subscriber loss: Analyst,-0.13085836172103882,negative
2022-05-12,Apple Is No Longer World’s Most Valuable Company,-0.35146452113986015,neutral
2022-05-12,Bear Markets Are a Goldmine for Long-Term Investors,0.04478398710489273,neutral
2022-05-12,7 Bargain Stocks to Buy After the Selloff,0.03580651804804802,neutral
2022-05-13,"Apple, Microsoft, and Google want you to go passwordless. Here’s what that means",-0.032118385657668114,neutral
2022-05-13,Apple AirPods Max vs. Sony WH-1000XM5: Which Premium Headphones Deserve a Look,0.24393137451261282,neutral
2022-05-13,Tech groups cut jobs and risk-taking in new reality of market rout,-0.932219154201448,negative
2022-05-14,3 Warren Buffett Stocks to Buy in a Market Crash,0.11931876093149185,neutral
2022-05-14,Apple Loses One of The Most Coveted Crown on The planet,-0.7620788291096687,negative
2022-05-14,Apple Loses A Major Title,-0.8137181047350168,negative
2022-05-15,Faangs Find Little Comfort in What Charts Suggest Lies Ahead,-0.1928168684244156,neutral
2022-05-15,The Top 5 Dow Stocks to Buy Now,0.056072911247611046,neutral
2022-05-15,Dow Futures Tick Higher After Losing Week,0.6463096439838409,positive
2022-05-16,Powerbeats Pro are Just $180 on Amazon,-0.048963289707899094,neutral
2022-05-16,Starbucks just became the latest company to cover employees’ abortion travel costs. Here are the companies that have pledged to do the same.,0.03863309696316719,neutral
2022-05-16,"Buffett Ups Chevron, Apple Holdings, Adds 8 Stakes in Q1",0.05431202054023743,neutral
2022-05-17,The consumer has ‘really been that stronghold for the economy’: Strategist,0.013853639364242554,neutral
2022-05-17,7 Warren Buffett Stocks to Buy After Berkshire’s Annual Meeting,0.054754212498664856,neutral
2022-05-17,Apple Executive Who Left Over Return-to-Office Policy Joins Google AI Unit,-0.25192961283028126,neutral
2022-05-18,"Apple Is Union-Busting In NYC, Labor Group Alleges",-0.944056442938745,negative
2022-05-18,Warren Buffett Bought More of These 3 Stocks in 2022,0.1219430984929204,neutral
2022-05-18,Dow Jones Futures Fall After Target Triggers Sell-Off; Market Rally Has 90% Chance Of Doing This,-0.6456624418497086,negative
2022-05-19,Samsung Struggles to Go Green in Coal-Addicted South Korea,-0.5207908898591995,negative
2022-05-19,"Top Analyst Reports for Apple, Berkshire Hathaway, &amp; S&amp;P Global",0.028119374066591263,neutral
2022-05-19,"Meta defends its gamble on the metaverse, says it'll be worth $3 trillion",0.21729261707514524,neutral
2022-05-20,Megacap tech stocks suffered the most under this week's sell-off,-0.9627255350351334,negative
2022-05-20,3 Stocks to Buy the Dip Now,0.0981476865708828,neutral
2022-05-20,"Dow Jones Futures: Market Extends Losing Streak, Tesla Breaks Down; What You Must Do Now",-0.23305505141615868,neutral
2022-05-21,"Investors still love Cathie Wood, but hate the best-performing sector of the year",-0.9061846537515521,negative
2022-05-21,Apple Looks Closer at India and Vietnam to Boost Production: Report,0.9112632321193814,positive
2022-05-21,Better Buy: Apple vs. Alphabet,0.3001043237745762,neutral
2022-05-22,3 Divergent Stocks to Sell Right Now,-0.005941838026046753,neutral
2022-05-22,Looking for Tech Stocks? These 3 Are Great Buys.,0.24088668171316385,neutral
2022-05-22,Dow Jones Futures Rise After 'Hard' Reality Hits Market Correction; What To Do Now,-0.24594025686383247,neutral
2022-05-23,The Awful Year of Tech's Safe Stars,-0.48233794420957565,negative
2022-05-23,"Apple Is Seeing Strong China Demand for iPhones, Analyst Survey Finds",0.9410646557807922,positive
2022-05-23,Apple Stock Is a Buy Despite Its Flaws,0.6646471563726664,positive
2022-05-24,Why Apple Escaped Tuesday's Tech Stock Meltdown,-0.45678748190402985,negative
2022-05-24,7 Safe Stocks to Buy and Hold Onto Forever,0.06728282570838928,neutral
2022-05-24,Google Chrome more vulnerable to phishing attacks than Firefox,-0.015259616076946259,neutral
2022-05-25,Apple’s Stock Can’t Keep Up With the Market. iPhone Doubts May Be Why.,-0.9322897819802165,negative
2022-05-25,Apple lost another key member of its car project — this time to Luminar,-0.5387502387166023,negative
2022-05-25,7 Warren Buffett Stocks to Be Just Like Berkshire,0.0676207635551691,neutral
2022-05-26,"UPDATE 1-U.S. bill would bar Google, Apple from hosting apps that accept China's digital yuan",-0.7042191494256258,negative
2022-05-26,"Apple Memorial Day Deals: Save on Apple Watch, AirPods, iPad, and Mac",0.0291228536516428,neutral
2022-05-26,TREASURIES-U.S. Treasury yields steady on slower growth outlook,-0.41450104117393494,negative
2022-05-27,Snap earnings data ‘doesn’t do well for confidence’: Sir Martin Sorrell,-0.6044750772416592,negative
2022-05-27,"Snap, VMware, Macy’s: Stocks That Defined the Week",0.000945650041103363,neutral
2022-05-27,"Apple Atlanta Workers Drop Bid for Union Vote Next Week, Claiming Intimidation",-0.9273271430283785,negative
2022-05-28,The top 10 highest paid CEOs of the Fortune 500,0.11703042313456535,neutral
2022-05-28,7 Warren Buffett Stocks to Buy in June and Hold for Years,0.03589173033833504,neutral
2022-05-28,Is Apple an Excellent Dividend Stock to Buy?,0.1506474008783698,neutral
2022-05-29,3 Cash Cow Tech Stocks to Buy Now,0.08897022157907486,neutral
2022-05-29,The 2 Smartest Tech Stocks to Buy in 2022 and Beyond,0.30070068314671516,neutral
2022-05-30,China Is Leading the Global Decline in Venture Capital Deals,-0.9582434333860874,negative
2022-05-30,10 Best Dividend Stocks According to Tom Russo’s Gardner Russo &amp; Gardner,0.07715862151235342,neutral
2022-05-30,Hedge Funds Love These 10 Value Stocks,0.015196720138192177,neutral
2022-05-31,"Apple Stock Sees Relative Strength Upgrade, But Still Under Key Technical Benchmark",0.9069609753787518,positive
2022-05-31,Dow Jones Dips As Apple Rallies; Tesla Stock Stalls Despite Bullish Call; 3 Oil Stocks Pass Buy Points,-0.8595171794295311,negative
2022-05-31,FTC’s Antitrust Probe of Amazon Picks Up Speed Under New Boss,0.8891586661338806,positive
2022-06-01,"Affirm faces BNPL headwinds, Microsoft launches new laptop, United Airlines expands pilot training",0.5959670841693878,positive
2022-06-01,Warren Buffett Was Right About These 5 Stocks,0.03624315187335014,neutral
2022-06-01,Apple (AAPL) Stock Moves -0.09%: What You Should Know,-0.011558447033166885,neutral
2022-06-02,Apple to improve working hours for retail staff - Bloomberg News,0.05475670099258423,neutral
2022-06-02,UPDATE 2-Apple to improve working hours for retail staff - Bloomberg News,0.26419829204678535,neutral
2022-06-02,Why Block's Apple News Juiced Its Stock Price Today,-0.48597778379917145,negative
2022-06-03,Apple Was the Worst Stock in the Dow Friday,-0.9378025308251381,negative
2022-06-03,"Oakland’s CNote hits milestone raising millions from Apple, Netflix, others to support minority-owned businesses",0.850561436265707,positive
2022-06-03,10 Tech Stocks Making Headlines on Friday,0.09087974950671196,neutral
2022-06-04,Edelman CEO advice to others: Beware of the 'pushback against wokeness',0.005592331290245056,neutral
2022-06-04,"Dow Jones Futures: What To Do As Market Rally Falls, Holds Key Levels; Apple News On Tap",-0.24536596611142159,neutral
2022-06-04,Apple’s WWDC 2022 event: Here’s what to expect,0.010638445615768433,neutral
2022-06-05,Apple's Mysterious New Headset is Only a Year Away,0.050523072481155396,neutral
2022-06-05,Apple Prepares to Challenge Facebook,0.07144130580127239,neutral
2022-06-05,Dow Jones Futures Rise: Market Rally Looks To Rebound; Apple News On Tap,0.7978717610239983,positive
2022-06-06,3 Tech Stocks Investors Should Always Buy During Market Weakness,0.03169935382902622,neutral
2022-06-06,"Factbox - Apple's next-gen CarPlay with widgets, greater integration",0.20511271432042122,neutral
2022-06-06,Apple's WWDC 2022: Everything Apple announced,0.034943501465022564,neutral
2022-06-07,Apple CEO Tim Cook on remote work: 'the mother of all experiments',-0.0203201062977314,neutral
2022-06-07,Affirm CEO Says He’s Not Worried About Apple’s Pay Later Rival,0.03120601177215576,neutral
2022-06-07,"No VR, but Apple shows OS vision",0.0029309317469596863,neutral
2022-06-08,Apple sidelines Goldman and goes in-house for new lending service,0.010846205055713654,neutral
2022-06-08,UPDATE 1-Apple to fund pay-later loans off its own balance sheet,0.27203408256173134,neutral
2022-06-08,Apple sidelines Goldman Sachs and goes in-house for lending service,0.002310248091816902,neutral
2022-06-09,7 Stocks Under $50 to Buy and Hold Forever,0.03397020325064659,neutral
2022-06-09,Why the Shine Was Off Apple Stock Today,-0.3275950253009796,neutral
2022-06-09,TSMC’s $100 Billion Wipeout Fails to Faze Bullish Analysts,-0.8054388463497162,negative
2022-06-10,Exxon May Be Making ‘More Than God.’ But Apple and Alphabet Are More Profitable.,0.0712603647261858,neutral
2022-06-10,Apple's app store to allow more payment options for Dutch dating app developers,0.5388212976977229,positive
2022-06-10,UPDATE 1-Apple's app store to allow more payment options for Dutch dating app developers,0.719794980250299,positive
2022-06-11,UPDATE 1-Dutch watchdog says Apple to offer other payment methods in dating apps,0.3060968751087785,neutral
2022-06-11,3 Unstoppable Growth Stocks to Buy in the  Stock Market Sell-Off,0.4541577138006687,positive
2022-06-11,Zuckerberg and Facebook Parent Meta Suffer Another Setback,-0.9547494677826762,negative
2022-06-12,Staying the Course With FuboTV Stock May be the Least Bad Option,-0.3962525278329849,neutral
2022-06-12,Apple Is Delving Into ‘Buy Now Pay Later.’ These Other Stocks Might Be the Best Ways to Play the Trend.,0.06713198125362396,neutral
2022-06-12,Apple Needs ‘One More Thing’—and It Will Have to Be Big,-0.06642480194568634,neutral
2022-06-13,Berkshire Hathaway’s Equity Portfolio Loses An Estimated $65 Billion So Far in This Quarter,-0.9634311441332102,negative
2022-06-13,Why Apple Could Still Go Lower,-0.014013610780239105,neutral
2022-06-13,"S&amp;P 500 closes in bear market territory, bond markets move higher",0.37848763167858124,positive
2022-06-14,Is It Time to Drop Apple Stock Amid Supply Chain Chaos?,-0.9299115380272269,negative
2022-06-14,Apple (AAPL) Gains As Market Dips: What You Should Know,0.10522690042853355,neutral
2022-06-14,S&amp;P 500 Hits Bear Market Territory,-0.6424955651164055,negative
2022-06-15,Apple (AAPL) CEO Tim Cook Backs Privacy Legislation,-0.47282998636364937,negative
2022-06-15,Is Tesla Just Another Car Company?,-0.08926770836114883,neutral
2022-06-15,Facebook Ad Rates Are Falling in Yet Another Problem for Meta,-0.9480597330257297,negative
2022-06-16,Apple lining up land to expand North Austin campus,0.42829286213964224,neutral
2022-06-16,7 No-Brainer Blue-Chip Stocks to Buy if You Have Money to Invest,0.02748572826385498,neutral
2022-06-16,China’s No. 2 Online Mall Warns Consumer Recovery Months Away,-0.8695989474654198,negative
2022-06-17,Alphabet Stock is Your Best Option Among the FAANGs,0.04669555276632309,neutral
2022-06-17,"Buy, Sell, or Hold SoFi Stock After Apple’s Announcement?",-0.013338802382349968,neutral
2022-06-17,Here's Where Investors Took Cover in Miserable Week for Tech Stocks,-0.0013827383518218994,neutral
2022-06-18,Should You Buy Alphabet Ahead of Its Stock Split?,0.03780966438353062,neutral
2022-06-18,Netflix Must Do This to Succeed in Video Games,0.23959963722154498,neutral
2022-06-18,"Have $1,000? Then Buy These Top Stocks Right Now",0.01787698082625866,neutral
2022-06-19,Anna Nikolayevsky Is Selling Off Roblox and These 9 Stocks,0.02576981484889984,neutral
2022-06-19,"Apple workers at Maryland store vote to unionize, but many hurdles remain",-0.8556468654423952,negative
2022-06-19,Upstart China Smartphone Maker Cracks Notoriously Tough India,-0.9445157591253519,negative
2022-06-20,Apple (AAPL) Outpaces Stock Market Gains: What You Should Know,0.14487935416400433,neutral
2022-06-20,"Top Stock Reports for Apple, NVIDIA &amp; McDonald's",0.01818431355059147,neutral
2022-06-20,US Sanctions Helped China Supercharge Its Chipmaking Industry,-0.2770730257034302,negative
2022-06-21,Mint Mobile owner Ryan Reynolds on lowering cell phone plan prices: ‘Pragmatic is really sexy’,0.49327902868390083,positive
2022-06-21,Shonda Rhimes talks the future of streaming and 'Amish summer' parenting,0.02311752550303936,neutral
2022-06-21,Apple Union Getting Calls From ‘All Over’ After Win in Maryland,0.0968848168849945,positive
2022-06-22,"‘Left Behind’ Tech Workers Ready to Embrace Labor, Union Says",0.07410258054733276,neutral
2022-06-22,‘A cold dark place’ — Michael Burry thinks the market has plenty of room to plunge. But he finally sees value in these 4 stocks,0.10889717191457748,neutral
2022-06-22,TheStreet.com's AAP Team Discusses Apple and More,0.006703929975628853,neutral
2022-06-23,7 Stocks to Buy Right Now,0.016121499240398407,neutral
2022-06-23,"Dow Futures Ease After Positive Session, FedEx Reports",-0.5557141900062561,negative
2022-06-23,Chipotle Workers Push to Form Union at Maine Location,-0.22731183469295502,neutral
2022-06-24,Why Apple and Alphabet Stocks Popped on Friday,-0.011506326496601105,neutral
2022-06-24,Here's how Silicon Valley's companies are responding to the Supreme Court decision on Roe,0.02214122749865055,neutral
2022-06-24,7 Top Metaverse Stocks with Massive Potential,0.055497586727142334,neutral
2022-06-25,Quantum Computing Could Solve the World’s Energy Crisis,0.2658870406448841,neutral
2022-06-25,FuboTV’s Latest Hires Point to Future Growth,0.7374384943395853,positive
2022-06-25,2 Red Flags for Meta Platforms' Future,0.2842225953936577,neutral
2022-06-26,2 No-Brainer Warren Buffett Stocks to Buy Now and Hold Forever,0.06353543512523174,neutral
2022-06-26,Market Plunge 2022: 3 Absolute Bargains Begging to Be Bought,-0.11739058047533035,neutral
2022-06-26,‘A cold dark place’ — Michael Burry thinks the market has plenty of room to plunge. But he finally sees value in these 4 stocks,0.10889717191457748,neutral
2022-06-27,Movie studios look to cut production amid supply chain woes,-0.9602901441976428,negative
2022-06-27,"As Customers Spend Less, Companies' Balance Sheets Become More Important",-0.23776469379663467,neutral
2022-06-27,Apple (AAPL) Flat As Market Sinks: What You Should Know,-0.03670146316289902,neutral
2022-06-28,"'Buy now, pay later' is controversial — here are some alternatives",-0.17024066299200058,neutral
2022-06-28,Samsung Acquires German OLED Display Startup Cynora,0.07143031619489193,neutral
2022-06-28,Why Apple Was a Sour Stock on Tuesday,-0.6876870207488537,negative
2022-06-29,"A U.S. FCC commissioner urges Apple, Google to boot TikTok from app stores",-0.7920032013207674,negative
2022-06-29,Apple celebrates 15-year anniversary of the iPhone,0.0811616275459528,neutral
2022-06-29,FCC’s Commissioner Carr Wants TikTok Yanked From Apple and Google App Stores,-0.8513022344559431,negative
2022-06-30,"When in Doubt, Zoom Out; Bear Markets Are a Goldmine",0.03523040935397148,neutral
2022-06-30,Oracle Quietly Adds Abortion Travel Reimbursement Benefits,0.18201134726405144,neutral
2022-06-30,Former Apple lawyer pleads guilty over insider trading scheme,-0.7141509838402271,negative
2022-07-01,Alphabet's (GOOGL) Google Docs to Bring eSignature Feature,0.19608859717845917,neutral
2022-07-01,President Biden will posthumously award Steve Jobs the Presidential Medal of Freedom,0.12983262352645397,neutral
2022-07-01,Texas Instruments Stock Is Trading at a Discount,-0.023201806470751762,neutral
2022-07-02,‘It’s so horrible that I want to buy it’ — Jim Cramer likes these 2 crushed tech stocks that are still posting white-hot revenue growth,0.048824213445186615,neutral
2022-07-02,Will the Apple and MLS Deal Attract a New Generation?,0.22314893268048763,neutral
2022-07-02,Here Are 2 of the Best Stocks to Buy if the U.S. Avoids a Recession,0.05926377512514591,neutral
2022-07-03,"Learn This Investing Lesson, And You'll Have the Key to Success",0.1589020937681198,neutral
2022-07-03,Worried About Personal Data Leaks? Here’s How to Lock Down Your Phone,-0.12195438146591187,neutral
2022-07-04,Will Apple TV+ Ever Become Profitable?,0.10412257071584463,neutral
2022-07-04,9 China Rebound Stocks to Buy According to Jim Cramer,0.6974388994276524,positive
2022-07-04,Headwinds Will Slow Growth for Meta; Should Investors Sell Now?,-0.9060889156535268,negative
2022-07-05,5-Star Analyst Lays Out the Bullish Case for Apple Stock,0.17571408301591873,neutral
2022-07-05,Big Tech’s Bounceback Is a Glimmer of Hope After Steep Selloff,0.6619329825043678,positive
2022-07-05,Apple (AAPL) Outpaces Stock Market Gains: What You Should Know,0.14487924240529537,neutral
2022-07-06,7 Oversold Stocks to Buy in July 2022,-0.9110481329262257,negative
2022-07-06,The 7 Best Investments for the Second Half of 2022,0.10078773647546768,neutral
2022-07-06,Meta Plans to Call New Virtual Reality Headset the ‘Quest Pro’,0.10883358865976334,neutral
2022-07-07,Why Snap Stock Is Up 14.7% This Week,0.8285791464149952,positive
2022-07-07,7 Best Robinhood Stocks to Buy in July,0.0805179588496685,neutral
2022-07-07,3 Proven Stocks Investors Should Buy Amid a Market Rebound,0.2461144383996725,neutral
2022-07-08,NFL is seeking a streaming platform to host its Sunday Ticket,0.12673526257276535,neutral
2022-07-08,The Best Amazon Prime Day Earbuds and Headphones Deals,0.0957477604970336,neutral
2022-07-08,Weekly Roundup,-0.060553889721632004,neutral
2022-07-09,2 Reddit Stocks to Buy and Hold for Years,0.03742077387869358,neutral
2022-07-09,Apple ID Sharing Can Make a Digital Mess. Here’s How to Clean It Up,-0.09424479305744171,neutral
2022-07-09,Tim Cook Snubs Tesla and Elon Musk With a Big Rival,-0.26098908856511116,neutral
2022-07-10,Tech’s Red-Hot Hiring Spree Shows Signs of Cooling,-0.8226300701498985,negative
2022-07-10,5 Best Stocks to Buy if You Have $100 to Spend,0.024202268570661545,neutral
2022-07-10,Stock market: Here's what usually happens after a 20% plunge,-0.047927992418408394,neutral
2022-07-11,"PC industry suffered worst decline in years, but how bad it is depends on Apple",-0.9408132918179035,negative
2022-07-11,Apple (AAPL) Dips More Than Broader Markets: What You Should Know,-0.2812502235174179,neutral
2022-07-11,macOS Ventura Preview: Productivity is Front and Center,0.041575634852051735,neutral
2022-07-12,7 Tech Stocks Trading at a Terrific Discount Right Now,0.08947562426328659,neutral
2022-07-12,Try GuruFocus in Dark Mode,-0.01533493585884571,neutral
2022-07-12,Why Apple Stock Was a Market-Beater Today,-0.2508643791079521,neutral
2022-07-13,CNBC picks North Carolina as best state for business,0.6910517886281013,positive
2022-07-13,"TikTok Use by Military Poses Security Risk, US Regulator Testifies",-0.26992448046803474,neutral
2022-07-13,Job layoffs circulate throughout tech industry,-0.9410752160474658,negative
2022-07-14,Apple Stock: Intriguing Value Amid Market Storm,0.24281547218561172,neutral
2022-07-14,Memory Chipmaker SK Hynix Weighs Slashing Spending by a Quarter in 2023,-0.9534645760431886,negative
2022-07-14,7 Best S&amp;P 500 Stocks to Buy in July,0.11300341784954071,neutral
2022-07-15,Apple urges federal court to throw out App Store injunction in Epic case,-0.864091694355011,negative
2022-07-15,NFL considers Apple TV+ as a host for Sunday Ticket streaming,0.07146112155169249,neutral
2022-07-15,Weekly Roundup,-0.060553889721632004,neutral
2022-07-16,How Elon Musk stacks up to history's other idiosyncratic CEOs: Morning Brief,0.0327902976423502,neutral
2022-07-16,The Metaverse Still Deserves Your Attention. Here’s Why.,0.008830774575471878,neutral
2022-07-16,"Kohls, Walmart and Other Large Retailers Ready for Back to School",0.03340354189276695,neutral
2022-07-17,Is Peloton Interactive Stock a Buy?,0.044216107577085495,neutral
2022-07-17,7 Undervalued Tech Stocks With Dividends to Buy Now to Retire Rich,-0.18432578444480896,neutral
2022-07-17,2 Warren Buffett Stocks You'll Wish You'd Bought on the Dip,0.0792457778006792,neutral
2022-07-18,"How to Explain the Metaverse, According to Its Biggest Booster",0.024942103773355484,neutral
2022-07-18,Apple Joins Fellow Tech Giants in Putting a Lid on Hiring,0.08145662769675255,neutral
2022-07-18,7 Stocks in Bargain-Then-Bounce Territory,-0.07353229820728302,neutral
2022-07-19,Big Tech Antitrust Bill Backers Push for Vote,0.08511199057102203,neutral
2022-07-19,7 Blue-Chip Stocks to Sell Before They Fall,-0.16489406302571297,neutral
2022-07-19,Netflix sheds 1 million users in Q2 — why one analyst says that's still 'good' news,-0.22730442881584167,negative
2022-07-20,"Microsoft, Google Are Latest Tech Giants to Hit Brakes on Hiring",-0.1798185408115387,neutral
2022-07-20,Snap’s Earnings Are Thursday. All Eyes Are On Its Outlook.,-0.05946085974574089,neutral
2022-07-20,Apple (AAPL) Outpaces Stock Market Gains: What You Should Know,0.14487935416400433,neutral
2022-07-21,Snap Plunges After Advertiser Slump Crushes Quarterly Sales,-0.9418124398216605,negative
2022-07-21,Snap Stock Is Down by Double Digits After Earnings. Meta Platforms Drops Too.,-0.961723976302892,negative
2022-07-21,"QCOM Stock, Apple Surge Off Lows Ahead Of Quarterly Earnings Reports",-0.7688944712281227,negative
2022-07-22,Not All Tech CEOs Are Created Equal. Here Are Some of the Best.,0.018523937091231346,neutral
2022-07-22,"Dow Jones Futures: Apple Earnings, Fed Rate Hike Headline Huge Market Week; What To Do Now",-0.4942491017282009,negative
2022-07-22,Weekly Roundup,-0.060553889721632004,neutral
2022-07-23,"Apple, Amazon, Meta Highlight Tech-Heavy Earnings Week",-0.0014592036604881287,neutral
2022-07-23,"Apple Outperforms Market, But Are Big Growth Days in the Past?",-0.02414308488368988,neutral
2022-07-23,Impatience Can Be Costly During Bear Markets,-0.4982411880046129,negative
2022-07-24,U.S. Stocks Poised for Lower Open on Monday,-0.9134219288825989,negative
2022-07-24,"Dow Jones Futures Fall: Apple Leads Earnings Wave, Fed Rate Hike Looms; What To Do Now",-0.4068549908697605,neutral
2022-07-24,"Here are the biggest trailers from Comic-Con 2022, including ‘Wakanda Forever’",0.004368456080555916,neutral
2022-07-25,Snap Stock Nets Yet Another Downgrade. TikTok Poses a Growing Threat in Advertising.,-0.9491573423147202,negative
2022-07-25,A 3-Day Tech Earnings Deluge Begins. Here Are the Key Issues to Track.,-0.07515685632824898,neutral
2022-07-25,7 Tech Stocks to Buy on the Dip,0.15867190062999725,neutral
2022-07-26,"Stock Market Investing Action Plan: Fed Vote, Apple, Amazon, Google Earnings",0.03207315504550934,neutral
2022-07-26,Google Reassures Wall Street With Ad Business Showing Resilience,0.9272619243711233,positive
2022-07-26,7 Dow Stocks Trading at a Huge Discount Right Now,-0.0310991108417511,neutral
2022-07-27,Qualcomm’s Guidance Falls Short. The Stock Is Dropping,-0.7776207132264972,negative
2022-07-27,Best Buy earnings: Retailer becomes latest to badly whiff on profits as recession fears rise,-0.9143578186631203,negative
2022-07-27,"Dow Jones Futures: Market Rallies Strongly As Powell Hints At Slower Fed Rate Hikes; Meta, Qualcomm Lead Earnings",0.8139265552163124,positive
2022-07-28,GuruFocus Feature Highlight: Financial Glossary and Term Pages,-0.02139369398355484,neutral
2022-07-28,Apple ekes out revenue growth on iPhone sales and services,0.915266196243465,positive
2022-07-28,Phone Shipments Plunge to Pandemic Lows as Demand Ebbs,-0.9524642126634717,negative
2022-07-29,"Amazon's ad business could grow bigger than AWS, analyst argues",0.852892623282969,positive
2022-07-29,"Dow Jones Futures: Stock Market Rally Passes Inflection Point; Apple, Exxon Flash Buy Signals",0.568932518362999,positive
2022-07-29,Weekly Roundup,-0.060553889721632004,neutral
2022-07-30,The Smartest Investors Know About This 1 Key Development at Qualcomm,0.2085355892777443,neutral
2022-07-30,"Big Tech shows its good to be big, as growth slowdown leads to stock gains while smaller rivals find only pain",0.8847859650850296,positive
2022-07-31,"Dow Jones Futures Fall: Stock Market Rally Bets On Just-Right Outlook; Apple, Exxon Flash Buy Signals",-0.15207284688949585,negative
2022-07-31,"Why Disney+ and Hulu are all you really need to stream in August 2022 (sorry, dragons)",0.0012202486395835876,neutral
2022-07-31,These Metaverse Stocks Are Best Positioned to Outperform,0.6281402204185724,positive
2022-08-01,"Amazon Hires Senior Senate Aide, Boosting Efforts to Stymie New Tech Antitrust Bill",0.8647626787424088,positive
2022-08-01,Tech antitrust bill vote postponed by Congress until end of summer,-0.4509540796279907,neutral
2022-08-01,"Apple raises $5.5 billion in debt after upbeat earnings, iPhone sales offset fears of a consumer pullback",0.8364044204354286,positive
2022-08-02,Alibaba and Tencent Face End of an Era as Sales Start to Shrink,-0.17487004399299622,neutral
2022-08-02,"5 Questions About Pelosi’s Taiwan Visit, Answered",0.01204855926334858,neutral
2022-08-02,"Stocks lower amid Chinese geopolitical tensions, Treasury yields boosted",-0.6832496523857117,negative
2022-08-03,Dow Jones Futures: Apple Leads Risk-On Market Rally; 5 Earnings Movers Near Buy Points,0.6129495948553085,positive
2022-08-03,Why Apple Stock Popped Today,-0.4253470040857792,negative
2022-08-03,Dow Jones Surges Amid Strong Data; Elon Musk Makes This Legal Move Amid Twitter Fight; Apple Stock Pops,0.2576019763946533,positive
2022-08-04,"Zacks Investment Ideas feature highlights: Apple, Exxon Mobil, and Microsoft",0.024352584034204483,neutral
2022-08-04,Luck — Apple takes on Pixar with tale of leprechauns and talking cats,0.058983512222766876,neutral
2022-08-04,7 Cheap Electric Vehicle Stocks to Buy Before They Boom,0.09300167951732874,neutral
2022-08-05,"Dow Jones Futures: Market Rally Resilient; Apple, Tesla, These 5 Chip Stocks Could Use This",0.7458727033808827,positive
2022-08-05,Advertising Is Still Going Strong. Apple Wants In.,0.6648555807769299,positive
2022-08-05,Weekly Roundup,-0.060553889721632004,neutral
2022-08-06,Eli Lilly Says Indiana Abortion Law Forces Hiring Out-of-State,-0.9226877521723509,negative
2022-08-06,Apple: Is Advertising the Next Big Revenue Generator? Analyst Weighs In,0.09510345570743084,neutral
2022-08-06,Could Apple Join Forces With Bitcoin?,0.14160402212291956,neutral
2022-08-07,"Dow Jones Futures Fall: Market Rally Resilient; Apple, Tesla, These 5 Chip Stocks Could Use This",0.7956124618649483,positive
2022-08-07,"Senate Passes Democrats’ Landmark Tax, Climate, Drugs Bill",0.6333777010440826,positive
2022-08-07,"Dow Jones Futures Loom: Market Rally Resilient; Apple, Tesla, These 5 Chip Stocks Could Use This",0.8166290009394288,positive
2022-08-08,"Markets close mixed, meme stocks accelerate gains",0.7175239622592926,positive
2022-08-08,"Tech product lifespans are bad for consumers, ‘huge problem’ for the environment: Expert",-0.7849872261285782,negative
2022-08-08,10 Best Dividend Growth Stocks to Buy in August,0.19205607287585735,neutral
2022-08-09,Walmart negotiates a potential streaming service deal,0.4157483847811818,neutral
2022-08-09,Dow Jones Futures: Inflation Report Due After Chips Hit Market Rally; Former Leader Soars On Guidance,0.03352934122085571,positive
2022-08-09,Unity-IronSource Deal Threatened by $20 Billion AppLovin Bid,-0.5952284950762987,negative
2022-08-10,Apple Ramps Up Its In-House Podcasting Efforts With Studio Deal,0.8733176346868277,positive
2022-08-10,Disney stock pops amid earnings beat and streaming subscriber growth,0.6121679097414017,positive
2022-08-10,Disney has 'out-Netflixed Netflix' and other streaming platforms: Analyst,-0.25713643804192543,neutral
2022-08-11,Enovix Stock Rockets As Next-Generation Battery Maker Hits Big Milestones,0.9007393978536129,positive
2022-08-11,"Dow Jones rises above markets losses, tech stocks lag in Thursday's session",-0.8459764309227467,negative
2022-08-11,Small Caps Begin to Rebound: 10 Stocks to Buy Now,0.40639372169971466,positive
2022-08-12,Weekly Roundup,-0.060553889721632004,neutral
2022-08-12,"New emojis debut, Google developers pressure Apple to update modern texting tech",-0.5765280574560165,negative
2022-08-12,Trader Joe’s Employees at Minneapolis Store Vote for Union,-0.11853422224521637,neutral
2022-08-13,Missed Out on the FAANG Stocks? Buy the CASH Stocks Instead.,-0.07862327247858047,neutral
2022-08-13,This Explosive Growth Stock Is a Bargain Buy Right Now,0.02844737097620964,neutral
2022-08-14,Dow Jones Futures Due: Market Rally Runs Up To Key Test; Here's What To Do Now,0.04662066325545311,neutral
2022-08-14,3 Companies That Could Be Worth $1 Trillion by 2032,0.06458088662475348,neutral
2022-08-14,Dow Jones Futures Fall: Market Rally Runs Up To Key Test; Here's What To Do Now,0.020170200616121292,neutral
2022-08-15,Apple Sets Return-to-Office Deadline of Sept. 5 After Covid Delays,-0.1150282435119152,neutral
2022-08-15,"Buffett Buys More Apple, Chevron, Occidental Petroleum, in Q2",0.15825276169925928,neutral
2022-08-15,Apple wants workers back in the office 3 days a week starting Sept. 5: reports,-0.3459474705159664,neutral
2022-08-16,"Top after-hours movers: Apple, Cassava Sciences, Canoo, Digital World Acquisition Corp.",0.04017294850200415,neutral
2022-08-16,Bill Gates and the Secret Push to Save Biden’s Climate Bill,0.12292909622192383,neutral
2022-08-16,Employers reaching out to candidates will be 'the new normal: ZipRecruiter CEO,0.16113750357180834,neutral
2022-08-17,"Dow Jones Futures: Market Rally Retreats, BBBY Stock Falls On This; Time To Bite Into Apple Stock?",-0.9101295927539468,negative
2022-08-17,Apple iPhone SE vs. Google Pixel 6a: Which Smartphone is Right For You?,0.05030965059995651,neutral
2022-08-17,Apple plans to unveil iPhone 14 at Sept. 7 event: report,0.016195224598050117,neutral
2022-08-18,"Update your devices: Apple discloses serious security vulnerabilities for iPhones, iPads and Macs",-0.6384603828191757,negative
2022-08-18,Is the Worst Over for Tech Stocks &amp; ETFs?,-0.09955792501568794,neutral
2022-08-18,"Apple warns of security flaw for iPhones, iPads and Macs",-0.918042279779911,negative
2022-08-19,"Stocks moving in after hours: Bed Bath &amp; Beyond, Apple, Tesla, Walmart, Target",0.023983333259820938,neutral
2022-08-19,Dow Jones Futures: What To Do As Market Rally Pulls Back; Warren Buffett Stock Breaks Out,-0.06465530395507812,neutral
2022-08-19,Weekly Roundup,-0.060553889721632004,neutral
2022-08-20,Stock Market Keeping You Up at Night? Buy These 2 Stable Tech Stocks,0.033248296007514,neutral
2022-08-20,Better Bear Market Buy: Apple vs. Microsoft,0.5268015563488007,positive
2022-08-20,Things Just Got Tougher for Peloton,-0.8885873258113861,negative
2022-08-21,"Dow Jones Futures Loom After Market Rally Retreats, Warren Buffett Stock Soars; Musk Makes FSD Move",-0.03512949496507645,neutral
2022-08-21,"Dow Jones Futures Fall As Market Rally Retreats, Warren Buffett Stock Soars; Musk Makes FSD Move",-0.835174910724163,negative
2022-08-21,"Dow Jones Futures: Market Rally Pulls Back, Warren Buffett Stock Soars; Elon Musk Makes This FSD Move",0.2504342496395111,neutral
2022-08-22,"Inflation in sports media 'is going to continue,' analyst says",-0.8939865045249462,negative
2022-08-22,"Stocks and sectors close lower on Monday, semiconductor stocks under pressure",-0.9600003408268094,negative
2022-08-22,Tech Layoffs Hit California Revenue With 12% July Shortfall,-0.9421390630304813,negative
2022-08-23,Apple (AAPL) Provides Self-Service Overhaul for Mac Notebooks,0.12066837027668953,neutral
2022-08-23,Apple employees push back against return-to-office mandate,-0.8810817413032055,negative
2022-08-23,"Dow Jones Futures: Market Rally Awaits Powell; Apple Carving Handle, 5 EV Plays Near Buy Points",0.5209400504827499,positive
2022-08-24,"Apple's Sept. 7 ""Far Out"" Event is Official, Here's What to Expect",-0.01169172115623951,neutral
2022-08-24,5 Best Websites To Research Stocks,0.12315041571855545,neutral
2022-08-24,Dow Jones Futures: Nvidia Leads Earnings Movers; Warren Buffett's Top Stock Has New Buy Point,0.32560935243964195,neutral
2022-08-25,Apple Impact Accelerator selects Minneapolis energy company Sagiliti,0.032188376411795616,neutral
2022-08-25,Apple's Entry-Level iPad Returns to $299 on Amazon,0.7722453698515892,positive
2022-08-25,Workers at Chipotle Store Unionize With Teamsters In Latest Labor Win,-0.8884369973093271,negative
2022-08-26,Weekly Roundup,-0.060553889721632004,neutral
2022-08-26,Dow Jones Futures: Market Rally Feels Fed Chief Powell's 'Pain'; What To Do Now,-0.5825914405286312,negative
2022-08-26,"Why Shopify, Amazon, and Apple Stocks Slumped Friday Morning",-0.9575285129249096,negative
2022-08-27,3 No-Brainer Warren Buffett Stocks to Buy Right Now,0.05240977555513382,neutral
2022-08-27,Dow Jones Giant Apple Leads Five Stocks To Watch Near Buy Points,0.25101247802376747,neutral
2022-08-27,"China’s Industrial Profit Falls on Covid-19 Measures, Bad Weather",-0.9635063819587231,negative
2022-08-28,10 Best Stocks to Invest Your $1000 According to Reddit,0.10590446647256613,neutral
2022-08-28,Trademark Filings Suggest Apple May Be Securing ‘Reality’ Names for AR/VR Headset,0.15226859599351883,neutral
2022-08-28,Dow Jones Futures Fall As Market Rally Feels Fed Chief Powell's 'Pain',-0.9422152591869235,negative
2022-08-29,FAANG 2.0: The Energy Crisis Is Ushering In A New Era Of Growth Stocks,0.7795984549447894,positive
2022-08-29,Why Globalstar Stock Soared 10% Higher Today Before Falling Back to Earth,-0.053924866020679474,neutral
2022-08-29,Why the Shine Was off Apple Stock on Monday,-0.3032771311700344,neutral
2022-08-30,"Why Apple, Meta Platforms, and Salesforce Stocks Traded Lower on Tuesday",-0.9465165166184306,negative
2022-08-30,7 Hot Growth Stocks to Buy in September,0.08411633595824242,neutral
2022-08-30,Apple’s Chief Privacy Officer Set to Leave Company for Law Firm,-0.5416249893605709,negative
2022-08-31,"Apple, HTC cleared in U.S. trade tribunal dispute over wireless patents",-0.8080169036984444,negative
2022-08-31,5 Big Tech Stocks That Are Bargains Now,-0.0038109757006168365,neutral
2022-08-31,SoftBank’s Arm Is Suing Qualcomm for Licensing and Trademark Violations,-0.8823296511545777,negative
2022-09-01,"Broadcom Gives Strong Forecast, Evading the Chip Slump",0.9141820035874844,positive
2022-09-01,Apple Employees in Oklahoma City Petition to Unionize Store,-0.9213592279702425,negative
2022-09-01,Where Will Snap Stock Be in 1 Year?,0.010317414999008179,neutral
2022-09-02,Dow Jones Futures: What To Do As Market Sell-Off Continues; Apple Leads 5 Stocks To WatchT,0.001829046756029129,neutral
2022-09-02,Report: Aurora ponders possible sale to Microsoft or Apple amid other options,-0.007818054407835007,neutral
2022-09-02,Why Labor Day Traffic Will Be Lighter Than Usual,0.037113944068551064,neutral
2022-09-03,3 Hot Penny Stocks to Buy in September,0.03891563415527344,neutral
2022-09-03,"Dow Jones Futures: Market Sell-Off Intensifies, Bulls Face Several Hurdles; 5 Stocks To Watch",-0.21177083998918533,neutral
2022-09-03,"Watch Out Tesla, Consumers Want an Apple Car",0.03246902860701084,neutral
2022-09-04,Dow Jones Futures Fall As Market Sell-Off Intensifies; Apple Vs. ANET Stock,-0.931663534604013,negative
2022-09-04,Dow Jones Futures Fall: Bulls Face Several Hurdles Amid Market Sell-Off,-0.9413189571350813,negative
2022-09-04,Dow Jones Futures Loom: Bulls Face Several Hurdles Amid Market Sell-Off,-0.6440580636262894,negative
2022-09-05,The 2 Best Warren Buffett Stocks to Load Up On in September,0.24007685855031013,neutral
2022-09-05,10 Best Blue Chip Stocks To Buy,0.18468141835182905,neutral
2022-09-05,10 Cheap Stocks to Buy According to Billionaire Ken Fisher,0.11916411854326725,neutral
2022-09-06,Why Apple's digital ad business is gaining an edge over Google and Facebook,0.46720689721405506,neutral
2022-09-06,Apple’s iPhone Event Is Wednesday. What to Watch.,-0.05236268416047096,neutral
2022-09-06,"Tech Industry’s Ad Push Stalling Antitrust Bill, Klobuchar Says",-0.8908586706966162,negative
2022-09-07,"iPhone 14, 14 Plus, 14 Pro, 14 Pro Max: A First Look at Apple’s Latest",0.03836716525256634,neutral
2022-09-07,Apple Watch Ultra and Apple Watch Series 8 hands-on: Smarter watches,0.04830683395266533,neutral
2022-09-07,"Tim Cook didn’t have ‘one more thing,’ so Apple offered consumers a break, for once",0.012049652636051178,neutral
2022-09-08,Apple (AAPL) Stock Sinks As Market Gains: What You Should Know,-0.23663878813385963,neutral
2022-09-08,"Google Pays ‘Enormous’ Sums to Maintain Search-Engine Dominance, DOJ Says",0.14078976400196552,neutral
2022-09-08,Should You Buy the New iPhone 14?,0.053039997816085815,neutral
2022-09-09,"Twitter, Bed Bath &amp; Beyond, Kroger: Stocks That Defined the Week",0.03454563766717911,neutral
2022-09-09,Weekly Roundup,-0.060553889721632004,neutral
2022-09-09,"Google, Apple facing anti-competitive complaint in Mexico",-0.9093687376007438,negative
2022-09-10,Apple didn't hike US iPhone prices — but its new products will boost its bottom line,0.9242599382996559,positive
2022-09-10,10 Best ESG Stocks to Invest In,0.16740269679576159,neutral
2022-09-10,"Demand for Apple’s New iPhones Looks Strong, These Analysts Say. What Investors Should Know.",0.09676681831479073,neutral
2022-09-11,Apple’s iPhone Satellite Service Kicks Off Smartphone Space Race,0.07344784401357174,neutral
2022-09-11,"From Steve Jobs to Spotify: What founders need to know about going public, from the veteran journalist who wrote the book on tech IPOs",0.04058595933020115,neutral
2022-09-11,2 Stocks to Invest in Virtual Reality,0.11350034084171057,neutral
2022-09-12,Apple stock rises amid pre-order demand for the iPhone 14,0.3292020857334137,positive
2022-09-12,"Disney doubles down on streaming content, HBO Max holds most Emmy nominations this year",-0.4856834914535284,negative
2022-09-12,"Stock Market Jumps Again Ahead Of CPI Data; Oracle Rises Late On Earnings; Apple, Tesla Make Key Moves",0.7452375069260597,positive
2022-09-13,Apple iPhone 14 Preorders Strong Ahead Of Friday's Retail Launch,0.8760411366820335,positive
2022-09-13,"Dow Jones Futures: Stocks Dive On Call For Biggest Fed Rate Hike In 40 Years; Apple, Tesla Tumble",-0.7087798863649368,negative
2022-09-13,"Stocks moving in after hours: Meta, Nvidia, Apple, Toll Brothers, Lennar, KB Home, Paramount",0.007812021300196648,neutral
2022-09-14,10 Tech Stocks to Buy According to Billionaire Warren Buffett,0.07836734876036644,neutral
2022-09-14,Apple (AAPL) Outpaces Stock Market Gains: What You Should Know,0.14487935416400433,neutral
2022-09-14,Tesla spent 864 days as Wall Street’s biggest short bet. Now it’s Apple.,0.005725380033254623,neutral
2022-09-15,Alphabet (GOOGL) Enhances Google Photos With Recent Features,0.6659077070653439,positive
2022-09-15,Amazon's Thursday night football: Why it's a 'long-term play' for the tech giant,0.0328610111027956,neutral
2022-09-15,Why Investors Lost Their Taste for Apple Today,-0.5808948092162609,negative
2022-09-16,10 Blue Chip Stocks To Buy Now According To Billionaire Andreas Halvorsen,0.14809357933700085,neutral
2022-09-16,Weekly Roundup,-0.060553889721632004,neutral
2022-09-16,U.S. antitrust officials ask to join arguments in Apple appeal,0.017097126692533493,neutral
2022-09-17,"New iPhones have Qualcomm satellite modem, new Apple radio chips",0.15108567476272583,neutral
2022-09-17,7 Blue-Chip Stocks to Buy for Safety in This Volatile Market,0.07898081466555595,neutral
2022-09-17,10 Blue Chip Stocks to Buy Now According to Billionaire D. E. Shaw,0.10509620513767004,neutral
2022-09-18,Tech's record-breaking buybacks matter for investors — here's why,0.03276987560093403,neutral
2022-09-18,Apple's 5 Most Profitable Business Regions (AAPL),0.09181872382760048,neutral
2022-09-18,Meta Platforms Stock: Bear vs. Bull,0.042414477095007896,neutral
2022-09-19,Apple set to release fix for iPhone 14 Pro's shaky camera,0.08117270283401012,neutral
2022-09-19,"Top Analyst Reports for Apple, Amazon.com &amp; AbbVie",0.11304183583706617,neutral
2022-09-19,Apple Readies iOS 16 Bug Fix for Next Week,-0.2856479175388813,neutral
2022-09-20,Why Investors Found Apple Stock Tempting Today,-0.004639290273189545,neutral
2022-09-20,Apple (AAPL) Gains As Market Dips: What You Should Know,0.10522690042853355,neutral
2022-09-20,"Dow Jones Futures: Fed Rate Hike On Tap, But This Is What Matters; Tesla Flirts With Buy Points",0.022213906049728394,neutral
2022-09-21,Apple to use TSMC’s next 3-nm chip tech in iPhones and Macs next year,0.1592726232483983,neutral
2022-09-21,10 Dow Jones Stocks to Buy According to Hedge Funds,0.020691579207777977,neutral
2022-09-21,15 Best Stocks To Invest In Right Now,0.07595359440892935,neutral
2022-09-22,These 10 Stocks are Plummeting After the Fed’s Latest Rate Hike,-0.9126426540315151,negative
2022-09-22,Apple Fixes iPhone 14 Pro Camera-Shake and Copy-and-Paste Bugs,-0.05464712530374527,neutral
2022-09-22,Alphabet (GOOGL) Embeds Google Tasks With Assistant to Ease Job,0.10487911477684975,neutral
2022-09-23,"Dow Jones Futures: Bear Market Eyes New Leg Down; Apple, Eli Lilly Show Relative Strength",-0.8053533993661404,negative
2022-09-23,Apple TV+ set to exclusively host historic Yankees game,0.047608932480216026,neutral
2022-09-23,Weekly Roundup,-0.060553889721632004,neutral
2022-09-25,"Dow Jones Futures Fall: Bear Market Eyes New Leg Down; Apple, Eli Lilly Show Relative Strength",-0.916144534945488,negative
2022-09-25,Rihanna to Headline the NFL’s Super Bowl Halftime Show,0.014306178316473961,neutral
2022-09-25,Why Is Everyone Talking About Apple?,-0.18453354202210903,neutral
2022-09-26,Apple iPhone 14 Pro Models Could Give Company A Profit Boost,0.9314368143677711,positive
2022-09-26,Apple (AAPL) Gains As Market Dips: What You Should Know,0.10522690042853355,neutral
2022-09-26,Netflix Makes an Apple and Amazon Mistake it Can't Afford to Copy,-0.8445652285590768,negative
2022-09-27,Stock Market Today: Dow Ends Wild Ride in Red as Bears Strengthen Grip,-0.39997152984142303,negative
2022-09-27,Apple’s Wearables Are Like the iPhone. The Costlier Models Are Selling Better.,0.4445267217233777,neutral
2022-09-27,10 Most Shorted Stocks in the World,0.03902047872543335,neutral
2022-09-28,Intel Not Ready to Cash in Its Chips with Apple,-0.2791198864579201,neutral
2022-09-28,Apple: production deconstruction is less worrying than strong dollar,0.015429861843585968,neutral
2022-09-28,What's Going On With Apple?,-0.6346200499683619,negative
2022-09-29,Why Skyworks Solutions Stock Tumbled on Thursday,-0.9258855748921633,negative
2022-09-29,7 Sleeper Growth Stocks to Buy Before Wall Street Wakes Up,0.13415799103677273,neutral
2022-09-29,"Dow Jones Futures: S&amp;P 500 Hits Fresh Lows As Apple, Tesla, CarMax Dive, Nike Plunges Late",-0.9298193929716945,negative
2022-09-30,Apple Is Popular but Overvalued,0.3591086231172085,neutral
2022-09-30,Apple has forced out a top operations exec after he made crude comments in a TikTok video,-0.9209006950259209,negative
2022-09-30,Weekly Roundup,-0.060553889721632004,neutral
2022-10-01,Why These 10 Stocks Trended This Week,-0.17693623155355453,neutral
2022-10-01,5 Best Stocks to Buy if You Have $250 to Spend,0.020680269226431847,neutral
2022-10-01,Amazon's Second Selling Bonanza of 2022: Who Benefits?,0.07862478122115135,neutral
2022-10-02,3 Spring-Loaded Stocks Ready to Soar When the Bear Market Ends,0.1084624882787466,neutral
2022-10-02,Will Amazon Be Worth More Than Apple by 2025?,0.09509672038257122,neutral
2022-10-02,3 Stocks to Avoid This Week,-0.21879145503044128,neutral
2022-10-03,"Why stock market investors should be bullish despite recent volatility, according to a strategist",0.07241524383425713,neutral
2022-10-03,Why Qualcomm Stock Surged Higher Today,0.7568012494593859,positive
2022-10-03,This Is the Best Time to Buy These 7 Long-Term Stocks,0.13715450186282396,neutral
2022-10-04,"Stocks moving inn after hours: Twitter, Amylyx Pharmaceuticals, AutoZone, Airbnb",0.0010942798107862473,neutral
2022-10-04,What EU's USB-C mandate may mean for Apple,0.010296197608113289,neutral
2022-10-04,Apple suppliers moved operations closer to Cupertino amid pandemic,0.24359488487243652,positive
2022-10-05,This Is the Best Time to Buy These 7 Long-Term Warren Buffett Stocks,0.12985438108444214,neutral
2022-10-05,Apple (AAPL) Gains As Market Dips: What You Should Know,0.10522715002298355,neutral
2022-10-05,Secretive Chip Startup May Help Huawei Circumvent US Sanctions,0.764541327022016,positive
2022-10-06,This Is the Best Time to Buy These 7 Long-Term Metaverse Stocks,0.12561850249767303,neutral
2022-10-06,Google Contractors Allege They Were Fired for Union Ties,-0.9456736855208874,negative
2022-10-06,"In Apple's shadow, Google takes new route to face recognition on Pixel phones",0.11300619225949049,neutral
2022-10-07,3 Under-$10 Stocks to Buy to Tap Into a Hidden Bull Market,0.09697812795639038,neutral
2022-10-07,"Dow Jones Dives Toward Bear Market Lows As AMD, Tesla, On Semi Plunge; What To Do Now",-0.7750698961317539,negative
2022-10-07,Weekly Roundup,-0.060553889721632004,neutral
2022-10-08,Here Are the Few Stock-Fund Managers Who Managed to Post Gains Over the Past Year,0.13256007432937622,neutral
2022-10-08,"Dow Jones Futures: Flailing Rally Near Bear Market Lows As AMD, Tesla Plunge; What To Do",-0.5638700500130653,negative
2022-10-08,"Dow Jones Futures: Will Stocks Break Bear Market Lows? AMD, Tesla Plunge",-0.012814179062843323,neutral
2022-10-09,Dow Jones Futures Loom: What Will Ailing Market Rally Discover On Columbus Day?,-0.4743122234940529,negative
2022-10-09,Dow Jones Futures Fall: What Will Ailing Market Rally Discover On Columbus Day?,-0.7994851525872946,negative
2022-10-09,"Stocks Face Brutal Earnings Season With All Eyes on Apple, Investors Say",-0.9340287977829576,negative
2022-10-10,Prologis Passes American Tower Corp In Size By Market Cap - Becomes The Highest Valued REIT,0.45604633539915085,neutral
2022-10-10,"PC market in ‘steepest’ fall since data started being collected in mid-1990s, analysts agree",-0.955385853536427,negative
2022-10-10,"Apple’s iPad Sales Could Fall This Year and Next, Analyst Says",-0.9624983412213624,negative
2022-10-11,How Micron Sidestepped the Tech Wreck on Tuesday and Gained 4.5%,0.8731699511408806,positive
2022-10-11,Apple (AAPL) Dips More Than Broader Markets: What You Should Know,-0.2812502235174179,neutral
2022-10-11,India looks to move up tech value chain with iPhone plant deal,0.8373966948129237,positive
2022-10-12,Apple to Withhold Latest Employee Perks From Unionized Store,-0.8108070027083158,negative
2022-10-12,"Apple withholds new perks from unionized stores, Amazon workers prepare for union elections",-0.8838617000728846,negative
2022-10-12,10 Most Anticipated Earnings to Watch in October,0.006988998502492905,neutral
2022-10-13,"Big promises – but will Apple, VinFast, Wolfspeed deliver in NC? Report shows incentives don't always mean jobs",0.04195721447467804,neutral
2022-10-13,"Brazil court fines Apple, orders to sell iPhone with charger",-0.9333865949884057,negative
2022-10-13,3 Dow Stocks to Buy if You Are Feeling Greedy,0.019738785922527313,neutral
2022-10-14,Weekly Roundup,-0.060553889721632004,neutral
2022-10-14,LinkedIn co-founder Reid Hoffman: Tech has learned big lessons in 2022,0.8075528973713517,positive
2022-10-14,"Apple: ‘Mobile computing and smartphones are here to stay,’ analyst says",0.37758627627044916,neutral
2022-10-15,The top 25 market events of the last 25 years,0.028360668569803238,neutral
2022-10-15,3 Reasons Apple Is a Warren Buffett Stock,0.0034029874950647354,neutral
2022-10-15,"Market News From AMD, McCormick, Peloton, and More",-0.006476562470197678,neutral
2022-10-16,Apple store workers in Oklahoma vote to unionize in another labor win,-0.8705939445644617,negative
2022-10-16,15 Best Countries to Live in the Future,0.18651705421507359,neutral
2022-10-16,Satellite Mobile Phones Have a Long—and Not So Illustrious—Past,0.04843739978969097,neutral
2022-10-17,7 Warren Buffett Stocks to Buy and Hold for the Next Decade,0.04525174759328365,neutral
2022-10-17,11 Best Dividend Stocks to Buy According to Warren Buffett,0.08652130886912346,neutral
2022-10-17,"Q3 Earnings Scorecard and Analyst Reports for Apple, Abbott, IBM &amp; Others",-0.005014441907405853,neutral
2022-10-18,"Apple reportedly cuts production figures on iPhone 14 Plus, unveils redesigned iPad",-0.9518208904191852,negative
2022-10-18,Apple (AAPL) Gains But Lags Market: What You Should Know,0.11848722770810127,neutral
2022-10-18,Apple Stock Slips on Report iPhone 14 Plus Production Was Cut on Weak Demand,-0.9556313706561923,negative
2022-10-19,7 Semiconductor Stock Predictions for 2023,0.005331914871931076,neutral
2022-10-19,Why Meta Platforms Stock Was Outperforming the Market Today,-0.676707461476326,negative
2022-10-19,The pandemic is finally hitting big tech — two years later,0.013398587703704834,neutral
2022-10-20,"Snap Stock Tumbles as Sales Growth Slows Further, Advertisers Cut Spending",-0.9640837530605495,negative
2022-10-20,11 Best Income Stocks to Buy Right Now,0.027319760993123055,neutral
2022-10-20,Elon Musk Says Tesla Will Be Bigger Than Apple. Analysts Say Not So Fast,0.3112524952739477,neutral
2022-10-21,Weekly Roundup,-0.060553889721632004,neutral
2022-10-21,"Market Rally Steps Up, But Apple, Big Earnings Due; 5 Growth Stocks Near Buy Points",0.8478684276342392,positive
2022-10-21,"Market Rally Roars, 5 Growth Stocks Near Buy Points; Apple, Big Earnings Due",0.8266442641615868,positive
2022-10-22,7 Virtual Reality Stocks to Buy to Bet on the Coming VR Boom,0.05329870991408825,neutral
2022-10-22,This Dow Jones Stock Is a No-Brainer for Dividend Growth,0.021088527515530586,neutral
2022-10-22,What I Expect From the FAANG Stocks’ Earnings Next Week,0.03272087685763836,neutral
2022-10-23,Dow Futures Lift After Indices Post Best Week Since June,0.05688798427581787,positive
2022-10-23,"Dow Jones Futures Rise: Market Rally Roars, 5 Growth Stocks Near Buy Points; Apple, Big Earnings Due",0.8136491738259792,positive
2022-10-23,"Big Tech has been an earnings refuge for years, but safety is no longer a sure thing",0.03408128023147583,neutral
2022-10-24,Take a Bite in Apple Stock Before Earnings?,-0.06666882336139679,neutral
2022-10-24,UK regulator warns over Big Tech’s growing interest in finance,-0.8049343898892403,negative
2022-10-24,Apple Plans to Quietly Give You More Ads,0.05892040953040123,neutral
2022-10-25,Apple Pay Leads Among Wallets but Lags in Total Purchases,-0.9426521612331271,negative
2022-10-25,Apple's iPhone Revenue Set to Be Key in Q4 Earnings,0.8215545462444425,positive
2022-10-25,Don't Overlook Service Revenues in Apple's Q4,0.023406025022268295,neutral
2022-10-26,Will iPhone Revenue Boost Apple (AAPL) Stock?,0.6759770307689905,positive
2022-10-26,Dow Jones Futures: Meta Continues Tech Titans Meltdown With Apple On Deck,-0.8563143648207188,negative
2022-10-26,"Meta stock plunges on declining third-quarter revenue, weaker than expected outlook",-0.9660958722233772,negative
2022-10-27,How Meta Became the Market's Biggest Value Trap,0.021264387294650078,neutral
2022-10-27,"Apple tops revenue estimates, misses on iPhone, iPad net sales",0.6576105542480946,positive
2022-10-27,7 Smart Stocks to Buy for an Income-Rich Retirement,0.12652953062206507,neutral
2022-10-28,Here's Why Apple Stock Soared Today,0.3076069802045822,neutral
2022-10-28,Weekly Roundup,-0.060553889721632004,neutral
2022-10-28,Making Sense of Big Tech Earnings After Amazon and Meta Tumble,0.15089984238147736,neutral
2022-10-29,"Company Report Roundup: Tesla, Tractor Supply, American Express, and More",-0.014496071264147758,neutral
2022-10-29,Target Makes a Big Bet on Apple,0.06394385453313589,neutral
2022-10-29,"Why the Future of the Computer Is Everywhere, All the Time",-0.024566736072301865,neutral
2022-10-30,Workers flee China’s Covid restrictions at Foxconn’s huge iPhone factory,-0.936667637899518,negative
2022-10-30,20 Most Admired Companies in the World in 2022,0.11545160412788391,neutral
2022-10-30,Target Gives Apple Fans a Holiday Gift,0.029393238946795464,neutral
2022-10-31,US STOCKS-Wall Street ends strong month on weaker note; focus on Fed meeting,-0.9273978192359209,negative
2022-10-31,Apple’s Online Store and Information Systems Chiefs Are Leaving,-0.05521639809012413,neutral
2022-10-31,Top 12 ESG Companies in 2022,0.01358870044350624,neutral
2022-11-01,"Apple, Amazon, Meta, Microsoft and Alphabet's Earnings: 4 Things That Stood Out",0.1924499347805977,neutral
2022-11-01,JPMorgan: The S&amp;P 500 could surge 10% in a single day if the Fed does these two things tomorrow — here are 3 top stocks to bet on it,0.22744012251496315,neutral
2022-11-01,11 Safe Stocks To Buy According To Hedge Funds,0.026716100051999092,neutral
2022-11-02,Apple to Keep Qualcomm Chips in 2023 in Turnabout,0.08658766932785511,neutral
2022-11-02,Qualcomm Gives Downbeat Forecast as Phone Market Deteriorates,-0.9399509634822607,negative
2022-11-02,Breaking Down the Earnings Picture as Estimates Fade,-0.07338845916092396,neutral
2022-11-03,Apple Pauses Hiring for Roles Outside R&amp;D in Cost-Cutting Move,-0.7674986235797405,negative
2022-11-03,10 Best Small-Cap Stocks To Buy Now,0.12111434992402792,neutral
2022-11-03,"Apple reportedly pauses hiring for many roles, joining Amazon in belt-tightening",-0.7647283896803856,negative
2022-11-04,Apple to expand live TV advertising around new soccer deal -Bloomberg News,0.26814092323184013,neutral
2022-11-04,UPDATE 1-Apple to expand live TV advertising around new soccer deal -Bloomberg News,0.5975632360205054,positive
2022-11-04,Weekly Roundup,-0.060553889721632004,neutral
2022-11-05,"Amazon, Apple, and Other Hot Names Investors Are Watching",0.0275083277374506,neutral
2022-11-05,Apple and Google stocks just had their worst week in more than two years,-0.9604726424440742,negative
2022-11-05,UPDATE 3-Musk's Twitter updates app to start charging $8 for blue checkmark,0.0922760646790266,neutral
2022-11-06,UPDATE 2-Apple supplier Foxconn says working to resume China production as soon as possible,0.8466137684881687,positive
2022-11-06,UPDATE 2-Apple warns of hit to iPhone shipments from Chinese COVID disruptions,-0.9457640666514635,negative
2022-11-06,Dow Jones Futures Fall: Apple iPhone 14 Pro Production Hit; Big Meta Job Cuts Seen,-0.945139043033123,negative
2022-11-07,7 No-Brainer Stocks to Buy for 2023 and Beyond,0.059810079634189606,neutral
2022-11-07,"Apple stock: China's Covid lockdowns an 'absolute gut punch,' analyst says",-0.8831906467676163,negative
2022-11-07,"How many iPhones will Apple lose from a COVID lockdown at the biggest factory in the world? How about 6 million, Bank of America says",-0.8264426216483116,negative
2022-11-08,"Apple, Pepsi and more big stock names are newest members of group buying ‘greener’ concrete and steel",0.18758834060281515,neutral
2022-11-08,7 No-Brainer Retirement Stocks to Buy for 2023 and Beyond,0.07536611519753933,neutral
2022-11-08,Meta’s Mark Zuckerberg Says He Is Accountable as Company Preps for Mass Layoffs,-0.9057913636788726,negative
2022-11-09,10 Stocks That Will Make You Rich in 5-10 Years,0.12341857887804508,neutral
2022-11-09,"S&amp;P 500 Falls Below Key Level On Elections, Tesla, Bitcoin; CPI Inflation Report Looms",-0.8842298910021782,negative
2022-11-09,Apple Taps Facebook Veteran as Information Chief After Departures,0.010966379195451736,neutral
2022-11-10,Apple stock enjoys best day in more than two years,0.686864860355854,positive
2022-11-10,Globalstar is prioritizing customer ‘desires’ for two-way connectivity: CEO,0.058939854614436626,neutral
2022-11-10,Apple’s $191 Billion Single-Day Surge Sets Stock-Market Record,0.28266002237796783,positive
2022-11-11,10 Growth Stocks in Billionaire George Soros’ Portfolio,0.05871378630399704,neutral
2022-11-11,3 Ways to Follow Warren Buffett to Massive Long-Term Gains,0.2439977154135704,neutral
2022-11-11,"Coinbase, Meta, Disney: Stocks That Defined the Week",0.002250775694847107,neutral
2022-11-12,‘Once-in-a-lifetime opportunity’: How a mass lockdown at the world’s biggest iPhone factory is India’s big chance to beat out China as Apple’s favorite supplier,0.5833429265767336,positive
2022-11-12,7 No-Brainer Blue-Chip Stocks to Buy for 2023 and Beyond,0.08733978122472763,neutral
2022-11-13,Antitrust battle over Apple’s app store goes to appeals court,-0.6548940893262625,negative
2022-11-13,"The Meta Layoffs Aren't Good for Employees, but They Might Be Good for the Company",-0.9316468816250563,negative
2022-11-13,Estimating The Intrinsic Value Of Apple Inc. (NASDAQ:AAPL),0.046860527247190475,neutral
2022-11-14,7 Tech Stocks That Could Come Roaring Back,0.19080763682723045,neutral
2022-11-14,UPDATE 3-Epic's 'failure of proof' in Apple antitrust case questioned by appeals panel,-0.7166719287633896,negative
2022-11-14,UPDATE 2-Epic's 'failure of proof' on Apple antitrust ruling at appeal hearing,-0.9107239861041307,negative
2022-11-15,Apple Prepares to Source Chips From Arizona,0.09282019827514887,neutral
2022-11-15,Apple prepares to source chips from Arizona plant - Bloomberg News,0.051627641543745995,neutral
2022-11-15,Ken Fisher Stock Portfolio: Top 10 Stock Picks,0.018899058923125267,neutral
2022-11-16,3 Reasons to Buy Apple Stock in 2023 -- And Never Sell,0.001301586627960205,neutral
2022-11-16,"Apple Store Staff Petition to Unionize a Third Store, This Time in St. Louis",-0.9409207059070468,negative
2022-11-16,"Target, Amazon and 4 More Retailers That Will Reward You for Turning in Your Old Stuff",0.7625552890822291,positive
2022-11-17,Billionaire Ken Fisher’s Top 10 Dividend Stock Picks,0.06467873044312,neutral
2022-11-17,"5 of Walmart’s best early Black Friday Deals, including an Apple Watch, a 55-inch LG TV under $300 and a deeply discounted Bissell vacuum",0.736550860106945,positive
2022-11-17,4 Charts That Show Why Apple Could Outperform the Markets in 2023,0.6993151661008596,positive
2022-11-18,Warren Buffett’s Top 10 Dividend Stock Picks,0.033505627885460854,neutral
2022-11-18,Google Paid 24 Companies to Not Open App Stores,-0.5991950500756502,negative
2022-11-18,Weekly Roundup,-0.060553889721632004,neutral
2022-11-19,The 25 Best Stocks to Buy for Retirement,0.09846160002052784,neutral
2022-11-19,China’s COVID-19 restrictions hit historic Beijing theater,-0.629235528409481,negative
2022-11-19,Was Ronald Hua’s QTRON Investments Right About These 10 Stocks?,0.010685712099075317,neutral
2022-11-20,Track Your Ovulation on a Wearable: Apple Watch vs. Oura Ring,0.009797710925340652,neutral
2022-11-20,Worried We're in Another Dot-Com Crash? Here's the Biggest Mistake to Avoid.,-0.4680241532623768,negative
2022-11-20,Dow Jones Futures Rise: Market Rally Faces Big Test; Apple Leads 4 Dow Stocks In Focus,0.8257883116602898,positive
2022-11-21,The hottest holiday tech gifts for 2022,0.05065939202904701,neutral
2022-11-21,Why Apple Stock Traded Lower on Monday,-0.9117844421416521,negative
2022-11-21,14 Best Blue Chip Dividend Stocks to Buy,0.16260678507387638,neutral
2022-11-22,UPDATE 1-IPhone Pro models scarce in stores this holiday - Best Buy,-0.01415938138961792,neutral
2022-11-22,UK Opens Antitrust Investigation into Apple and Google,-0.36983178183436394,neutral
2022-11-22,Try GuruFocus' Improved DCF Calculator Page,0.06723994854837656,neutral
2022-11-23,China’s iPhone City Locks Down Urban Areas as Covid Cases Rise,-0.5579858720302582,negative
2022-11-23,"Apple: Violent protests erupt at iPhone factory in China over COVID restrictions, work conditions",-0.9429511176422238,negative
2022-11-23,Stocks With China Exposure Are Rising With Reopening Hopes,0.9194886069744825,positive
2022-11-24,Foxconn/Apple: China’s Covid failure triggers golden goodbyes for workers,-0.1841510832309723,negative
2022-11-24,Dow Stock News: Apple Eyes Manchester United? FTC Seen Challenging Microsoft-Activision Deal,-0.01943117380142212,neutral
2022-11-24,Apple Says It Is Trying to Resolve Problems at Foxconn’s iPhone Factory,-0.11024804413318634,neutral
2022-11-25,"Dow Jones Hits 7-Month High, Stocks Near Buy Points; Why You Should Be Cautious",0.1305597759783268,neutral
2022-11-25,Many shoppers can't find Apple's latest iPhones on Black Friday,-0.8878261167556047,negative
2022-11-25,Analysts are Upgrading These 9 Tech Stocks,0.7644080612808466,positive
2022-11-26,Elon Musk Threatens Apple,-0.5531670935451984,negative
2022-11-26,11 Biggest Malls in the World: Will Higher Interest Rates Bankrupt The Industry?,-0.12314043939113617,neutral
2022-11-26,10 Best Roth IRA Stocks To Buy According To Hedge Funds,0.04815220646560192,neutral
2022-11-27,Dow Jones Futures Loom: 3 Key Factors For The Market Rally; Why You Should Be Cautious,0.07159739919006824,neutral
2022-11-27,Dow Jones Futures Fall: 3 Key Factors For The Market Rally; Why You Should Be Cautious,0.028682123869657516,neutral
2022-11-27,Apple hobbled a crucial tool of dissent in China weeks before widespread protests broke out,-0.08456403017044067,neutral
2022-11-28,11 Biggest Malls in Europe,0.056850362569093704,neutral
2022-11-28,Elon Musk asks Tim Cook ‘What’s going on here’? after Apple pulls its Twitter ads—setting up a clash of tech titans,-0.7572645340114832,negative
2022-11-28,New Disney CEO Dismisses Apple Rumor; TV Outlook Gloomy,-0.935805200599134,negative
2022-11-29,Twitter blue verified set to launch on Apple's iOS app - Information,0.040452164597809315,neutral
2022-11-29,UPDATE 1-Twitter blue verified set to launch on Apple's iOS app - Information,0.09973487444221973,neutral
2022-11-29,Apple’s Cook Goes to Washington to Meet With Top GOP Lawmakers,0.05374380201101303,neutral
2022-11-30,"Musk Says Apple Isn’t Removing Twitter App, Easing Standoff",-0.8167205583304167,negative
2022-11-30,Elon Musk Says Apple and Twitter Have ‘Resolved’ Differences After Meeting,-0.36959005892276764,negative
2022-11-30,Elon Musk says Apple never considered removing Twitter from App Store,-0.22010620310902596,neutral
2022-12-01,Coinbase says Apple forced it to remove NFT wallet function,-0.7425520634278655,negative
2022-12-01,Crypto Markets Today: CFTC Chair Proposes Pause to Overhaul Digital Commodities Consumer Protection Bill,0.10493917390704155,neutral
2022-12-01,Does Big Tech Have a Pulse?,0.0180162712931633,neutral
2022-12-02,10 Best Cryptocurrency Stocks to Buy According to Hedge Funds,0.05677325092256069,neutral
2022-12-02,Apple (AAPL) Dips More Than Broader Markets: What You Should Know,-0.281250461935997,neutral
2022-12-02,Weekly Roundup,-0.060553889721632004,neutral
2022-12-03,Apple looking to move iPhone production out of China in wake of violent worker protests: report,-0.853940311819315,negative
2022-12-03,FTX Collapse: Lessons for Investors,-0.06474456191062927,neutral
2022-12-03,15 Most Famous Investment Gurus of All Time,0.09454607777297497,neutral
2022-12-04,UPDATE 1-Apple and Amazon resume advertising on Twitter - reports,-0.11511877551674843,neutral
2022-12-04,15 Most Capitalist Companies in the World,0.09799347445368767,neutral
2022-12-04,"Musk Says Apple Has 'Fully Resumed' Advertising On Twitter, This E-Commerce Giant Set To Follow Suit",0.5688927695155144,positive
2022-12-05,11 Best Quality Stocks to Buy Now,0.06635333970189095,neutral
2022-12-05,Streaming: Hulu CEO predicts major acquisitions by platforms within 2 years,0.06279562972486019,neutral
2022-12-05,China’s protests made ‘enough of impact on party apparatus’: Analyst,-0.08783203363418579,neutral
2022-12-06,"Apple, AMD confirm they’re among TSMC’s first Arizona customers, while Intel preps for return to cutting edge in 2023",0.8067720625549555,positive
2022-12-06,Report: Apple is scaling back its car plans yet again and plans to relocate its car team to San Jose,-0.9256028532981873,negative
2022-12-06,Our 7 Top Tech Stock Picks for 2023,0.06398531515151262,neutral
2022-12-07,Our 7 Top 5G Stock Picks for 2023,0.03417173586785793,neutral
2022-12-07,Morgan Stanley cuts production estimates for Apple’s new iPhone,-0.9543605959042907,negative
2022-12-07,Why This Market Rally Is So Dangerous; Tesla Nears Bear Lows On This Move,-0.6569315381348133,negative
2022-12-08,Elon Musk and Twitter may not be done taking it to Apple,-0.07164168171584606,neutral
2022-12-08,Apple: Foxconn manufacturers urge Chinese officials to ease COVID policies,0.3796038031578064,positive
2022-12-08,Apple (AAPL) Outpaces Stock Market Gains: What You Should Know,0.14487935416400433,neutral
2022-12-09,Why Apple Stock Eked Out a Market Beat Today,0.44085334427654743,neutral
2022-12-09,Apple agrees to let workers speak out about harassment and discrimination — ‘This gives me a lot of hope for all laborers’,0.49892685003578663,positive
2022-12-09,Weekly Roundup,-0.060553889721632004,neutral
2022-12-10,An Investor's Look at the Energy Picture,0.044699303805828094,neutral
2022-12-10,"If You'd Invested $3,000 in Intel In 2015, This Is How Much You Would Have Today",0.036519771441817284,neutral
2022-12-10,Investors Call Time on FAANG Stock Dominance After Nasdaq’s Rout,-0.010180503129959106,neutral
2022-12-11,Twitter Blue to Restart Monday. iOS App Subscribers Will Pay More Than $8 a Month.,0.026537055149674416,neutral
2022-12-11,Is Roku a Safe Stock?,0.027581121772527695,neutral
2022-12-11,"Rivian, GlobalFoundries Joining Nasdaq 100 Index; Apple Chipmaker, China Stocks Falling Off",-0.9235055819153786,negative
2022-12-12,Oracle Rises After Hours. Is Oracle A Buy After A Blockbuster Quarter? Are Beaten Down Tech Stocks A Buy Now?,0.03736961632966995,neutral
2022-12-12,"Twitter Blue Service Is Back, Including ‘Verified’ Check Marks",0.2006496600806713,neutral
2022-12-12,Why Qualcomm Stock Rose Today Despite a Fresh Analyst Downgrade,-0.6422828286886215,negative
2022-12-13,Apple plans to allow third-party app stores on its devices,0.09760303981602192,neutral
2022-12-13,Fed Rate Hike Looms After Market Rally Fizzles; Tesla Stock Hits New Lows As Elon Musk Admits This,-0.8127634301781654,negative
2022-12-13,Why Investors Cranked Spotify Stock Higher Today,0.3153442107141018,neutral
2022-12-14,"Apple is seeing better iPhone wait times, but that’s still ‘not enough,’ says analyst",0.6206072568893433,positive
2022-12-14,Apple (AAPL) Dips More Than Broader Markets: What You Should Know,-0.2812502235174179,neutral
2022-12-14,The tug of war between Tim Cook and Elon Musk just took a twist as Apple folds in the face of European Union laws,-0.0614342987537384,neutral
2022-12-15,"Apple users unlikely to ditch App Store for cheaper alternatives, analyst says",0.3256281912326813,neutral
2022-12-15,15 Biggest Endowments in the US and Their Investments,0.05203053168952465,neutral
2022-12-15,"Dow Jones Futures: Nasdaq Breaks Key Level, Apple Dives; Here's The Silver Lining",-0.40906038880348206,negative
2022-12-16,How Apple’s privacy changes may impact Meta,-0.09143597073853016,neutral
2022-12-16,The No. 1 ‘set and forget’ stock in tech hardware for next year? You guessed it.,0.05047723278403282,neutral
2022-12-16,Weekly Round Up,-0.06459791027009487,neutral
2022-12-17,3 Stocks to Invest in Virtual Reality,0.11218032520264387,neutral
2022-12-17,"Steve Jobs 'wouldn’t have succeeded' without Tim Cook, former Apple exec explains",0.01671002432703972,neutral
2022-12-17,15 Most Boycotted Companies and Brands in History,-0.8146803546696901,negative
2022-12-18,"Never Mind the FAANG Stocks, Buy the GHOST Stocks Before 2023",0.01681254245340824,neutral
2022-12-18,"It’s Time to Boot the Moochers Off Your Spotify, Netflix and Other Accounts",-0.3787427209317684,neutral
2022-12-18,A Bull Market Is Coming: 2 Trillion-Dollar Growth Stocks to Buy Before They Soar,0.1332207340747118,neutral
2022-12-19,"Sports streaming: ‘The math is difficult’ in negotiations and viewership count, analyst says",-0.812919856980443,negative
2022-12-19,Dow Jones Extends Losing Streak As Apple Sells Off; Tesla Hits New Low Amid Elon Musk Twitter Poll,-0.844524759799242,negative
2022-12-19,Why Apple Stock Flopped on Monday,-0.578899335116148,negative
2022-12-20,Apple (AAPL) Stock Sinks As Market Gains: What You Should Know,-0.23663878813385963,neutral
2022-12-20,12 Most Advanced Countries in Asia,0.19764282926917076,neutral
2022-12-20,Apple Partially Shifts Macbook Production to Vietnam,0.14531781524419785,neutral
2022-12-21,"Why Amazon, Apple, and Chewy Stocks All Rallied on Wednesday",0.6497500687837601,positive
2022-12-21,Apple to launch first AR headset in 2023,0.1219337685033679,neutral
2022-12-21,Tech stocks: The 'best' and worst performers of 2022,-0.8329282850027084,negative
2022-12-22,12 Biggest Industries in the US Heading into 2023,0.11230923607945442,neutral
2022-12-22,Apple Watches violate AliveCor patents but import ban on hold -U.S. ITC,-0.29387308470904827,neutral
2022-12-22,UPDATE 2-Apple Watches violate AliveCor patents but import ban on hold -U.S. ITC,-0.2965889759361744,neutral
2022-12-23,"Tesla, Meta Lead Big Tech's Market Value Wipeout",-0.074806809425354,neutral
2022-12-23,Monopoly Definition and 10 Near Monopoly Stocks in the US,-0.002975698560476303,neutral
2022-12-23,Apple May Hit This Big Milestone Sooner Than Expected,0.7591986143961549,positive
2022-12-24,Inflation and the FTX Collapse Got These Investors Talking,-0.6087780743837357,negative
2022-12-24,This company has wiped out more investor wealth in 2022 than Tesla,-0.8878624401986599,negative
2022-12-24,Three Pharma Stocks to Sell Before They Die,0.010652460157871246,neutral
2022-12-25,12 Most Advanced Countries in Electronics,0.19837778992950916,neutral
2022-12-25,7 of the Best Meme Stocks to Double Down on in 2023,-0.8599487598985434,negative
2022-12-25,Want Unstoppable Stocks for 2023 and Beyond? Focus on Competitive Advantages,0.07046345807611942,neutral
2022-12-26,Apple to start making MacBooks in Vietnam by mid-2023,0.17842961102724075,neutral
2022-12-26,11 Best Telecom Stocks to Invest In,0.1858840985223651,neutral
2022-12-26,Apple faces class-action lawsuit alleging 'racial bias' in watch's blood oximeter,-0.8214128706604242,negative
2022-12-27,5 Companies With Huge Free Cash Flow,0.3403562679886818,neutral
2022-12-27,Why Apple Investors Suffered a Tough Time on Tuesday,-0.4350830614566803,negative
2022-12-27,Why Last Week's Selloff was a Christmas Gift to Investors,-0.010914333164691925,neutral
2022-12-28,"Dow Jones Breaks Key Level, Nasdaq Sets Bear Closing Low As Apple Skids; Tesla Ends Dive",-0.8684610314667225,negative
2022-12-28,"As Heavyweights Like Apple and Amazon Sag, Traders Start Losing Hope",-0.9417338399216533,negative
2022-12-28,3 Companies With Rock-Solid Free Cash Flow,0.48912707157433033,positive
2022-12-29,"Tech stock bounce part of ‘seasonal pattern’, investors pin hopes on January",0.19530000537633896,neutral
2022-12-29,Amazon stock 'at a good price point' if investors can wait out rocky 2023: Analyst,0.26122067403048277,neutral
2022-12-29,Apple shares look to snap four-day losing streak after report of improved iPhone Pro production,-0.9302547872066498,negative
2022-12-30,"Why Taiwan Semiconductor, Qualcomm, and Skyworks Solutions Fell Today",-0.9012347562238574,negative
2022-12-30,"These Stocks Moved the Most Today: Novavax, Micron, Biogen, and More",0.11888043582439423,neutral
2022-12-30,Don't Wait for a Market Crash: These 2 Top Stocks Are on Sale,-0.05465950071811676,neutral
2022-12-31,10 Biggest Technology Companies,0.05167112685739994,neutral
2022-12-31,4 Red-Hot Growth Stocks to Buy in 2023 and Beyond,0.19662000704556704,neutral
2022-12-31,25 Tech Stocks to Buy Before They Take Off in 2023,0.039210934191942215,neutral
2023-01-01,Lessons Learned From Visa and Mastercard in a Year of Crypto News,0.15274186991155148,neutral
2023-01-01,"Down 28% in 2022, Is Apple Stock a Buy for 2023?",-0.8541156221181154,negative
2023-01-01,2 Beaten-Down Warren Buffett Stocks to Buy in 2023,-0.01570955663919449,neutral
2023-01-02,25 Biggest Nordic Companies,0.03148121386766434,neutral
2023-01-02,Warren Buffett's Fortune Gains as Elon Musk Fumbles,-0.08967897295951843,negative
2023-01-02,15 Most Influential Companies to Invest In,0.236582993529737,neutral
2023-02-03,Tech Stocks Are Soaring Despite Weak Earnings. Here’s What It Means.,0.00909017026424408,neutral
2023-02-03,"Apple Earnings Miss, But the Stock Rallies Anyway",-0.12548601627349854,negative
2023-02-03,Weekly Roundup,-0.060553889721632004,neutral
2023-02-04,Tech execs can’t stop talking about AI after success of ChatGPT,0.002786092460155487,neutral
2023-02-04,The Fed Is All That Matters to Stock Analysts Ignoring Earnings,-0.022543545812368393,neutral
2023-02-04,Your Clothes Are Getting Smarter – The $60 Billion Wearables Market Is Producing Some of the Most Revolutionary and Bizarre Technology of the Decade,0.18447431735694408,neutral
2023-02-05,Apple First Quarter 2023 Earnings: Misses Expectations,-0.6766138523817062,negative
2023-02-05,Tech Earnings Weren’t Great. Stocks Are Soaring Anyway.,-0.6022024154663086,negative
2023-02-05,The 3 Most Undervalued Semiconductor Stocks to Buy in February 2023,0.08641904592514038,neutral
2023-02-06,Why Taiwan Semiconductor Manufacturing Is Falling Today,-0.9512849040329456,negative
2023-02-06,Samsung Begins Assembling Premium Smartphones In India: Report,0.16503899078816175,neutral
2023-02-06,Stock market today: Dow slips as Treasury yields jump to dent tech; Powell eyed,-0.9118541181087494,negative
2023-02-07,Is This Peloton's Turning Point?,0.030938096344470978,neutral
2023-02-07,"Major Cary development near Apple to feature 600 apartments, hotel, restaurant and office space",0.3007847974076867,neutral
2023-02-07,Is Apple (AAPL) a Smart Long-Term Buy?,0.12823248468339443,neutral
2023-02-08,"Why Apple, Amazon, and Meta Platforms All Fell on Microsoft's AI News",-0.6087074689567089,negative
2023-02-08,Apple Hires Its First People Officer in Executive Reshuffle,-0.0777229480445385,neutral
2023-02-08,The 7 Best Beaten-Down Warren Buffett Stocks to Buy,0.12649177201092243,neutral
2023-02-09,"AMD wins nearly a third of processor market, Arm's climb slows, analyst report",-0.7861148416996002,negative
2023-02-09,The 7 Best Tech Stocks to Buy for February 2023,0.05856052041053772,neutral
2023-02-09,"Japanese regulators target Apple, Google app stores",-0.47828369960188866,negative
2023-02-10,Live sports is ‘key to streaming’ amid Apple’s sponsorship of Super Bowl Halftime show: Analyst,0.07985145505517721,neutral
2023-02-10,How to Buy Stocks Like Warren Buffett's Right-Hand Man Charlie Munger,0.018416723236441612,neutral
2023-02-10,Weekly Roundup,-0.060553889721632004,neutral
2023-02-11,10 Set-It-and-Forget-It Stocks to Buy According to Financial Media,0.036211978644132614,neutral
2023-02-11,"Big Oil raked in record profits last year, but check out Big Tech",0.4656773842871189,positive
2023-02-11,The Smartest Investors Are Buying These 3 Beaten-Down Stocks,0.13135088421404362,neutral
2023-02-12,12 Most Promising Small-Cap Stocks According to Analysts,0.2866110112518072,neutral
2023-02-12,Where Will Apple Stock Be in 3 Years?,-0.011036263778805733,neutral
2023-02-12,"Largest U.S. Pension Buys Up Apple, Tesla, and Disney Stock. It Sold Walmart.",0.07568331249058247,neutral
2023-02-13,Why Apple Stock Inched Up by Nearly 2% Today,0.9314109887927771,positive
2023-02-13,Why it may be time to sell the pop in tech stocks: BlackRock,-0.13388041406869888,neutral
2023-02-13,1 Billion Reasons to Love Apple Stock,0.046087801456451416,neutral
2023-02-14,Berkshire Hathaway Didn’t Buy More Occidental Petroleum Stock—and More Filing Takeaways,0.013794384896755219,neutral
2023-02-14,"Berkshire Hathaway Boosts Stake in Apple, Paramount Global in Relatively Quiet Quarter",0.05085274577140808,positive
2023-02-14,Apple's long-rumored folding iPhone could become a reality,0.060404492542147636,neutral
2023-02-15,Apple wants to move its manufacturing out of China,-0.020963728427886963,neutral
2023-02-15,Value Investor Joel Greenblatt’s Top 12 Dividend Picks,0.14352446608245373,neutral
2023-02-15,Elon Musk and Steve Jobs Agree on Challenging Convention,0.08590689115226269,neutral
2023-02-16,12 Most Profitable Robinhood Stocks,0.10491912066936493,neutral
2023-02-16,Retail investors are pouring a record $1.5 billion per day into the stock market,0.12397134490311146,neutral
2023-02-16,"Apple plans to weigh customer history for new buy now, pay later service",0.03363083675503731,neutral
2023-02-17,3 Overlooked Industrial Stocks Worth Your Attention,0.06113245710730553,neutral
2023-02-17,T-Mobile and Apple Offer Free Sports Service for Phone Subscribers,0.054431905038654804,neutral
2023-02-17,Weekly Roundup,-0.060553889721632004,neutral
2023-02-18,Zebra Technology's Analysis Points to Improved Infrastructure,0.9408396929502487,positive
2023-02-18,"ISS urges Apple shareholders to vote for CEO Tim Cook, other execs' pay packages",-0.11979743838310242,neutral
2023-02-18,Best Stock to Buy: Amazon Stock vs. Alphabet Stock vs. Apple Stock,0.06925978511571884,neutral
2023-02-19,Meta to launch subscription service for Facebook and Instagram,0.11576951947063208,neutral
2023-02-19,Shark Tank's Kevin O'Leary: ChatGPT is 'killing' Google's dominance,-0.8919174745678902,negative
2023-02-19,Apple Watch faces potential import ban over patent dispute with Masimo,-0.9245684603229165,negative
2023-02-20,Zuckerberg Makes Change That May Upset Facebook and Instagram Users,-0.8118928913027048,negative
2023-02-20,Mark Zuckerberg Makes a Puzzling Change,-0.027868498116731644,neutral
2023-02-20,Mark Zuckerberg's 2023 Resolution: Copying Elon Musk And Twitter,0.05670596845448017,neutral
2023-02-21,"Apple TV+ reports stalling U.S. adoption, subscriptions",-0.9002999905496836,negative
2023-02-21,7 Dividend Stocks to Buy and Hold for the Next Decade,0.024101553484797478,neutral
2023-02-21,Why Apple Stock Tasted Sour on Tuesday,-0.8114845659583807,negative
2023-02-22,Apple has no-prick glucose monitor in the works,0.0027721822261810303,neutral
2023-02-22,Why Abbott Laboratories Stock Sank Today,-0.7734390888363123,negative
2023-02-22,President Biden upholds ITC ruling on Apple Watch’s EKG patent battle,-0.6939522325992584,negative
2023-02-23,7 Stocks That Hedge Funds Are Flooding Into. Should You?,-0.034421492367982864,neutral
2023-02-23,Apple is Making Progress on a Big Opportunity,0.8218370899558067,positive
2023-02-23,Apple iPhone Rival Samsung Launches Satellite Connectivity Technology For Its Smartphones,0.41004093643277884,neutral
2023-02-24,"Warren Buffett’s most important lessons on investing and portfolio growth, according to Lee Munson",0.09874716773629189,neutral
2023-02-24,"3 Hot Stocks for Monday: Predictions for ZM, WDAY, BRK.B",-0.001070503145456314,neutral
2023-02-24,Warren Buffet's trip up the billionaire's list,0.01732809469103813,neutral
2023-02-25,Warren Buffett: 'There will be no finish line' at Berkshire Hathaway,-0.04700622521340847,neutral
2023-02-25,"Apple iPhone thieves using simple trick to take everything, report finds",0.010345065966248512,neutral
2023-02-25,Warren Buffett's annual letter to shareholders - Yahoo Finance's top 3 takeaways,0.09866070933640003,neutral
2023-02-26,Better Buy: Apple Stock vs. Disney Stock,0.10632795467972755,neutral
2023-02-26,Four Ways to Speed Up—and Clean Up—Your Smartphone,0.08005517069250345,neutral
2023-02-26,2 Monster Metaverse Stocks to Buy for the Long Haul,0.08430931903421879,neutral
2023-02-27,Why Jeff Bezos and other billionaires want NFL teams,-0.013200491666793823,neutral
2023-02-27,25 Freest Countries In the World,0.17301032599061728,neutral
2023-02-27,Mimic Warren Buffett's Strategy With These 3 Stocks,0.09488824289292097,neutral
2023-02-28,Apple’s Growth at the App Store Is Slowing. Things Could Get Tougher From Here.,-0.9511451786383986,negative
2023-02-28,25 Best Countries to Start a Business,0.16744944266974926,neutral
2023-02-28,"Apple Suppliers Racing to Exit China, AirPods Maker Says",-0.491250678896904,negative
2023-03-01,"Apple, Samsung outlook grows darker as another smartphone decline is expected in 2023",-0.9594298982992768,negative
2023-03-01,Are Artificial Intelligence Investors Overlooking Apple?,-0.03140534460544586,neutral
2023-03-01,Pennsylvania Farmer Behind $5 Trillion Trend Speaks Out: I Created A Monster,0.08497980237007141,neutral
2023-03-02,"Key iPhone Supplier Foxconn Cuts Record Deal To Manufacture Electronics In India, Likely To Create 100K Jobs",-0.8743248246610165,negative
2023-03-02,UPDATE 3-AI boost lifts Broadcom forecast amid lingering enterprise weakness,0.530834749341011,positive
2023-03-02,Salesforce CEO Marc Benioff Responds to Shareholders’ Push For Change,0.17071794532239437,neutral
2023-03-03,"Market Rally Roars Back: What You Should Do Now; Apple, Tesla Lead 7 Stocks Near Buy Points",0.5597211867570877,positive
2023-03-03,Weekly Roundup,-0.060553889721632004,neutral
2023-03-03,"US STOCKS-Wall Street closes sharply higher, notches weekly gains as Treasury yields ease",0.8047646135091782,positive
2023-03-04,1 Green Flag and 1 Red Flag for Artificial Intelligence Stocks,0.05213916953653097,neutral
2023-03-04,Apple tops ranking of global companies with the most 'green' revenue,0.7082090843468904,positive
2023-03-04,3 Reasons to Sell Your Defense Stocks Now,-0.008467160165309906,neutral
2023-03-05,2 Best Buffett Stocks to Buy for the Long Haul,0.08839453384280205,neutral
2023-03-05,"Dow Jones Futures: As Market Rally Revives, Do This; Tesla Among 7 Stocks Near Buy Points",0.38480846025049686,neutral
2023-03-05,11 High Growth Monthly Dividend Stocks to Buy,0.22252032719552517,neutral
2023-03-06,Apple (AAPL) Outpaces Stock Market Gains: What You Should Know,0.14487935416400433,neutral
2023-03-06,10 Hot Growth Stocks To Buy Now,0.04011976532638073,neutral
2023-03-06,"Time to Buy Apple, Alphabet, or Amazon Stock for More Upside?",0.006996056064963341,neutral
2023-03-07,Sports streaming rights won’t ‘just go to one or two FAANGs’: Analyst,-0.002895364537835121,neutral
2023-03-07,Dow Jones Tumbles Over 500 Points On 'Faster' Fed Chief Powell; Tesla Falls Below Key Level,-0.9187350161373615,negative
2023-03-07,Insiders Just Bought $1 Million of This Deep Value Tech Stock,0.04622560739517212,neutral
2023-03-08,Apple backs new music startup,0.09447036497294903,neutral
2023-03-08,Apple to Shake Up International Sales Operations to Make India Its Own Region,-0.3593735136091709,neutral
2023-03-08,Apple to shake up international businesses' management to focus on India - Bloomberg News,-0.09638437442481518,neutral
2023-03-09,"Dow Jones Loses Key Level Ahead Of Payroll Numbers; Banking, China Stocks Tumble",-0.5558462291955948,negative
2023-03-09,One Stock Republican Congressmen Are Quietly Investing In,0.0028057172894477844,neutral
2023-03-09,"3 Hot Stocks for Tomorrow: Thursday Predictions for AAPL, ULTA, AMZN",-0.00507069006562233,neutral
2023-03-10,These 3 Tech Companies Generate Substantial Cash,0.5819915253669024,positive
2023-03-10,"Shareholders Side With Apple on Contentious Votes, Analyst Eyes $230 Per Share",-0.07040783762931824,neutral
2023-03-10,Weekly Roundup,-0.060553889721632004,neutral
2023-03-11,2 Top Warren Buffett Stocks to Buy Right Now,0.039228424429893494,neutral
2023-03-11,Zoom's Growth Is Slowing but It's Not Done,-0.8916630391031504,negative
2023-03-11,Apple introduces new bright yellow iPhone 14 lineup,0.28123846277594566,neutral
2023-03-12,3 Top Tech Stocks to Buy During a Recession,0.06766140833497047,neutral
2023-03-12,"Got $1,000? 5 Buffett Stocks to Buy and Hold Forever",0.02743533067405224,neutral
2023-03-12,2 Top Bargain Stocks Ready for Bull Runs,0.08879315853118896,neutral
2023-03-13,7 Surefire Stocks With the Most Gangbuster Potential,0.05872417241334915,neutral
2023-03-13,20 Most Valuable European Tech Companies In The World,0.37114860862493515,neutral
2023-03-13,Buffett's Berkshire Hathaway Financial Stocks Slide on Silicon Valley Bank Fallout,-0.9316083965823054,negative
2023-03-14,Apple plans to delay bonuses for some employees: report,-0.8477339223027229,negative
2023-03-14,Apple will reportedly postpone some bonuses until later in the year,-0.37192514911293983,neutral
2023-03-14,"Uber, Lyft: California court upholds Prop. 22 ruling on gig workers",-0.8509223386645317,negative
2023-03-15,"Microsoft, Apple and Meta outperform as investors seek safety from SVB chaos in megacap tech stocks",-0.9286187291145325,negative
2023-03-15,"Apple iPhone manufacturer FoxConn warns on waning electronics demand, reliance on China",-0.9472375772893429,negative
2023-03-15,"Dow Jones Closes Off 2023 Lows; These Tech Titans Lift Nasdaq, But Market Strains Build",-0.8815907947719097,negative
2023-03-16,"Stock Market Rallies As 11 Bank Giants Aid First Republic, But FRC Dives Late; Apple, Microsoft Flash Buy Signals",0.016769617795944214,positive
2023-03-16,3 Big Tech Stocks are Holding Up the Entire Market,-0.3207898288965225,negative
2023-03-16,Is This PayPal's Biggest Threat?,-0.4625214673578739,negative
2023-03-17,Weekly Roundup,-0.060553889721632004,neutral
2023-03-17,Better Growth Stock: Nvidia vs. Apple,0.8899817075580359,positive
2023-03-17,Apple Pay vs. Google Wallet,0.1254254225641489,neutral
2023-03-18,15 Most Promising Long-Term Stocks According to Analysts,0.16863897442817688,neutral
2023-03-18,Graham Stephan Stock Portfolio: 10 Stock Picks,-0.00025862082839012146,neutral
2023-03-18,7 Best Stocks to Buy for a Sideways Market,0.051779795438051224,neutral
2023-03-19,The Problem With Your Dying AirPods and Other Bluetooth Earbuds,-0.19192073680460453,neutral
2023-03-19,You Can Save $100 or More on These 10 Costco Buys Now,0.05663746315985918,neutral
2023-03-19,"Why Apple, Warner Bros. Discovery, and AMD Are No-Brainer Buys Right Now",-0.0011751949787139893,neutral
2023-03-20,RPC and Thor Industries have been highlighted as Zacks Bull and Bear of the Day,0.6691044354811311,positive
2023-03-20,Microsoft Could Become the World's First $5 Trillion Company By 2030,0.20210863184183836,neutral
2023-03-20,Apple (AAPL) Outpaces Stock Market Gains: What You Should Know,0.14487935416400433,neutral
2023-03-21,Apple Stock Gears Up for Major Breakout,0.1283089853823185,neutral
2023-03-21,Apple's Latest Moves To Abandon China Require A Big Lift: Changing India's Rules,0.2256561229005456,neutral
2023-03-21,12 Best Biotech Stocks To Buy Under $20,0.24859481491148472,neutral
2023-03-22,"7 Hot Stocks To Turn $1,000 Into $10,000 By 2030",0.2925990205258131,neutral
2023-03-22,Thursday Predictions: 3 Hot Stocks for Tomorrow,0.0044757165014743805,neutral
2023-03-22,"Dow Jones Falls 530 Points As Banks Lead Fed Sell-Off; Apple, 5 Titans Mask Market Weakness",-0.6292905509471893,negative
2023-03-23,Apple Has a Billion-Dollar Blockbuster Idea Movie Goers Will Love,0.18783592246472836,neutral
2023-03-23,Watching Meta Over One Year: This Was The Headline On Meta Employees One Year Ago; What Changed?,-0.03420479781925678,neutral
2023-03-23,Best Dividend Stock to Buy: Apple vs. Microsoft vs. Home Depot vs. Starbucks,0.273595854640007,neutral
2023-03-24,Apple CEO Tim Cook one of few US execs expected to attend China investment conference amid tensions,0.024683212861418724,neutral
2023-03-24,1 Big Reason to Buy This Nasdaq Stock Hand Over Fist Before It Is Too Late,0.09191376622766256,neutral
2023-03-24,Weekly Roundup,-0.060553889721632004,neutral
2023-03-25,"Panera Bread palm scanners ‘provide another level of convenience, personalized service’: CEO",0.15726626105606556,neutral
2023-03-25,Apple’s Tim Cook Upbeat in Beijing as China Courts Global CEOs,-0.009842604398727417,neutral
2023-03-25,Apple’s Tim Cook Takes Stage in China to Welcoming Applause,0.15954165160655975,neutral
2023-03-26,Better Buy: Alibaba vs. Shopify,0.30481995828449726,neutral
2023-03-26,Apple CEO Tim Cook welcomed with applause at Beijing conference sponsored by Chinese government,0.47024359554052353,neutral
2023-03-26,30 Cities With the Most Billionaires in the World,0.04382516071200371,neutral
2023-03-27,Apple Snaps AI Startup WaveOne Specializing In Compressing Videos,0.15133028849959373,neutral
2023-03-27,Apple (AAPL) Stock Sinks As Market Gains: What You Should Know,-0.23663878813385963,neutral
2023-03-27,3 Blue-Chip Stocks to Buy for Stability and Safety,0.14230242278426886,neutral
2023-03-28,Apple Starts to Roll Out ‘Pay Later’ Service After Delay,0.04825899749994278,neutral
2023-03-28,Apple Launches Apple Pay Later in the US,-0.008850067853927612,neutral
2023-03-28,"Apple Gangnam will welcome first customers this Friday, March 31 in South Korea",0.2563763437792659,neutral
2023-03-29,Is AppleCare Plus Worth It?,0.10620792768895626,neutral
2023-03-29,Why Investors Took a Shine to Apple Stock Today,0.012038692831993103,neutral
2023-03-29,Epic and Apple Make Metaverse Advances. That’s Bad News for Meta.,-0.9461648697033525,negative
2023-03-30,Streaming platforms vie for MLB broadcast deals this season as opening day takes the plate,0.2503544446080923,neutral
2023-03-30,Friday Predictions: 3 Hot Stocks for Tomorrow,0.014894071966409683,neutral
2023-03-30,'The odds are definitely growing' for a possible TikTok ban in the U.S.: Analyst,0.27951380610466003,neutral
2023-03-31,Apple wins reversal of $502 million VirnetX patent infringement verdict,-0.5043351948261261,negative
2023-03-31,Apple wins reversal of $502 mln VirnetX patent infringement verdict,-0.5053119957447052,negative
2023-03-31,Weekly Roundup,-0.060553889721632004,neutral
2023-04-01,Why You Should Buy Apple Stock,0.014388194307684898,neutral
2023-04-01,My Top FAANG Stock to Buy for the Second Half of 2023 (and Beyond),0.08208953496068716,neutral
2023-04-01,3 Robinhood Stocks to Buy Right Now,0.028153955936431885,neutral
2023-04-02,Apple's headset will land at a shaky time for the metaverse,-0.09687888622283936,neutral
2023-04-02,Elon Musk May Have a Chinese Surprise,-0.023246541619300842,neutral
2023-04-02,3 Growth Stocks That Are Leading the Innovation Race,0.16907332465052605,neutral
2023-04-03,Apple to cut small number of jobs in some corporate retail teams - Bloomberg News,-0.9298368375748396,negative
2023-04-03,'There are some questions' about how payment service companies make decisions: CFPB Director,-0.027375370264053345,neutral
2023-04-03,CFPB director Chopra says FSOC must 'seriously consider' big tech oversight,0.03422562777996063,neutral
2023-04-04,The 5 tech topics that are intriguing older Americans: report,0.014133507385849953,neutral
2023-04-04,"Congressional leaders set to warn Hollywood, Silicon Valley leaders on China ties",0.04368184693157673,neutral
2023-04-04,What is the metaverse?: Two experts give their take,0.005319831892848015,neutral
2023-04-05,The 3 Most Undervalued Warren Buffett Stocks to Buy in April 2023,0.08724984899163246,neutral
2023-04-05,Why Apple Stock Was Down on Wednesday,-0.8634711904451251,negative
2023-04-05,"Following ChatGPT Announcement, These Artificial Intelligence Focused ETFs Show Strong Gains",0.9385741706937551,positive
2023-04-06,The bitcoin whitepaper is probably on your Mac,-0.04714823514223099,neutral
2023-04-06,U.S. lawmakers set to meet with CEOs over China concerns,-0.02393469586968422,neutral
2023-04-06,The 3 Biggest Risks Facing GOOG Stock Today,-0.03363403305411339,neutral
2023-04-07,"The Old CEO’s Back, but It Doesn’t Mean Things Will Get Better",0.09514819830656052,neutral
2023-04-07,25 Gayest Cities in the World,-0.06473656743764877,neutral
2023-04-07,Is Lumentum Stock a Buy Now?,0.032959504052996635,neutral
2023-04-08,Here's How Amazon Could Become a $5 Trillion Stock Within a Decade,0.056640271097421646,neutral
2023-04-08,Tech Stocks Have Been on Fire. Earnings Could Spell Trouble.,-0.9551588483154774,negative
2023-04-08,What Does the S&amp;P 500 Index Measure and How Is It Calculated?,-0.013356899842619896,neutral
2023-04-09,3 Dividend Stocks Billionaires Seem to Love,0.09180893003940582,neutral
2023-04-09,A New Roster of Top Stock-Fund Managers,0.07637542486190796,neutral
2023-04-09,Stock Funds Rise 5.6% So Far in 2023,0.8864972870796919,positive
2023-04-10,Apple (AAPL) Stock Sinks As Market Gains: What You Should Know,-0.23663878813385963,neutral
2023-04-10,Time to Spring-Clean...Your Stock Portfolio,0.043393418192863464,neutral
2023-04-10,Japanese stocks surge on report of Warren Buffett interest,-0.4820467680692673,negative
2023-04-11,CORRECTED-Apple to invest another $200 million in carbon removal fund,0.35767110250890255,neutral
2023-04-11,Apple to invest another $200 million in carbon removal fund,0.37804155237972736,neutral
2023-04-11,What You Need to Know About Apple Pay Later,0.008742311969399452,neutral
2023-04-12,Pennsylvania Farmer Behind $5 Trillion Trend Speaks Out: I Created A Monster,0.08497980237007141,neutral
2023-04-12,12 Best Warren Buffett Stocks To Buy According to Hedge Funds,0.024272341281175613,neutral
2023-04-12,Earnings season: Which stock will be the biggest bellwether this quarter?,0.013331472873687744,neutral
2023-04-13,"Google’s Monopoly Delayed Innovations Like ChatGPT, DOJ Says",-0.8492823783308268,negative
2023-04-13,Dow Jones Ends On High Note; Buffett Makes Big Bet Ahead Of Bank Earnings,0.6920853890478611,positive
2023-04-13,A ‘Super App’ May Be Web3’s Super Power,0.018183138221502304,neutral
2023-04-14,Apple Makes Headway on New Mac Laptops as It Grapples With Slump,0.5511214584112167,positive
2023-04-14,Former Apple Computer CEO Lists Reno Mansion for $10.75 Million,-0.0022303052246570587,neutral
2023-04-14,"1 Hot Nasdaq Stock That Could Soar 70%, According to Wall Street",0.8877403065562248,positive
2023-04-15,Apple PC Shipments Plummet In 2023 -- Time to Sell the Stock?,-0.5079668145626783,negative
2023-04-15,5 Burning Questions for Apple,-0.0023863427340984344,neutral
2023-04-15,Apple to open new India stores in major commitment to world's 5th-largest economy,0.8536164574325085,positive
2023-04-16,"President Biden Wants to Ban Cars, Here are 23 Stocks to Buy",-0.040825165808200836,neutral
2023-04-16,7 Dividend Stocks to Buy That Are Backed by Strong Cash Flows,0.388369825668633,neutral
2023-04-16,10 Best FAANG Stocks To Buy Now,0.07362257689237595,neutral
2023-04-17,Apple (AAPL) Gains But Lags Market: What You Should Know,0.11848722770810127,neutral
2023-04-17,The 7 Top Stocks That Hedge Funds Are Buying Now,0.020159555599093437,neutral
2023-04-17,Apple Finds New Cash Opportunity in the Fifth Largest Economy,0.889246141538024,positive
2023-04-18,Apple's Next Growth Chapter Is Here,0.07840080745518208,neutral
2023-04-18,"Tech Firms Try to Muzzle Workers With NDAs, SEC Tipsters Say",-0.9342138571664691,negative
2023-04-18,"Apple opens its first store location in India, while preparing apps for mixed-reality headset",0.11304385401308537,neutral
2023-04-19,The simple reason tech thinks India is its next big market,0.10566165391355753,neutral
2023-04-19,3 Tech Stocks That Still Have Room to Run,0.19098510220646858,neutral
2023-04-19,Apple CEO Tim Cook meets with Indian Prime Minister Modi after opening country's first store,0.10505822114646435,neutral
2023-04-20,"A U.S. economy decoupling from China is 'almost inevitable,' expert says",0.24078784883022308,positive
2023-04-20,3 ETFs to Buy for the AI Revolution,0.09079533070325851,neutral
2023-04-20,"In certain areas, India could be the new China: Analyst",0.06550895515829325,neutral
2023-04-21,Will Apple take a big bite out of the banks?,-0.11864155903458595,neutral
2023-04-21,Tech earnings to test markets' 'most crowded' trade,0.8259345591068268,positive
2023-04-21,Weekly Roundup,-0.060553889721632004,neutral
2023-04-22,"Apple Entering India a ‘Strategic Poker Move,’ Says Top Analyst",0.7758377864956856,positive
2023-04-22,The economic mood and other investing stories you may have missed this week,-0.038726527243852615,neutral
2023-04-22,A Bull Market Is Coming: 2 FAANG Stocks to Buy Right Now,0.16470621153712273,neutral
2023-04-23,7 Tech Stocks to Buy Now and Hold Forever,0.04380578547716141,neutral
2023-04-23,The 7 Best Emerging Markets Stocks to Invest in Now,0.22184692788869143,neutral
2023-04-23,Apple Is Still Sorting Out its Mixed-Reality Headset Strategy,-0.02211841195821762,neutral
2023-04-24,Apple (AAPL) Outpaces Stock Market Gains: What You Should Know,0.14487935416400433,neutral
2023-04-24,Apple Wins Appeal in App Store Case Brought by Fortnite Maker Epic Games,0.15222099423408508,positive
2023-04-24,Apple App Store Policies Upheld by Court in Antitrust Challenge Brought by Epic Games,-0.7957488745450974,negative
2023-04-25,"Apple developing AI-powered health coaching service, emotional tracking tools: report",0.11244529020041227,neutral
2023-04-25,Apple Wins Another Court Ruling. Its App Store Dominance Remains.,-0.08115008473396301,neutral
2023-04-25,Meta Muddles AI Progress: Chip Project Mishaps and Metaverse Ambitions Inflate Costs,-0.9115610187873244,negative
2023-04-26,"Apple, Android rivals see first-quarter drop in China phone shipments - research firm",-0.955610335804522,negative
2023-04-26,7 Low-Risk Stocks to Buy if You Only Want to Beat Inflation,0.03839816153049469,neutral
2023-04-26,"Apple, Android rivals see Q1 drop in China phone shipments - research firm",-0.9515648344531655,negative
2023-04-27,3 Stocks to Buy for Investors Looking for Flight to Safety,0.10778422094881535,neutral
2023-04-27,15 Largest PC Companies in the World,0.10436084773391485,neutral
2023-04-27,Apple Pay Later won't affect us for years: Klarna CEO,0.006615038961172104,neutral
2023-04-28,Call This the Frozen Orange Juice Market: Highly Concentrated,0.04978047125041485,neutral
2023-04-28,Breaking Down Big Tech Earnings,-0.30012671276926994,neutral
2023-04-28,Weekly Roundup,-0.060553889721632004,neutral
2023-04-29,3 Stocks to Buy Before They Become the Next Trillion-Dollar Companies,0.0440349318087101,neutral
2023-04-29,2 Stocks to Invest in Virtual Reality,0.11350034084171057,neutral
2023-04-29,"3 Semiconductor Stocks to Buy for Big, Long-Term Gains",0.14374645333737135,neutral
2023-04-30,AI faces a long road ahead in healthcare — 'It lacks structure',-0.04064487665891647,neutral
2023-04-30,25 Largest VC Backed Companies In The US in 2023,0.12328465562313795,neutral
2023-04-30,"Fed decision, Apple earnings, April jobs report: What to know this week",-0.19028882682323456,neutral
2023-05-01,Big Tech Earnings: Time to Take Another Bite of Apple?,-0.023458704352378845,neutral
2023-05-01,US judge declares mistrial in Apple-Masimo smartwatch trade secrets fight,-0.9042790737003088,negative
2023-05-01,UPDATE 2-US judge declares mistrial in Apple-Masimo smartwatch trade secrets fight,-0.8928868034854531,negative
2023-05-02,10 Best Consumer Electronics Stocks To Buy,0.18104014359414577,neutral
2023-05-02,"Apple Earnings May Fall 10% As iPad, Mac Sales Drag",-0.964391847141087,negative
2023-05-02,Apple and Google hit back at AirTag stalking with new proposed industry specification,-0.03675558418035507,neutral
2023-05-03,Qualcomm Slides After Forecast Signals Phone Slump Will Drag On,-0.8959633111953735,negative
2023-05-03,10 Best Engineering Stocks to Buy Now,0.09161805547773838,neutral
2023-05-03,Time to Buy Apple Stock for More Upside as Earnings Approach?,0.10188710503280163,neutral
2023-05-04,Apple’s iPhone sales rebound after holiday challenges,0.8678982146084309,positive
2023-05-04,Apple's second-quarter revenue and earnings come in above estimates,-0.007742643356323242,negative
2023-05-04,Apple's Q2 earnings call: Where's the AI talk?,-0.09579453617334366,neutral
2023-05-05,"Markets Lifted by Bank Stocks, Apple",0.6246086284518242,positive
2023-05-05,"JPMorgan Chase, Anheuser-Busch, Apple: Stocks That Defined the Week",-0.0016751103103160858,neutral
2023-05-05,Weekly Roundup,-0.060553889721632004,neutral
2023-05-06,"Buffett and Munger Talk AI, Robotics, and More at Berkshire Hathaway's Annual Meeting",0.01587750017642975,neutral
2023-05-06,"Buffett addresses stake in Apple, Occidental Petroleum, and issues warning about the streaming business",-0.2171618863940239,neutral
2023-05-06,Berkshire Hathaway: What you need to know from the annual shareholders meeting,0.0055818092077970505,neutral
2023-05-07,Apple Threatens To Take a Bite Out of Regional Banks,-0.9177937507629395,negative
2023-05-07,Where Will Qualcomm Stock Be in 1 Year?,0.004823947325348854,neutral
2023-05-07,This week in tech: A banner week for Apple; whiplash for AMD,0.13238438963890076,positive
2023-05-08,Berkshire's Occidental stake shows 'good and fair value' Warren Buffett is comfortable with: Analyst,0.33162970561534166,neutral
2023-05-08,Apple Sells $5.25 Billion in Five-Part Dollar Bond Sale,0.0671842209994793,neutral
2023-05-08,Invest Like Warren Buffett With These 3 Stocks,0.041869642212986946,neutral
2023-05-09,Income Investing: 3 Technology Stocks Worth Consideration,0.08974281512200832,neutral
2023-05-09,"Despite An Another Bad Update, Intel Still Believes It Can Uplevel Its Chip Game",0.9371895175427198,positive
2023-05-09,What's Going On With SPDR S&amp;P 500 ETF Today,-0.13492222502827644,neutral
2023-05-10,"An Analyst’s Deep Dive Into Apple TV+ Estimates Strong Growth, But Big Losses",0.8293168544769287,positive
2023-05-10,10 Electronics To Buy at Costco If You Want To Save,0.027371156960725784,neutral
2023-05-10,Google Launches Pixel Tablet With Special Features and Price to Challenge Apple,0.6479355096817017,positive
2023-05-11,AI Initiatives — And This Business — Have Google Stock On Cloud 9,0.05331309512257576,neutral
2023-05-11,Apple has its eyes on the prize,-0.03207430988550186,neutral
2023-05-11,Warren Buffett’s $5.7 Billion Dividend Portfolio: Top 15 Picks,0.0011032074689865112,neutral
2023-05-12,GM should not force Apple CarPlay out of the front seat,-0.07981676235795021,neutral
2023-05-12,Apple reportedly set to unveil its mixed-reality headset,0.037746962159872055,neutral
2023-05-12,GuruFocus Feature Update: Balance Sheet and Cash Flow Statement Charts,-0.011537836864590645,neutral
2023-05-13,30 Colleges With the Lowest Acceptance Rates,-0.9466230161488056,negative
2023-05-13,One of the Single Most Important Metrics for Apple Investors Just Got Better,0.5058110887184739,positive
2023-05-13,Is It Time to Sell This Top iPhone Chip Supplier?,0.06966963782906532,neutral
2023-05-14,Apple Insider Lowered Holding By 39% During Last Year \,-0.9232870414853096,negative
2023-05-14,Is Apple Now a Top Dividend Stock?,0.024909380823373795,neutral
2023-05-14,Billionaire Ken Fisher’s Top 10 Stock Picks,0.06837991066277027,neutral
2023-05-15,3 Penny Stocks Backed by Billionaire Investors,0.026045717298984528,neutral
2023-05-15,3 Top Warren Buffett Holdings to Buy (That Are Not Apple),0.050367821007966995,neutral
2023-05-15,5 Stocks to Buy Before They Become the Next Trillion-Dollar Companies,0.04391873348504305,neutral
2023-05-16,"Apple's New Assistive Technology: Empowering Users with Cognitive, Speech, and Vision Disabilities",0.32414814084768295,neutral
2023-05-16,FirstFT: US accuses ex-engineer of stealing Apple’s trade secrets,-0.7784844562411308,negative
2023-05-16,Don’t Panic. 3 Defensive Stocks to Diversify Into ASAP,0.5834634555503726,positive
2023-05-17,Montana governor bans TikTok. But can the state enforce the law?,-0.05984262749552727,neutral
2023-05-17,Apple’s Next Product Faces a Long History of Flops,-0.9270521188154817,negative
2023-05-17,2 Green Flags for Apple Stock Investors in 2023 (and Beyond),0.24465193133801222,neutral
2023-05-18,Explainer-How Montana could enforce a TikTok ban,-0.00641757994890213,neutral
2023-05-18,Apple Drops the Answer to an ESPN Bombshell,-0.4327458553016186,neutral
2023-05-18,Apple restricts use of OpenAI's ChatGPT for employees -WSJ,-0.5746430214494467,negative
2023-05-19,"Apple, Goldman Sachs, and Samsung among growing list of companies banning employees from using ChatGPT at work",-0.7210311153903604,negative
2023-05-19,Google and Samsung are wasting a golden opportunity with their foldable phones,-0.563210628926754,negative
2023-05-19,Why Montana's TikTok ban faces massive challenges,-0.14683736488223076,neutral
2023-05-20,Apple Users Can 'Talk' To ChatGPT Using New App. Here's What You Can Do With It.,0.027728255838155746,neutral
2023-05-20,Why Is Everyone Talking About Apple Stock?,-0.16280915774405003,neutral
2023-05-20,Top 20 Most Popular Consumer Electronics Brands,0.06984549760818481,neutral
2023-05-21,Revealed: The most convincing scams of 2023 so far,0.040056850761175156,neutral
2023-05-21,15 Stocks Warren Buffett Sold,-0.0017284862697124481,neutral
2023-05-21,7 Promising Growth Stocks to Buy Hand Over Fist,0.48244463838636875,positive
2023-05-22,Buyers Swarmed These 3 Stocks Post-Earnings,0.12889181822538376,neutral
2023-05-22,What's Going On With Meta Stock Monday,-0.4349177125841379,neutral
2023-05-22,What Is Going On With Amazon Stock Monday,-0.40128129720687866,neutral
2023-05-23,3 Stocks Getting a Warren Buffett Boost,0.18535052984952927,neutral
2023-05-23,The 3 Best Income Stocks to Buy in a Rising-Interest-Rate Scenario,0.08185420371592045,neutral
2023-05-23,"Midday movers: AutoZone, Broadcom, Lowe's and more",0.00876707024872303,neutral
2023-05-24,30 Colleges With the Highest Acceptance Rates,0.5730725228786469,positive
2023-05-24,2 Dividend Stocks Putting More Money in Investors' Pockets,-0.40228746831417084,negative
2023-05-24,Billionaire Cliff Asness 2023 Portfolio: Top 10 Blue Chip Value Stocks,0.056594280526041985,neutral
2023-05-25,"Bill Ackman Thinks Rival Icahn's Firm Still Overvalued, Nvidia Nears $1 Trillion Market Cap, Freshpet's Largest Shareholder Pushes For Board Overhaul: Today's Top Stories",-0.05050716921687126,neutral
2023-05-25,Why Dish Stock Is Soaring Thursday,0.22652265802025795,neutral
2023-05-25,3 Long-Term Stocks That You Can Hold for the Long Haul,0.03717455454170704,neutral
2023-05-26,"S&amp;P 500 jumps as Washington closes in on debt-ceiling agreement, tech rallies",0.041304171085357666,positive
2023-05-26,Stock market today: Dow ends week lower despite rally on debt-ceiling optimism,-0.9364859126508236,negative
2023-05-26,Louis Navellier’s 2023 Portfolio: 15 Growth Stocks to Watch,0.01638779416680336,neutral
2023-05-27,3 High-Growth Stocks to Buy Before They Join the Trillion-Dollar Club,0.054539645090699196,neutral
2023-05-28,7 Overvalued Value Stocks to Sell Before June 2023,0.01135488972067833,neutral
2023-05-28,ChatGPT Stock Portfolio: Top 10 Picks,0.07418165169656277,neutral
2023-05-28,15 Best Blue Chip Stocks To Buy According to Hedge Funds,0.08498462289571762,neutral
2023-05-29,7 Stocks That Could Be the Next $500 Billion-Dollar Companies,0.00836011953651905,neutral
2023-05-29,14 Best Self-Driving Car Stocks To Invest In,0.20891408063471317,neutral
2023-05-29,3 Top Growth Stocks to Make You the Millionaire Next Door,0.11283900402486324,neutral
2023-05-30,Apple to invest in India: Can the country overtake China as a manufacturing leader?,0.5365982493385673,positive
2023-05-30,11 Best AI ETFs to Invest In 2023,0.14835178200155497,neutral
2023-05-30,Dow Jones Today: Index Down on Debt Ceiling Jitters,-0.9524688189849257,negative
2023-05-31,"Apple's App Store generated $1.1 trillion in billings, sales in 2022: Study",0.08447135798633099,neutral
2023-05-31,Apple's Reality Pro to Set New Trends in Mixed Reality Market: Analyst,0.2169135119765997,neutral
2023-05-31,Apple Tests New High-End Macs With M2 Max and M2 Ultra Chips Ahead of WWDC,0.22732714004814625,neutral
2023-06-01,Apple denies hacking thousands of iPhones in Russian spy plot,-0.4575122743844986,negative
2023-06-01,Russia Accuses US Intelligence of Hacking Thousands of iPhones,-0.8225364107638597,negative
2023-06-01,Broadcom CEO Sees Rising AI Chip Demand. Earnings Were Strong.,0.9407658092677593,positive
2023-06-02,Apple (AAPL) Gains But Lags Market: What You Should Know,0.11848722770810127,neutral
2023-06-02,Weekly Roundup,-0.060553889721632004,neutral
2023-06-02,Apple bulls are bracing for a Tim Cook ‘flex’ moment,0.15533608198165894,neutral
2023-06-03,"Stock Market Rally Makes Bullish Character Change With Tesla, Apple In Focus; Here's What To Do Now",0.03712231665849686,neutral
2023-06-03,Here’s What Investors Should Know as Actively Managed ETFs Take Off,0.0175092201679945,neutral
2023-06-03,Want Passive Income in a Bear Market? 2 Stocks Warren Buffett Bought.,0.020312802866101265,neutral
2023-06-04,"Dow Jones Futures Loom: Market Rally Shows Character Change; Tesla, Apple, Saudi Cut In Focus",0.2804912179708481,positive
2023-06-04,Tim Cook and Apple May Introduce a Key New Product At WWDC23,0.3264820952899754,neutral
2023-06-04,Dow Jones Futures: Character Change For Market; Oil Prices Jump On Saudi Output Cut,-0.24297985434532166,negative
2023-06-05,A Unique Way To Play The Coming $700 Billion Electric Vehicle Boom,0.18415434751659632,neutral
2023-06-05,Apple Headset Looks Sleek in Person But Battery Pack Stands Out,0.6141313146799803,positive
2023-06-05,Apple's New Headset Could Change the Way We Design the Metaverse,0.014215990900993347,neutral
2023-06-06,What Apple's VR headset means for Meta,0.02153497189283371,neutral
2023-06-06,What Apple’s Vision Pro headset means for the metaverse,0.06480163335800171,neutral
2023-06-06,Apple's Vision Pro goggles unleash a mixed reality that could lead to more innovation and isolation,0.1543375477194786,neutral
2023-06-07,"Screen Of The Day: Fund Managers Soak Up Apple, Microsoft, Walmart",0.028989480808377266,neutral
2023-06-07,Kevin O'Leary Voices His Support For Apple's Latest Product Launch,0.42441768012940884,neutral
2023-06-07,3 AI Stocks Warren Buffett Is Betting On,0.025684969499707222,neutral
2023-06-08,7 Tech Stocks to Avoid Like the Plague in June,0.02139558643102646,neutral
2023-06-08,Apple (AAPL) Outpaces Stock Market Gains: What You Should Know,0.14487935416400433,neutral
2023-06-08,7 Momentum Stocks That Could Skyrocket in the Next 12 Months,-0.8169194832444191,negative
2023-06-09,"The Score: Apple, Coinbase, and More Stocks That Defined the Week",0.012012843042612076,neutral
2023-06-09,Has Qualcomm Already Beaten Apple to the Punch in Smartphone AI?,0.09783283621072769,neutral
2023-06-09,Apple and Amazon failed to win a dismissal of an iPhone price-fixing lawsuit against them,-0.7991228997707367,negative
2023-06-10,Is AI Taking Tech to the Top?,0.06777947023510933,neutral
2023-06-10,12 Most Litigious Companies in America,0.07584960572421551,neutral
2023-06-10,3 Top Stocks and Cryptos to Buy and Hold for the Long Term,0.042419590055942535,neutral
2023-06-11,Better Buy: Apple vs. Meta Platforms,0.3108733631670475,neutral
2023-06-11,3 Stocks to Hold for the Next 20 Years,-0.01999712362885475,neutral
2023-06-11,U.S. Tech Giants Are Slowly Cutting Off Hong Kong Internet Users,-0.9166956599801779,negative
2023-06-12,Apple Shares Close at Record in Latest Sign of Big Tech’s Dominance,0.48338858038187027,positive
2023-06-12,Best Stock to Buy: Apple vs. Microsoft,0.15265534445643425,neutral
2023-06-12,"Oracle, Chegg, Apple: After-hours movers",-0.0160947497934103,neutral
2023-06-13,"Apple iPhone demand, Netflix push into live streaming, closed captions: Trending stories",0.03706303425133228,neutral
2023-06-13,"Dow Jones Today: Inflation Down, Index Up",0.5746920853853226,positive
2023-06-13,Apple stock hits record high,0.5183643251657486,positive
2023-06-14,Apple Rejects Bitcoin Wallet Zeus a Day After Threatening to Delist Damus,-0.41158904135227203,neutral
2023-06-14,Apple (AAPL) Outpaces Stock Market Gains: What You Should Know,0.14487935416400433,neutral
2023-06-14,Apple adds $25 million venture capital commitment for minority-owned businesses,0.4494775077328086,neutral
2023-06-15,10 A-Rated Stocks Billionaires Are Loading Up On,0.4970293343067169,positive
2023-06-15,Apple’s Expensive Valuation Seems Perplexing. These Factors Explain It.,-0.09317119419574738,neutral
2023-06-15,"Warren Buffett's $151 Billion Gamble: Customers Won't Trade Their Apple iPhones For $10,000, And Here's Why",0.01691514253616333,neutral
2023-06-16,Top 20 Most Profitable Tech Companies in the World,0.2366668749600649,neutral
2023-06-16,"3 Stocks to Buy for Long-Term, Life-Changing Returns",0.16603292990475893,neutral
2023-06-16,Analysts Are Downgrading These 10 Stocks,-0.9291402073577046,negative
2023-06-17,Left AirPod Seeking Right AirPod: People Pair Up When One Earbud Goes Missing,-0.19941574335098267,neutral
2023-06-17,Tech Investors: Pay Attention to Hype Cycles and Adoption Life Cycles,0.006784046068787575,neutral
2023-06-17,Missing an AirPod? These People Found Free Replacements—With Mixed Results,-0.6960518434643745,negative
2023-06-18,Review: Apple’s MacBook Air 15-inch is the Mac you’ve been waiting for,0.04822050221264362,neutral
2023-06-18,50 Largest Economies in the World in 2023,0.044973453506827354,neutral
2023-06-18,Unlock the Potential of These 7 Cash-Flow Machines,0.2512653227895498,neutral
2023-06-19,Is the Bear Market Over? Big Tech Already Told You the Answer,0.02065184712409973,neutral
2023-06-19,Meta Platforms (META) Brings AI in Audio Space With VoiceBox,0.08842007350176573,neutral
2023-06-19,3 Lesser-Known Stocks That Could Make You Rich,-0.07706847414374352,neutral
2023-06-20,Apple (AAPL) Gains As Market Dips: What You Should Know,0.10522715002298355,neutral
2023-06-20,7 Resilient Blue-Chip Stocks With Strong Growth Potential,0.921163760125637,positive
2023-06-20,It’s Been a Big Month for Videogames but VR Is Still on the Back Burner—Even After the Vision Pro,-0.00411631166934967,neutral
2023-06-21,Apple is plotting the death of the password,-0.3635160066187382,neutral
2023-06-21,"Apple’s Vision Pro software is now available for developers, as launch inches closer",0.4472415195778012,neutral
2023-06-21,Netflix Shakes Up the World of Password-Sharing,-0.10101888701319695,neutral
2023-06-22,2 Stocks to Watch From the Challenging Computer Industry,0.08870808407664299,neutral
2023-06-22,"Apple, Google, Microsoft CEOs Attend Modi Dinner at White House",-0.006747165694832802,neutral
2023-06-22,"Intel Voices Plans To Restructure Manufacturing Business, Bumble's BFF App, Spirit AeroSystems To Stop Work At Kansas Plant Amid Workers Strike: Today's Top Stories",-0.8944070916622877,negative
2023-06-23,Apple to Appeal Judge’s Ruling That It Violated Workers’ Rights,-0.8241059668362141,negative
2023-06-23,Weekly Roundup,-0.060553889721632004,neutral
2023-06-23,16 Biggest Smartphone Companies in the World in 2023,0.04396241903305054,neutral
2023-06-24,'Fewer swings but better swings': Netflix sets stage for next phase of content growth,0.5473638167604804,positive
2023-06-24,20 Most Profitable Universities in the World,0.3773320922628045,neutral
2023-06-24,Top 20 Highest Paid CEOs in the World,0.21025901287794113,neutral
2023-06-25,Join the Race to $10 Trillion With These 7 Top Valued Stocks,0.1686990549787879,neutral
2023-06-25,Dow Jones Futures Rise: Time To Buy These 5 Stocks Amid Market Pullback?,0.1299719363451004,neutral
2023-06-25,Dow Jones Futures Loom: Time To Buy These 5 Stocks Amid Market Pullback?,0.023618146777153015,neutral
2023-06-26,Damus Founder Now Expects Deplatforming From Apple App Store,-0.46965426206588745,negative
2023-06-26,Apple (AAPL) Dips More Than Broader Markets: What You Should Know,-0.2812502235174179,neutral
2023-06-26,3 Meme Stocks That Just Have No More Hope Left,-0.03515085205435753,neutral
2023-06-27,Apple Stock Sets Another Record High,0.43226267397403717,positive
2023-06-27,Microsoft Dreams Big,0.0177299864590168,neutral
2023-06-27,Microsoft Sends an Aggressive Message to Rivals,0.6913167526945472,positive
2023-06-28,Dow Jones Today: Index Down on Chip Fight Fears,-0.9429634930565953,negative
2023-06-28,FOCUS-Brands focus on stories in refining China livestreaming to boost profits,0.2734620049595833,neutral
2023-06-28,Brands focus on stories in refining China livestreaming to boost profits,0.3043587040156126,neutral
2023-06-29,Dow Jones Rallies As Fed Rate Hike Odds Rise With Inflation Report Due; Apple Nears $3 Trillion,0.3095878064632416,positive
2023-06-29,"Apple Stock Has Another 30% Upside, Citi Says in New Buy Rating",0.8522260673344135,positive
2023-06-29,Dow Jones Futures: Fed Rate Hike Odds Rise With Inflation Report Due; Citi Sees 27% Apple Upside,0.8473731130361557,positive
2023-06-30,Weekly Roundup,-0.060553889721632004,neutral
2023-06-30,"S&amp;P 500 Rallies Back To Highs As Apple, Nvidia Lead, But Watch For This; Tesla Deliveries Due",0.8313570208847523,positive
2023-06-30,These Are The Best Dow Jones Stocks Of 2023 So Far,0.1210340615361929,neutral
2023-07-01,Does Meta Have a Chance Against Apple in VR?,0.18094861041754484,neutral
2023-07-01,Goldman Mulls Exit of Apple Partnership in Further Retreat From Consumer Business,-0.7438958827406168,negative
2023-07-01,These 4 Measures Indicate That Apple (NASDAQ:AAPL) Is Using Debt Reasonably Well,0.7329620718955994,positive
2023-07-02,The 7 Most Undervalued Buffett Stocks to Buy Now: June 2023,-0.014973830431699753,neutral
2023-07-02,3 stocks that could still light up 2023 just like July 4 fireworks,0.28361167199909687,neutral
2023-07-02,Dow Jones Futures Due: Tesla Deliveries Hit Record Amid Price Cuts; Market Rally Back At Highs,0.8077605590224266,positive
2023-07-03,The 3 Best Momentum Stocks to Buy in July 2023,0.05416621267795563,neutral
2023-07-03,Apple (AAPL) Stock Sinks As Market Gains: What You Should Know,-0.23663878813385963,neutral
2023-07-03,3 Stocks to Sell in July,0.022523030638694763,neutral
2023-07-04,3 Tech Stocks to Sell in July Before They Crash and Burn,-0.16647346690297127,neutral
2023-07-04,3 Top Warren Buffett Dividend Stocks to Buy Now,0.048021350055933,neutral
2023-07-04,Apple loses London appeal in 4G patent dispute with Optis,-0.8740760777145624,negative
2023-07-05,Dow Jones Today: Index Drops on Fed Minutes,-0.9519187081605196,negative
2023-07-05,Triple Threat: 3 Mighty Brands Poised for 30% Upside (or More),0.8231488913297653,positive
2023-07-05,3 Beverage Stocks to Buy to Quench Your Thirst for Profits,0.09967449773102999,neutral
2023-07-06,12 Best Major Stocks to Buy Now,0.07542600482702255,neutral
2023-07-06,Kim Kardashian Stock Portfolio: 8 Stocks to Consider,-0.003264043480157852,neutral
2023-07-06,"Samsung Q2 sales, profit slide as chip drought continues",-0.9587911805137992,negative
2023-07-07,25 US Companies With The Highest Profit Margins,0.436569320037961,neutral
2023-07-07,Weekly Roundup,-0.060553889721632004,neutral
2023-07-07,The 3 Best Momentum Stocks to Buy in July,0.06396731361746788,neutral
2023-07-08,The threat of a UPS strike is testing the strength of the labor market,-0.7152649387717247,negative
2023-07-08,What Delta and General Mills Reveal About the Economy,-0.010601986199617386,neutral
2023-07-08,2 Roaring Stocks to Hold for the Next 20 Years,-0.046782154589891434,neutral
2023-07-09,Taiwan Semiconductor (TSMC) Stock: Bear vs. Bull,0.08723598718643188,neutral
2023-07-09,Can Shiba Inu Reach $1?,0.14197959564626217,neutral
2023-07-09,20 Countries With The Best Architecture,0.39938890375196934,neutral
2023-07-10,"Apple May Not Like It, but ‘Zapple Pay’ Finds Workaround for Bitcoin Tipping on Damus",0.8873043581843376,positive
2023-07-10,25 States with the Lowest Poverty Rates in America,-0.5026243925094604,negative
2023-07-10,Market heavyweights dip ahead of Nasdaq 100 rebalance,-0.651135616004467,negative
2023-07-11,Dow Jones Today: Index Jumps 300 Points,0.40559419244527817,neutral
2023-07-11,"Joel Greenblatt’s Return, Portfolio and Magic Formula",0.015818435698747635,neutral
2023-07-11,Apple (AAPL) Stock Sinks As Market Gains: What You Should Know,-0.23663728311657906,neutral
2023-07-12,"2 Unstoppable Stocks That Could Join Apple, Microsoft, Nvidia, Amazon, and Alphabet in the $1 Trillion Club",0.27911750227212906,neutral
2023-07-12,25 Most Owned Stocks by Hedge Funds,0.018260307610034943,neutral
2023-07-12,"Apple lands record 54 Emmy Award nominations, and makes history as ""Ted Lasso"" becomes the most Emmy-nominated comedy for the third consecutive year, and ""STILL: A Michael J. Fox Movie"" becomes most-nominated documentary",0.6986019369214773,positive
2023-07-13,3 Stocks to Buy for Artificial Intelligence (AI) Exposure,0.05407811887562275,neutral
2023-07-13,The 2023 Unhedged stock draft,0.007495017722249031,neutral
2023-07-13,"Dow Jones Futures: Stocks Run With Big Earnings, Nasdaq 100 Rebalance Due",0.30321091413497925,positive
2023-07-14,7 Hypergrowth Stocks That AI Is Loving in July,0.07555272057652473,neutral
2023-07-14,3 Unstoppable Growth Stocks to Buy If There's a Market Sell-Off,0.02557063102722168,neutral
2023-07-14,Weekly Roundup,-0.060553889721632004,neutral
2023-07-15,Why These 3 Stocks are the Worst Ways to Play Semiconductors Right Now,-0.52039510384202,negative
2023-07-15,16 Best Places to Retire in California in 2023,0.027752023190259933,neutral
2023-07-15,The Boom in Immersive Technology,0.3063235655426979,neutral
2023-07-16,The S&amp;P 500 Has Grown Top-Heavy. Here's Why That's a Problem.,-0.1587992012500763,neutral
2023-07-16,Apple Insider Lowered Holding By 39% During Last Year,-0.9345895200967789,negative
2023-07-16,2 Hot Stocks to Buy and Hold Until You Retire,0.009923312813043594,neutral
2023-07-17,Apple (AAPL) Outpaces Stock Market Gains: What You Should Know,0.14487935416400433,neutral
2023-07-17,Meta Faces Weight Cut in Nasdaq 100’s Special Rebalance,-0.8749946430325508,negative
2023-07-17,7 Growth Stocks to Buy to go Beyond the ‘Magnificent 7’,0.2188806412741542,neutral
2023-07-18,"7 Remarkable Stocks That Could Join Apple, Microsoft, Nvidia, Amazon, and Alphabet in the $1 Trillion Club",0.13706613797694445,neutral
2023-07-18,"Foxconn Invests in India, Procures $33M Equipment from Apple to Boost Local Operations",0.922984367236495,positive
2023-07-18,"Buy Bank of America, Sell Apple &amp; Nvidia: Strategist's stock picks",0.019266102463006973,neutral
2023-07-19,"Carvana debt, Apple AI, UPS-Teamster negotiations: Top Stories",0.07011709548532963,neutral
2023-07-19,"Top Analyst Just Compared Tesla to Apple In 2008 (Apple Is Up 3,873% Since)",0.8375286180526018,positive
2023-07-19,Apple Earnings Are Coming Soon. One Analyst Is Worried About iPhones Sales.,-0.9390737414360046,negative
2023-07-20,50 Largest Economies in the World Ranked by PPP,0.09261253662407398,neutral
2023-07-20,ETFs to Gain as Apple Reportedly Takes the Generative AI Leap,0.9219659715890884,positive
2023-07-20,Caution Ahead as Apple Navigates Growth,0.1796360146254301,neutral
2023-07-21,Apple’s Next Big Opportunity? Think India.,0.05986129306256771,neutral
2023-07-21,"FIFA Women's World Cup: Breaking down viewership, sports betting",-0.304467860609293,neutral
2023-07-21,"Meta Exec Nick Clegg talks White House AI meeting, regulation",-0.014979975298047066,neutral
2023-07-22,"Got $1,000? 5 Buffett Stocks to Buy and Hold Forever.",0.038498396053910255,neutral
2023-07-22,"2 Growth Stocks to Invest $1,000 in Right Now",0.04483380541205406,neutral
2023-07-23,"Tech Employee Stock Benefits Could Bite Back at Tax Time, Advisors Say",-0.9422914758324623,negative
2023-07-23,The 3 Best Value AI Stocks to Buy Right Now,0.039419930428266525,neutral
2023-07-23,"The stock market is overbought and due for a correction, says strategist",-0.9371764231473207,negative
2023-07-24,Apple (AAPL) Outpaces Stock Market Gains: What You Should Know,0.14487935416400433,neutral
2023-07-24,Apple faces $1 bln UK lawsuit by apps developers over app store fees,-0.9467166736721992,negative
2023-07-24,Apple faces $1 billion UK lawsuit by apps developers over app store fees,-0.939102353528142,negative
2023-07-25,France hits out at Apple over data use for advertising,-0.8920946512371302,negative
2023-07-25,Popular Apple Service About to Be Closed For Good,-0.22290992736816406,neutral
2023-07-25,"If You Can Only Buy 1 Long-Term Stock, It Better Be One of These Names",-0.000593084841966629,neutral
2023-07-26,Big Tech Allies Map Out a Challenge to Google and Apple,0.11730070412158966,neutral
2023-07-26,"Meta stock gains after earnings, guidance from Facebook parent top expectations",0.397566806524992,neutral
2023-07-26,Machine Learning Megatrends: 3 AI Stocks Set to Dominate,0.23441698774695396,neutral
2023-07-27,7 Semiconductor Stocks to Buy Before the Breakout,0.07278729975223541,neutral
2023-07-27,Is This The Best Way To Play The $700 Billion EV Boom?,0.05557524412870407,neutral
2023-07-27,50 Most Valuable Companies in the World by Market Cap,0.20348361693322659,neutral
2023-07-28,"Stock Market Action Plan: Apple, Amazon And An Upturn In Optimism",0.023616671562194824,neutral
2023-07-28,Offshore Wind Power’s True Costs,0.0470946803689003,neutral
2023-07-28,10 Recession-Proof Stocks Billionaires Are Loading Up On,0.3502469062805176,positive
2023-07-29,10 Stocks That Will Go Up 1000 Percent,0.32808799762278795,neutral
2023-07-29,Twitter Is Now 'X': How Other Rebrands Have Succeeded,0.011938441544771194,neutral
2023-07-29,Apple Admits to Bug in Screen Time Parental Controls,-0.8941487418487668,negative
2023-07-30,"Dow futures lift as rally continues, major tech earnings in focus",0.5901312381029129,positive
2023-07-30,"Dow Jones Futures Rise As Market Rally Powers Higher; Apple, Tesla Lead Stocks To Watch",0.8444900549948215,positive
2023-07-30,7 Dow Stocks to Buy as Recession Fears Roll Back,-0.28538180887699127,neutral
2023-07-31,The 2023 stock market rally got a lot healthier in June and July,0.5766084790229797,positive
2023-07-31,"Asian stocks push higher on tech strength, China lags",-0.262116938829422,negative
2023-07-31,"Dow Jones Futures: Microsoft, Tesla At Key Support Levels; 5 Big Earnings Movers",0.8127158097922802,positive
2023-08-01,15 Most Popular Music Streaming Services,0.031501421704888344,neutral
2023-08-01,"Apple Earnings Are Soon, and Analysts See the Stock Going Higher and Higher",0.9026047401130199,positive
2023-08-01,Apple heads for largest Q3 revenue drop since 2016 as iPhone sales slow,-0.960565323010087,negative
2023-08-02,Could Apple and the Pac-12 be teaming up?,0.032670626416802406,neutral
2023-08-02,Asian stocks fall as risk-off persists after U.S. rating cut,-0.9405819708481431,negative
2023-08-02,"Dow futures lift, Paypal dips 6.8% after earnings",-0.895245298743248,negative
2023-08-03,Apple posts net sales decrease for third quarter in a row,-0.9655393427237868,negative
2023-08-03,"Asian stocks flat before payrolls data, China up on stimulus promises",-0.48887190222740173,negative
2023-08-03,Apple Faces Longest Sales Slowdown in Decades as iPhone Slumps,-0.9603601251728833,negative
2023-08-04,15 Best Countries for International Students to Study and Work,0.2065891372039914,neutral
2023-08-04,PayPal Is at an Attractive Entry Point,0.8558638989925385,positive
2023-08-04,Weekly Roundup,-0.060553889721632004,neutral
2023-08-05,10 Oversold Blue Chip Stocks To Buy,-0.013694792985916138,neutral
2023-08-05,11 Jim Cramer Stock Picks this Week,0.012967903167009354,neutral
2023-08-05,10 Oversold Canadian Stocks To Buy,-0.6203591153025627,negative
2023-08-06,7 Top Stocks Billionaires Are Loading Up On,0.11691693589091301,neutral
2023-08-06,The Brilliant Reason Apple's Profits Are Still Growing,0.2724418519064784,neutral
2023-08-06,3 Cheap Metaverse Stocks That Smart Investors Will Snap Up Now,0.0716724842786789,neutral
2023-08-07,Over $200 billion of Apple’s market cap has vaporized since Thursday. Here’s what’s going on,-0.16443722322583199,neutral
2023-08-07,"Apple stock buybacks are still in full swing, and that’s good news for Warren Buffett",0.8786785136908293,positive
2023-08-07,Time to Bite on the Dip in Apple Stock After Earnings?,-0.42440473288297653,negative
2023-08-08,"No longer a $3 trillion company, Apple shares keep sliding week after fiscal Q3 earnings",-0.9616381647065282,negative
2023-08-08,The 7 Best Warren Buffett Stocks to Buy for August 2023,0.02909482829272747,neutral
2023-08-08,30 Most Important Entrepreneurs of All Time,0.11921366676688194,neutral
2023-08-09,Apple Stock Fell Again. Where It Might Be Headed Next.,-0.23302371427416801,neutral
2023-08-09,3 Growth Stocks to Sell in August Before They Crash and Burn,-0.0719277635216713,neutral
2023-08-09,The 3 Best Retirement Stocks to Buy in August,0.09209082461893559,neutral
2023-08-10,"Caltech reaches 'potential settlement' in Apple, Broadcom patent case",0.08639775216579437,neutral
2023-08-10,Apple Sales Are Dropping — What Does That Mean For Your AAPL Stock?,-0.9461968662217259,negative
2023-08-10,5 Signs a Market Bounce May Be Imminent,-0.31448162347078323,neutral
2023-08-11,Russian ministry bans employees from using iPhones for work - Ifax,-0.7862975709140301,negative
2023-08-11,Top 12 Undervalued Tech Stocks According to Wall Street Analysts,-0.7080940008163452,negative
2023-08-11,12 Undervalued Blue Chip Stocks To Buy According to Wall Street Analysts,0.516256108880043,positive
2023-08-12,3 Metaverse Stocks You’ll Regret Not Buying Soon,0.007707040756940842,neutral
2023-08-12,6 Cheapest Costco Deals on Electronics for Back to School 2023,0.28075649589300156,neutral
2023-08-12,Samsung Galaxy Z Flip 5 review: Foldables are here to stay,0.05936157517135143,neutral
2023-08-13,"1 Magnificent Warren Buffett Stock That Turned $10,000 Into $68,000",0.04191821813583374,neutral
2023-08-13,13 Best Wide Moat Stocks To Buy According To Hedge Funds,0.06297246180474758,neutral
2023-08-13,Goldman Sachs Tech Stocks: Top 12 Stock Picks,0.0027319490909576416,neutral
2023-08-14,Joel Greenblatt's Q2 2023 13F Filing Update: Key Transactions and Portfolio Overview,-0.00842035561800003,neutral
2023-08-14,"D.R. Horton, Lennar, NVR: After-hours movers",-0.019308140501379967,neutral
2023-08-14,David Rolfe's Q2 2023 13F Filing Update: Key Trades and Portfolio Overview,-0.005861865356564522,neutral
2023-08-15,How China's economic slowdown could impact corporate America,-0.21405325084924698,neutral
2023-08-15,Norway’s $1.4 Trillion Wealth Fund Returns 10% on Tech Surge,0.880871843546629,positive
2023-08-15,3 Stocks to Own if Interest Rate Cuts Are on the Horizon,0.04033941403031349,neutral
2023-08-16,15 Best Performing Stocks in the Last 3 Months,0.8804612215608358,positive
2023-08-16,PayPal's new CEO faces these 3 big challenges,0.03954480215907097,neutral
2023-08-16,3 Beaten-Down Value Stocks You’ll Regret Not Buying During This Nasdaq Correction,-0.09701774641871452,neutral
2023-08-17,"Apple should buy ESPN from Disney for $50 billion, says analyst who calls a deal a ‘no brainer’",0.07904629595577717,neutral
2023-08-17,Streamers betting on loyalty with price hikes,0.17108549177646637,neutral
2023-08-17,Apple should buy ESPN from Disney: Analyst,0.080781115218997,neutral
2023-08-18,Top 20 Spotify Users by Country,-0.008523628115653992,neutral
2023-08-18,25 Most Valuable Football Clubs in the World,0.28116817213594913,neutral
2023-08-18,1 Top Tech Stock to Buy During a Recession,0.09375808574259281,neutral
2023-08-19,Billionaire Stan Druckenmiller’s Small-Cap Stock Picks,0.0018177889287471771,neutral
2023-08-19,How Much Money Could You Get for Your Old iPhone?,0.045174891129136086,neutral
2023-08-19,2 Artificial Intelligence (AI) Growth Stocks That Could Join Apple Stock in the $3 Trillion Club by 2030,0.17479209136217833,neutral
2023-08-20,3 Top Stocks To Buy if There Is a Market Pullback,-0.15886785835027695,neutral
2023-08-20,Warren Buffett’s 11 Growth Stock Picks,0.018720347434282303,neutral
2023-08-20,10 Stocks ChatGPT Said Will Make Me Rich in 10 Years,0.203853877261281,neutral
2023-08-21,Lionel Messi is bringing an absolutely enormous pile of money into American soccer and MLS,0.057789698243141174,neutral
2023-08-21,Lawsuit claiming Apple Watch sensor exhibits 'racial bias' is dismissed,-0.7123092710971832,negative
2023-08-21,20 Cities With The Most Hispanics,-0.037464041262865067,neutral
2023-08-22,Streaming cancellation rates rose in July: Report,-0.6887413337826729,negative
2023-08-22,12 Most Undervalued Blue Chip Stocks to Buy According to Hedge Funds,0.07204465568065643,neutral
2023-08-22,"High Quality Bond Funds Get Bigger, Junk And Growth Fund Shrink -  ETF Winners And Losers: Mid-Cap Fund Flows",-0.16556432098150253,neutral
2023-08-23,Hollywood strikes: Studios release details of offer to WGA,-0.1454466823488474,neutral
2023-08-23,Apple (AAPL): An In-Depth Look at Its Fair Valuation,0.08266600128263235,neutral
2023-08-23,"Nvidia results, Russia plane crash, India moon landing: Top stories",0.023040588945150375,neutral
2023-08-24,Apple now supporting California's 'Right to Repair' bill,0.32894357293844223,neutral
2023-08-24,The Next Frontier of Tech Investment: 7 Augmented Reality (AR) Stocks for Your Watch List,0.030877141281962395,neutral
2023-08-24,Nvidia’s Market Value Climbed. The Math Behind It Surpassing Apple.,0.8779317447915673,positive
2023-08-25,"Amazon, Disney discussing ESPN streaming deal: Report",0.006896853446960449,neutral
2023-08-25,The GMO Frontier: 3 Synthetic Biology Stocks for Your Must-Buy List,0.04678397625684738,neutral
2023-08-25,Big Tech companies brace for impact of EU regulations,-0.5584300309419632,negative
2023-08-26,16 Highest Paying Countries for Project Managers,0.26898084953427315,neutral
2023-08-26,Buffett Stock Portfolio: Warren Buffett’s Recent Buys,0.010809322819113731,neutral
2023-08-26,7 Retail Stocks Ready to Get a Back-to-School Boost,0.7705208994448185,positive
2023-08-27,"Another Trump court date, US GDP update and pioneering moonshot",0.03460007160902023,neutral
2023-08-27,30 Biggest Companies in the World by 2023 Revenue,0.06450068019330502,neutral
2023-08-27,Better Growth Stock: Apple vs. AMD,0.9035175032913685,positive
2023-08-28,Apple Stock Is Off Way More Than  Nasdaq. What Went Wrong—and Could Go Right.,-0.879413416609168,negative
2023-08-28,Tim Cook Says 'Buy Your Mom An iPhone' If You Want To Communicate With Android Users — Compatibility Not A Priority For Apple,0.05867003835737705,neutral
2023-08-28,What's Going On With Apple Stock?,-0.5424951836466789,negative
2023-08-29,3 Millionaire-Maker Growth Stocks to Hold Through Thick and Thin,0.5850697755813599,positive
2023-08-29,Apple Stock Pops On Same Day It Earns A Rating Upgrade,0.16996682062745094,neutral
2023-08-29,Google unveils new AI products at 2023 Cloud Next event,0.043139586225152016,neutral
2023-08-30,Why 3D Systems Stock Zoomed Higher Today,0.49653806537389755,positive
2023-08-30,Apple’s Impact Accelerator picks 2 Bay Area sustainability startups,0.24847974069416523,neutral
2023-08-30,"Hollywood strikes, subscriber churn, sports rights: Big media woes",-0.711591262370348,negative
2023-08-31,'Magnificent Seven' investing playbook: Meta stock's path to $350 probably runs through AI,0.05292248725891113,neutral
2023-08-31,7 Ultimate Buy-and-Hold Stock Picks for Forever Investors,0.04403098672628403,neutral
2023-08-31,Apple reportedly doing 3D printing trials for watches,0.12397953867912292,neutral
2023-09-01,Tech suppliers in China skip seasonal hiring rush amid weak demand,-0.9523868737742305,negative
2023-09-01,SoftBank Lines Up Apple and Nvidia as Strategic Arm IPO Backers,0.4615115178748965,neutral
2023-09-01,Exclusive-Arm signs up big tech firms for IPO at $50 billion-$55 billion valuation-sources,0.06638878770172596,neutral
2023-09-02,Here's why stocks may surprise to the upside in September,-0.1917123794555664,neutral
2023-09-02,People Seem to Think AI Is the Best Investing Opportunity of Our Lifetime. How True Is That?,0.06017477065324783,neutral
2023-09-02,"Fitbits, Apple Watches and Other Fitness Trackers Really Do Make You Healthier",0.08680484350770712,neutral
2023-09-03,Jim Cramer Recommended These 10 Stocks,0.08686227910220623,neutral
2023-09-03,Why You Should—or Shouldn’t—Upgrade to the iPhone 15,0.03544415347278118,neutral
2023-09-04,"Apple and Microsoft say some services not popular to be ""gatekeepers"" under EU's new Digital Market Act- FT",0.02696327120065689,neutral
2023-09-04,Apple and Microsoft clash with EU over ‘gatekeeper’ label for iMessage and Bing,-0.9322952777147293,negative
2023-09-04,Apple and Microsoft say flagship services not popular enough to be ‘gatekeepers’,-0.9187601124867797,negative
2023-09-05,Apple inks new long-term deal with Arm for chip technology - filing,0.8443511994555593,positive
2023-09-05,The 3 Best Long-Term Stocks to Buy Now: September 2023,0.005221160128712654,neutral
2023-09-05,Investors Optimistic About S&amp;P 500: ETFs in Focus,0.20068778842687607,neutral
2023-09-06,"Apple stock dips, Disney &amp; Comcast's Hulu talks, Bankman-Fried setback: Top stories",0.030604634433984756,neutral
2023-09-06,"Asian stocks fall amid economic gloom, tech hit by U.S.-China woes",-0.9428301332518458,negative
2023-09-06,"Dow Jones Futures: S&amp;P 500 Breaks Key Level On Fed Fears, Apple Woes; What To Do Now",-0.2720632515847683,neutral
2023-09-07,Asia Stocks to Follow Wall Street’s Apple-Led Drop: Markets Wrap,-0.7081690356135368,negative
2023-09-07,"Arm touts cloud computing expansion, royalties to IPO investors",0.060842230916023254,neutral
2023-09-07,"Asian stocks sink on weak Japanese data, U.S.-China jitters hit tech",-0.9413973465561867,negative
2023-09-08,"Apple Stock Should Climb, Despite Move by China. Plus, the Case for CME Group.",0.9066592790186405,positive
2023-09-08,"VOO And SPY Up, IVV And VGT Down -  ETF Winners And Losers: Large-Cap Fund Flows",-0.2921661026775837,neutral
2023-09-08,"Dow Jones Futures: Rally Battered, Not Broken; Apple, 6 Cathie Wood Stocks Near Buy Points",0.5179387480020523,positive
2023-09-09,"Dow Jones Futures: Market Rally Battered; Apple iPhone, AI Giants Oracle, Adobe Loom",-0.8853866122663021,negative
2023-09-09,Apple event: Everything we expect from the company’s Sept. 12 showcase,0.013706251978874207,neutral
2023-09-09,iOS vs Android Market Share by Country: Top 30 Countries Using iPhones,0.040297405794262886,neutral
2023-09-10,"iPhone 15 launch: Release date, price and new features",0.009893620386719704,neutral
2023-09-10,"Dow Jones Futures Rise: Market Rally Pinned With Apple, Two AI Titans In Focus",0.08171078562736511,positive
2023-09-10,"Asian stocks dip as U.S. inflation looms, Alibaba leads tech losses",-0.9268950680270791,negative
2023-09-11,Asia Futures Mixed After Tech Stocks Lead US Rally: Markets Wrap,-0.18257397413253784,negative
2023-09-11,What Time Is Apple's Event Today—and How to Watch,-0.02592316083610058,neutral
2023-09-11,Apple expected to unveil next generation of iPhones as company tries to reverse a recent sales slump,0.7381541095674038,positive
2023-09-12,"Asian stocks dip as US inflation looms, tech weakness weighs",-0.9545759912580252,negative
2023-09-12,Apple’s iPhone 15 Pro Max Pushes Up the Price,0.7661473117768764,positive
2023-09-12,Get ready to replace all your iPhone charging cables because Apple just officially killed the Lightning connector,-0.07290318980813026,neutral
2023-09-13,My Top 3 ‘Total Return’ Picks for September 2023,-0.011413490399718285,neutral
2023-09-13,Is This a Dead-Cat Bounce? 3 Must-Buy Stocks Just in Case.,-0.041359398514032364,neutral
2023-09-13,Apple is inching you toward its more expensive iPhones,0.34570978581905365,positive
2023-09-14,Softbank shares rise as Arm IPO pops with 25% jump,0.8595121428370476,positive
2023-09-14,Apple Tech Support Staff Urged to Stay Mum on iPhone 12 Radiation Issue,-0.6521479748189449,negative
2023-09-14,US Companies are Loathing the Strong Dollar,-0.9324333220720291,negative
2023-09-15,Apple Could Jump 20% According to This Wall Street Analyst. Time to Buy?,0.09439316764473915,neutral
2023-09-15,"Mike Pence Pushes Ban on TikTok, Calling It a Communist Platform",-0.8256220258772373,negative
2023-09-15,Weekly Roundup,-0.060553889721632004,neutral
2023-09-16,The 3 Most Undervalued AI Stocks to Buy in September 2023,0.11050998419523239,neutral
2023-09-16,The Next Apple? 3 Tech Stocks That Can Hand You 10X Returns,0.07482217624783516,neutral
2023-09-16,3 Things About Apple That Smart Investors Know,0.04625559598207474,neutral
2023-09-17,My Take: 4 Strong Growth Stocks to Buy This Week,0.8247931562364101,positive
2023-09-17,10 NASDAQ Stocks with Biggest Upside,0.1188434436917305,neutral
2023-09-17,15 Most Innovative Startups in Sports,0.33870979398489,neutral
2023-09-18,Investors urged to focus on late-cycle stock sectors amid economic uncertainty,0.0839746743440628,neutral
2023-09-18,3 of the Worst Stocks of All-Time (That Warren Buffett Still Owns!),-0.7790094101801515,negative
2023-09-18,Asia Stocks Face Mixed Open With Focus on Rates: Markets Wrap,-0.8256778158247471,negative
2023-09-19,3 Dividend Stocks for 100% Total Returns by 2025,0.106020487844944,neutral
2023-09-19,"Apple's iOS 17 May Be An Upgrade, But Android Had Similar Features Years Ago",0.16438328847289085,neutral
2023-09-19,Amazon is making major moves right before its major tech expo,0.31280610244721174,neutral
2023-09-20,Apple Watch series 9 launches with new 'double tap' feature: How it works,0.16048929188400507,neutral
2023-09-20,7 S&amp;P 500 Stocks That Should Be on Every Investor’s Radar This Fall,0.058821048587560654,neutral
2023-09-20,Apple puts emphasis on gaming with the latest iPhone 15 release,0.14197605289518833,neutral
2023-09-21,Apple Is Giving Out Smaller Raises to Retail Employees in Post-Pandemic Slowdown,-0.2531377971172333,negative
2023-09-21,7 Warren Buffett Stocks That Should Be On Every Investor’s Radar This Fall,0.03934553824365139,neutral
2023-09-21,Apple (AAPL) Stock Moves -0.89%: What You Should Know,0.0004236847162246704,neutral
2023-09-22,"Here's How Nvidia, Apple, and Microsoft Could Pay You $1,000 Per Year in Dividend Income",0.02386048622429371,neutral
2023-09-22,Don’t Get Burned. 3 Hot Stocks to Sell Before the Coming Cooldown.,0.018358204513788223,neutral
2023-09-22,"Boost partners with Apple, Amazon in new wireless service",0.8957362296059728,positive
2023-09-23,Back-to-School Stocks,0.028461545705795288,neutral
2023-09-23,3 Warren Buffett Stocks You Can Buy in September and Hold Forever,0.020950067788362503,neutral
2023-09-23,Researchers discover attempt to infect leading Egyptian opposition politician with Predator spyware,-0.675184890627861,negative
2023-09-24,Apple: A potential Autumn windfall,-0.33829327300190926,neutral
2023-09-24,12 Best Places to Retire in Thailand,-0.01131155714392662,neutral
2023-09-24,UK competition authority provisionally approves Microsoft's acquisition of Activision Blizzard,-0.009541496634483337,neutral
2023-09-25,Doug Kass: My Real Money Pal Just Picked Berkshire for Q4. I Disagree,0.0540112741291523,neutral
2023-09-25,12 Best Low Cost ETFs,0.15624310448765755,neutral
2023-09-25,Why there may be less content coming to your streaming service,-0.18293101340532303,neutral
2023-09-26,Apple reveals groundbreaking new changes to AirPods Pro,0.5184961268678308,positive
2023-09-26,Caution! 3 Stocks That Could Get Rocked as Student Loan Payments Restart.,-0.9097662577405572,negative
2023-09-26,Why Would You Want to Own an Apple That's Going Bad?,-0.24718652106821537,neutral
2023-09-27,"Meta unveils new AR/VR headseat, smart glasses",0.1950612710788846,neutral
2023-09-27,Apple (AAPL) Stock Sinks As Market Gains: What You Should Know,-0.23663878813385963,neutral
2023-09-27,Apple iPhone 15 Pro Users Complain That Device Can Get Too Hot,-0.9408752536401153,negative
2023-09-28,Apple iPhone 15 Pro users reporting overheating issues,-0.9195352280512452,negative
2023-09-28,Fitbit Charge 6 brings better heart rate tracking and deeper Google integration,0.7074551060795784,positive
2023-09-28,Microsoft Discussed Selling Bing to Apple as Google Replacement,0.016110625118017197,neutral
2023-09-29,"Microsoft revealed this week that Apple used Bing as a ‘bargaining chip’ with Google, but it reportedly considered buying it and bringing search in-house",0.13518993463367224,neutral
2023-09-29,Apple finally solves a very urgent iPhone issue,-0.190100260078907,neutral
2023-09-29,Deep Value Stocks ETFs: Top 10 Picks,0.09323377721011639,neutral
2023-09-30,7 ‘Smart Money’ Stocks Set to Explode Higher,0.21898958832025528,neutral
2023-09-30,Apple identifies issues causing overheating in the iPhone 15,-0.7331808358430862,negative
2023-09-30,Apple to Address iPhone 15 Overheating Issues in iOS 17 Software Update,0.062429070472717285,neutral
2023-10-01,Apple iPhone 15 users complain about overheating issues as Apple prepares fix,-0.9524947488680482,negative
2023-10-01,Futurescape: Betting Big on These 3 Next-Gen Tech Stocks,0.6405138559639454,positive
2023-10-01,1 Apple Chip Supplier the Market Has Given Up On -- Time to Buy Before It Soars?,-0.125759094953537,neutral
2023-10-02,Microsoft Was Willing to Drop Bing Name to Nab Apple Search Deal,0.008321603760123253,neutral
2023-10-02,Apple iPhone 15 Pro Lead Times Shorten As Supply Catches Up With Demand,0.09153579920530319,neutral
2023-10-02,Nvidia &amp; Apple: What the charts show about the tech giants,0.0307236909866333,neutral
2023-10-03,Layoffs Are Still In The Air,-0.9582157377153635,negative
2023-10-03,Microsoft CEO Satya Nadella: Google's Deal With Apple Is 'Oligopolistic',-0.8701618295162916,negative
2023-10-03,Apple (AAPL) Stock Moves -0.78%: What You Should Know,-0.004362277686595917,neutral
2023-10-04,Apple considered switching to DuckDuckGo from Google for Safari - Bloomberg News,0.0280691459774971,neutral
2023-10-04,Apple Considered Switch to Search Engine DuckDuckGo From Google,0.04943703953176737,neutral
2023-10-04,"CEO Tim Cook sells some Apple stock, bringing him $41.5 million",0.007245399057865143,neutral
2023-10-05,The DoJ vs Google: complaint against search giant still faces a high bar,-0.8852581530809402,negative
2023-10-05,Warner Bros. Discovery's Max launches sports tier,0.026643263176083565,neutral
2023-10-05,UPDATE 1-DuckDuckGo CEO says Google's billions got in the way of a deal with Apple,-0.07522177696228027,neutral
2023-10-06,12 Best Artificial Intelligence (AI) Stocks To Buy According to Hedge Funds,0.06539760436862707,neutral
2023-10-06,3 Top Gaming Stocks to Buy in October,0.07714574038982391,neutral
2023-10-06,Apple reportedly seeking Formula 1 streaming rights,0.19866871507838368,neutral
2023-10-07,Is It Too Late to Buy Apple Stock?,-0.23881347849965096,neutral
2023-10-07,Smartphones Are Stuck in a Rut. AI Could Be the Cure.,-0.8897400200366974,negative
2023-10-07,5 Top Buffett Stocks to Buy and Hold for the Long Haul,0.09934336505830288,neutral
2023-10-08,3 Stocks to Add to Your Portfolio in a Market Pullback,-0.06623831391334534,neutral
2023-10-08,"The Nasdaq Might Bottom in October, According to This Wall Street Veteran -- 2 Super Stocks to Buy Hand Over Fist",-0.8750152308493853,negative
2023-10-08,7 Trailblazing AI Stocks to Buy on Any Weakness,0.06296557188034058,neutral
2023-10-09,Apple Could See a Hit to Profit if Google Loses DOJ Search Lawsuit: Analyst,-0.9126718305051327,negative
2023-10-09,"After 2 years of declines, the PC market is showing signs of life",0.915561331436038,positive
2023-10-09,Apple (AAPL) Rises Higher Than Market: Key Facts,0.9047667030245066,positive
2023-10-10,UPDATE 2-Apple updates iPhone 12 software to address France's radiation testing,0.7272896803915501,positive
2023-10-10,"Nike favorite retail brand for teens, 87% of teens own iPhones: Survey",0.08332199230790138,neutral
2023-10-10,Google’s Pichai Decried Bad ‘Optics’ of Search Engine Deal With Apple,-0.8788649328052998,negative
2023-10-11,Wall Street thinks corporate America's earnings recession is over,-0.931914484128356,negative
2023-10-11,Buyouts and Beyond: 7 Stocks Whose Only Hope Is Acquisition,-0.025923948734998703,neutral
2023-10-11,"Microsoft And Google Tease A New ""Tech For Good"" Era",0.0286899134516716,neutral
2023-10-12,7 Delicious Dividend Tech Stocks for Long-Term Investors,0.07093159109354019,neutral
2023-10-12,UPDATE 1-Australia unveils draft law to regulate digital payment providers,0.1482925834134221,neutral
2023-10-12,Google Pixel Watch 2 review: Google’s smartwatch is better the second time around,0.27792954444885254,positive
2023-10-13,TD Ameritrade's Investor Movement Index showing a 'rotation' from investors,-0.06960135698318481,negative
2023-10-13,10 Smartphones with the Best Audio Quality,0.7634274382144213,positive
2023-10-13,"Market Today: Snap's Ambitious Goals, OpenAI's Potential $90B Valuation, and UBS's Economic Forecast",0.2668284010142088,neutral
2023-10-14,Here's Why Investors Should Buy Formula 1 Stock -- With or Without Apple,0.043033529072999954,neutral
2023-10-14,10 Stocks With Huge Catalysts on the Way,0.30678318068385124,neutral
2023-10-14,12 Best Big Company Stocks to Buy,0.09705018624663353,neutral
2023-10-15,Big Tech’s Profit Machine Is Propping Up S&amp;P 500 Earnings,0.5753529071807861,positive
2023-10-15,Charlie Munger Says AI Is Overhyped. But Berkshire Hathaway's $345 Billion Portfolio Is Packed With (at Least) 8 AI Stocks!,0.06452912464737892,neutral
2023-10-15,Don’t Hold On: 7 Stocks to Sell Before 2024,0.005235005170106888,neutral
2023-10-16,Focus on Fintech: Why Institutions Are Betting Big on PayPal Stock,-0.0026923716068267822,neutral
2023-10-16,Apple's iPhone can help you understand risk level of two common health issues,0.11821232922375202,neutral
2023-10-16,Apple (AAPL) Stock Sinks As Market Gains: What You Should Know,-0.23663728311657906,neutral
2023-10-17,16 Best Investing Podcasts in 2023,0.09549533575773239,neutral
2023-10-17,20 Most Innovative States in the US,0.5434451680630445,positive
2023-10-17,"Tim Cook goes to China, where early iPhone 15 sales are reportedly sluggish",-0.638139683753252,negative
2023-10-18,"Apple MacBook sales to fall, analyst warns",-0.964139174669981,negative
2023-10-18,How the NBA Plans to Remake TV Deals and Net Billions of Dollars for Its Stars,0.08715607970952988,neutral
2023-10-18,7 AI Stocks That Will Change the World (and Create Many Millionaires),0.12355780508369207,neutral
2023-10-19,The 7 Best Forever Stocks To Buy Now: October 2023,-0.0005393326282501221,neutral
2023-10-19,Tesla Stock Had a Horrible Day. Here’s What Comes Next.,-0.4128815606236458,neutral
2023-10-19,AT&amp;T’s Strong Results Offered Good News for Apple Investors,0.9324397202581167,positive
2023-10-20,Apple Stock Is on Track for 6 Straight Days of Losses,0.34208227694034576,neutral
2023-10-20,Apple Stock Falls Again. What’s Behind the Losing Streak.,-0.7768327929079533,negative
2023-10-20,Weekly Roundup,-0.060553889721632004,neutral
2023-10-21,7 EV Stocks That Can Drive You to Financial Freedom,0.08837385848164558,neutral
2023-10-21,"3 Stocks That Turned $1,000 Into $1.1 Million (or More)",0.19423728063702583,neutral
2023-10-21,The 7 Best Warren Buffett Stocks to Buy Now: October 2023,-0.00452052429318428,neutral
2023-10-22,PayPal's New Boss,0.022165676578879356,neutral
2023-10-22,Prediction: 2 Magnificent Artificial Intelligence (AI) Growth Stocks That Will Join Apple and Microsoft in the $2 Trillion Club by 2033,0.19726797752082348,neutral
2023-10-22,Apple Supplier Foxconn Faces Chinese Investigations,-0.8780697174370289,negative
2023-10-23,"Taylor Swift Tops Scorsese, Holding Hollywood Royalty at Bay",0.10119462013244629,neutral
2023-10-23,Why the Market Dipped But Apple (AAPL) Gained Today,0.6173328086733818,positive
2023-10-23,"Asian stocks dip on weak PMIs, China rebounds as state steps in",-0.9027229566127062,negative
2023-10-24,UPDATE 1-Qualcomm unveils new PC laptop chip with AI features for 2024,0.6141059352084994,positive
2023-10-24,Qualcomm invests further in mobile AI with chips announcements,0.6522335316985846,positive
2023-10-24,Qualcomm invests further in mobile AI with chip announcements,0.6839552456513047,positive
2023-10-25,"Why Broadcom, Qualcomm, and Advanced Micro Devices Plunged Today",-0.4117980785667896,neutral
2023-10-25,Apple Hikes Apple TV+ And Other Service Prices,-0.8508630990982056,negative
2023-10-25,"Apple Surprisingly Supports White House ""Right to Repair"" Law",0.5094388201832771,positive
2023-10-26,"United States International Trade Commission Issues Exclusion Order for Infringing Apple Watches, Finding that Apple Violated U.S. Trade Laws",-0.928817224688828,negative
2023-10-26,UPDATE 2-US trade tribunal issues potential Apple Watch import ban in Masimo patent fight,-0.8952033463865519,negative
2023-10-26,Apple Faces Potential Watch Import Ban After Federal Trade Ruling,-0.9036279497668147,negative
2023-10-27,"Apple, Fed Meeting, Caterpillar, Jobs Report: Investing Action Plan",0.0474223718047142,neutral
2023-10-27,"Google claims it doesn’t have a monopoly over search, but pays $26 billion to Apple and others for default status, bombshell testimony reveals",-0.16460175812244415,neutral
2023-10-27,Weekly Roundup,-0.060553889721632004,neutral
2023-10-28,"1 Magnificent Stock on Its Way to Join Apple, Microsoft, Amazon, Alphabet, and Nvidia in the $1 Trillion Club",0.232808418571949,neutral
2023-10-28,Goodbye Green Bubbles: The Android User’s Survival Guide in an Apple World,0.03555173799395561,neutral
2023-10-28,3 Tech Stocks to Load Up on Immediately,0.44062445126473904,neutral
2023-10-29,14 Best American Stocks To Buy Heading into 2024,0.034486815333366394,neutral
2023-10-29,"Dow Jones Futures Rise As Apple, Fed Loom; Microsoft Leads Stocks Near Buy Points",0.0705098807811737,positive
2023-10-29,"Dow futures lift; earnings, Fed decision in focus",0.0029107630252838135,positive
2023-10-30,How to use options to hedge your potfolio,0.02001638524234295,neutral
2023-10-30,Asian stocks dip on weak China PMIs;  Nikkei rises on dovish BOJ,-0.9218393433839083,negative
2023-10-30,Your Guide to High-Yielding ETFs: Top 3 Picks in the 51-74% Range,0.19232547003775835,neutral
2023-10-31,"Apple earnings: Guidance will be 'top of mind,' analyst says",0.05173675995320082,neutral
2023-10-31,Time to Buy Apple (AAPL) or Qualcomm's (QCOM) Stock as Earnings Approach?,0.04792315140366554,neutral
2023-10-31,3 Top Dividend Stocks to Buy for Long-Term Growth,0.08096395246684551,neutral
2023-11-01,"Apple earnings, Jamie Dimon interview: What to Watch",-0.025267770513892174,neutral
2023-11-01,Qualcomm has a big opportunity in PC market: Analyst,0.6102314190939069,positive
2023-11-01,Dow Jones Futures Rise: Market Rally Gains Steam On Fed Chief Powell's 'Decay'; Roku Jumps Late,0.49673277139663696,positive
2023-11-02,Apple Warns of Sluggish Holiday Quarter After China Slowdown,-0.9138859678059816,negative
2023-11-02,Apple shares slide as holiday forecast misses expectations,-0.9424318475648761,negative
2023-11-02,"Asian stocks rally tracking Wall St strength, easing Fed fears",0.4113752543926239,positive
2023-11-03,"The Score: Six Flags, Apple, WeWork and More Stocks That Defined the Week",0.02861243300139904,neutral
2023-11-03,Weekly Roundup,-0.060553889721632004,neutral
2023-11-03,Apple TV+ Is a Bright Spot in Apple's Mixed Quarterly Earnings,0.8568262383341789,positive
2023-11-04,"Starbucks leans into Apple, Microsoft, Amazon partnerships",0.06749315187335014,neutral
2023-11-04,Berkshire Hathaway's Cash Hoard Hit a Record. Here Are 4 Earnings Highlights,0.019069232046604156,neutral
2023-11-04,Apple Inc. (NASDAQ:AAPL) Q4 2023 Earnings Call Transcript,-0.0024440474808216095,neutral
2023-11-05,Top Small-Cap Picks: 3 Unstoppable Russell 2000 Stocks to Buy in November,0.10102219134569168,neutral
2023-11-05,Big Tech’s Growth Status in Doubt With Weaker Sales Outlooks,-0.9442299734801054,negative
2023-11-05,12 Best Large Cap Stocks To Buy Now,0.10051179490983486,neutral
2023-11-06,Qualcomm Delivered With Its Latest Quarterly Results While Also Making Big Promises,0.8925361838191748,positive
2023-11-06,Dow Jones Futures: Market Rally Continues; 7 Best Stocks To Buy And Watch,0.18970373459160328,neutral
2023-11-06,15 Best Cheap Wireless Earbuds Under $50,0.3147919476032257,neutral
2023-11-07,Predicting the 7 Top Performing Stocks for 2024 With AI Technology,0.2680072970688343,neutral
2023-11-07,Assessing the Ownership Landscape of Apple Inc(AAPL),0.017562704160809517,neutral
2023-11-07,3 Publicly Traded Companies That Are Ripe for a Spinoff,0.0077826716005802155,neutral
2023-11-08,Google’s latest move to make Apple open iMessage has powerful precedent,0.46689607575535774,neutral
2023-11-08,Apple wants a bigger slice of the $183 billion gaming market,0.19470294006168842,neutral
2023-11-08,"Apple is not passing on costs of climate goals to consumers, exec says",0.07645985204726458,neutral
2023-11-09,Apple agrees to $25 million settlement with US over hiring of immigrants,0.6737927943468094,positive
2023-11-09,Asian chipmakers slide tracking 80% profit slump in China’s SMIC,-0.9415676798671484,negative
2023-11-09,Apple Settles DOJ Case That It Discriminated Against US Workers,-0.7534045055508614,negative
2023-11-10,Buy These 2 Growth Stocks on the Dip,0.02832700125873089,neutral
2023-11-10,3 Recession-Resistant Stocks to Create a Multi-Asset Portfolio,0.49492864683270454,positive
2023-11-10,Weekly Roundup,-0.060553889721632004,neutral
2023-11-11,PYPL Outlook: Can Paypal Become an AI Stock?,0.008438928052783012,neutral
2023-11-11,Apple’s latest iMac packs solid performance and sleek design: Review,0.8840568363666534,positive
2023-11-11,A Bull Market May Be Coming: 2 AI Stocks to Buy Hand Over Fist Now,0.09161248058080673,neutral
2023-11-12,How to Invest in Artificial Intelligence: 3 Stocks to Buy,0.05884233117103577,neutral
2023-11-12,Why Apple Keeps Nagging About Items You ‘Left Behind’,-0.4440071228891611,neutral
2023-11-12,Why Washington wants to treat Apple and Google like big banks,-0.04630115628242493,neutral
2023-11-13,Ken Fisher's Bold Increase in Procter &amp; Gamble Co Shares Marks a Strategic Portfolio Move,0.559280195273459,positive
2023-11-13,12 Stocks from Companies Generating High Cash Flow,0.07470117136836052,neutral
2023-11-13,Edward Norton explains why he thinks traditional TV is dead,0.021056827157735825,neutral
2023-11-14,"Transcript: Big Tech round-up — Tesla, Nvidia, Apple and more",0.05942743457853794,neutral
2023-11-14,These 3 Mega-Cap Tech Companies Are Cash-Generating Machines,0.08773080352693796,neutral
2023-11-14,Google CEO Sundar Pichai returns to court to defend internet company for second time in two weeks,-0.720220785588026,negative
2023-11-15,"Market Today: Coatue Management Adjusts Holdings, Vertex Pharmaceuticals Drops, Alibaba Earnings",-0.7907247617840767,negative
2023-11-15,Warren Buffett Is Still On The Stock Market Sidelines — Here Are His Top Q3 Moves,0.012167088687419891,neutral
2023-11-15,Chips Ahoy: 3 Semiconductor Stocks You Need to Buy Now,0.0596371041610837,neutral
2023-11-16,IBM Suspends X Ads After Report of Placement Near Nazi Content,-0.9360436098650098,negative
2023-11-16,Apple finally makes massive change that will benefit all phone users,0.7472279304638505,positive
2023-11-16,"Apple folds for a third time to the EU, and it means iPhone users can now get ‘read’ receipts when texting their Android friends",0.5240986160933971,positive
2023-11-17,Weekly Roundup,-0.060553889721632004,neutral
2023-11-17,Google antitrust: The risk a ruling could pose for Apple,-0.35019509494304657,neutral
2023-11-17,Apple rolls out texting updates for messaging Android phones,0.02407982014119625,neutral
2023-11-18,IYW: Bill Gates Bought This Tech ETF. Should You?,0.058841126039624214,neutral
2023-11-18,2023 Winners: 7 Stocks That Will Continue to Dominate in 2024,0.19318028073757887,neutral
2023-11-18,Silicon Valley leaders are calling Sam Altman’s firing the biggest tech scandal since Apple fired Steve Jobs—but the leading theory about the drama at OpenAI tells a different story,-0.5747740268707275,negative
2023-11-19,A secret about the riches Apple extracts from Google spills into the open,-0.0403089988976717,neutral
2023-11-19,Why Warren Buffett's portfolio moves signal 'caution' for investors,-0.0484614372253418,neutral
2023-11-19,12 Big Investment Trends in 2023,0.06601040251553059,neutral
2023-11-20,"Dow Jones Futures: Fed Minutes Next, While Nvidia Earnings Loom",-0.07893138751387596,neutral
2023-11-20,CEO Linda Yaccarino commits to staying at X even after advertisers flee,0.12480967678129673,neutral
2023-11-20,Epic Games’ Sweeney Takes Aim at Android’s ‘Fake Open Platform’,0.04744226299226284,neutral
2023-11-21,Market Today: Tech Giants and Biotech Suffer Amid Market Retreat,-0.9596102917566895,negative
2023-11-21,Apple CEO Tim Cook tells Dua Lipa how long he'll remain in the role,-0.013570167124271393,neutral
2023-11-21,Labor Group Plans Board Fight at Starbucks,-0.6643956284970045,negative
2023-11-22,Disney: Will Thanksgiving reverse box office slump? Can Iger 'strengthen' studio output?,0.6996186580508947,positive
2023-11-22,Warren Buffett and Jim Cramer Love These Stocks,0.04401305876672268,neutral
2023-11-22,Disney: Will Thanksgiving reverse box office slump ? Can Iger 'strengthen' studio output'?,0.45278654620051384,neutral
2023-11-23,Borrowing costs jump as traders unpick Hunt's Autumn Statement,-0.8341275379061699,negative
2023-11-23,Major U.S. airlines make flying changes impacting passengers,-0.8749228417873383,negative
2023-11-23,"Apple's (AAPL) iPhone 15 Hit in South Korea, Lags in China",-0.05733564496040344,negative
2023-11-24,Market Today: Mixed U.S. Stocks Amid Treasury Yield Rise and Retail Sentiment Surge,-0.6467215716838837,negative
2023-11-24,"1 Tech Stock That Has Created Many Millionaires, and Will Continue to Make More",0.44194519333541393,neutral
2023-11-24,Apple Shares Fall on Softer Than Expected Singles Day Sales in China,-0.9596593733876944,negative
2023-11-25,11 Best Fortune 500 Dividend Stocks To Buy Now,0.034109994769096375,neutral
2023-11-25,Warren Buffett-Led Berkshire Hathaway Sells Its Entire Procter &amp; Gamble Stake. Should You?,0.002164125442504883,neutral
2023-11-25,When Should You Buy Apple Inc. (NASDAQ:AAPL)?,-0.0014812387526035309,neutral
2023-11-26,Better Tech Stock: Alphabet vs. Apple,0.8667685817927122,positive
2023-11-26,I Stopped Buying Apple Products and Here’s What I Learned,8.632242679595947e-05,neutral
2023-11-26,"Investing themes to watch in 2024: Magnificent 7, small caps, quick shifts, and more",0.03312152437865734,neutral
2023-11-27,Dow Jones Futures: Fed Chair Powell Speech Looms; Nvidia Rebounds From Buy Point,-0.6473030298948288,negative
2023-11-27,Foxconn to Spend More than $1.5 Billion to Expand Operations in India,0.9186501884832978,positive
2023-11-27,"Cyber Monday, Black Friday spending: State of the consumer",-0.10898107290267944,neutral
2023-11-28,10 Best Selling Smartphones in Japan,0.2484465278685093,neutral
2023-11-28,25 Richest States in America,-0.0012203529477119446,neutral
2023-11-28,Former Google CEO likens OpenAI's Sam Altman to Apple's Steve Jobs,-0.04417665675282478,neutral
2023-11-29,25 Cities With Highest Young Population In The US,0.24300474300980568,neutral
2023-11-29,Apple Stock's Post-Earnings Rally Stalls Amid Soft iPhone Sales Data,-0.9508318230509758,negative
2023-11-29,"Charlie Munger on Apple, Amazon, inflation, crypto, and more",-0.014725929126143456,neutral
2023-11-30,"Apple Stock Fell Last Week, Analysts Say This Is The Perfect Opportunity To Buy",-0.3203520178794861,negative
2023-11-30,Apple’s Credit Card Partnership With Goldman Sachs Could Be Over. Why Apple Pay Will Still Thrive.,0.07958606816828251,neutral
2023-11-30,4 takeaways from Musk’s fiery interview with The New York Times,0.12190959230065346,neutral
2023-12-01,2 Tech Dividend Stocks to Buy and Hold Forever,0.052222972735762596,neutral
2023-12-01,Apple TV+ and Paramount+ are considering bundling their streaming services as media companies seek answers to streaming profitability,0.4340143008157611,neutral
2023-12-01,Why Paramount Global Stock Soared 9% Higher on Friday,0.9290169253945351,positive
2023-12-02,Apple releases urgent iOS update due to security exploits,-0.9151462037116289,negative
2023-12-02,JP Morgan’s Top 15 Stock Picks for 2023 and Now,0.024506494402885437,neutral
2023-12-02,"Even After Black Friday, These 7 Costco Electronics Are Still Great Holiday Deals",0.46862304024398327,neutral
2023-12-03,3 Top Gaming Stocks to Buy in December,0.06771711632609367,neutral
2023-12-03,Apple Is Far Less Important to Berkshire Hathaway Than You Think,-0.003726515918970108,neutral
2023-12-03,Warren Buffett's Biggest Bets: 57.1% of Berkshire Hathaway's $358 Billion Portfolio Is Invested in These 2 Stocks,0.03225139249116182,neutral
2023-12-04,Fresh Del Monte: A Cheap but Cyclical Stock,0.2034344533458352,neutral
2023-12-04,Ned Davis Research highlights long-term stocks for 2024,0.013892851769924164,neutral
2023-12-04,"Robinhood CEO on the bitcoin surge, 24-hour trading, and a potential 9-figure business",0.20724350586533546,neutral
2023-12-05,Dow Jones Futures: Apple Hits Buy Zone And $3 Trillion Valuation As Megacaps Rebound,0.0828373059630394,neutral
2023-12-05,Dow Jones Futures: Apple Breaks Out To $3 Trillion Valuation As Megacaps Rebound,0.127864770591259,neutral
2023-12-05,25 Countries With Highest Immigration To U.S.,0.16494795121252537,neutral
2023-12-06,These Are the Best Holiday Tech Gifts of 2023. We’ve Already Bought Them for Ourselves.,0.2584668891504407,neutral
2023-12-06,Apple exec behind iPhone screen and touch ID is leaving - Bloomberg News,-0.19133556820452213,neutral
2023-12-06,Apple Executive Who Invented iPhone Screen and Touch ID Is Leaving,0.0008244737982749939,neutral
2023-12-07,This $10 Amazon Phone Accessory Saved Me Hundreds of Dollars,0.3187962556257844,neutral
2023-12-07,Apple's fundamentals are not good: Analyst,-0.8095666132867336,negative
2023-12-07,The 3 Best Nasdaq Stocks to Buy in December,0.115042420104146,neutral
2023-12-08,3 Warren Buffett Stocks You Can Buy in December and Hold Forever,0.020269649103283882,neutral
2023-12-08,Apple (AAPL) Rises Higher Than Market: Key Facts,0.9047667030245066,positive
2023-12-08,Weekly Roundup,-0.060553889721632004,neutral
2023-12-09,Would You Dare to Invest in Apple (AAPL)?,0.02764815092086792,neutral
2023-12-09,5 No-Brainer Stocks to Buy Before 2024,0.04808242246508598,neutral
2023-12-09,Warren Buffett’s 10 Stock Picks with Huge Upside Potential,0.23936552554368973,neutral
2023-12-10,12 Dow Stocks Billionaires Like The Most,0.01482926681637764,neutral
2023-12-10,12 Dow Stocks Billionaires Like The Least,0.025744322687387466,neutral
2023-12-10,14 Best Forever Stocks To Buy Now,0.021283674985170364,neutral
2023-12-11,16 Best Penny Stocks To Buy For 2024,0.028216887265443802,neutral
2023-12-11,Smartphone Users Beware: Thieves Are Using This Tech to Steal Funds From Consumers,-0.6133175753057003,negative
2023-12-11,Don’t Wait! 3 Fearless Stocks to Buy Before Year-End,0.10311836376786232,neutral
2023-12-12,The App Store Economy Is Under Siege,-0.836034644395113,negative
2023-12-12,Nvidia Stock: Game Over Or Game On In 2024?,-0.014790203422307968,neutral
2023-12-12,"Apple, Google Get Billions From Their App Stores. That’s Now Under Threat.",-0.7918168511241674,negative
2023-12-13,Apple Stock Closes at an All-Time High. It’s Added $1 Trillion in Market Value This Year.,0.7221054993569851,positive
2023-12-13,Apple reaches record high close as Fed signals rate cuts,0.10969865322113037,positive
2023-12-13,Apple Hits Record High While Big Tech Stocks Rally,0.2643994987010956,positive
2023-12-14,7 Ever-Rising Dividend Stocks Even a Recession Can’t Stop,-0.3796923756599426,negative
2023-12-14,Former Microsoft CEO Steve Ballmer to next generation of leaders: Listen and get after it,0.059284862130880356,neutral
2023-12-14,Apple (AAPL) Advances But Underperforms Market: Key Facts,0.6385364755988121,positive
2023-12-15,Apple workers deserve iDorms as good as the technology,0.45742974430322647,neutral
2023-12-15,UPDATE 1-China's ban on Apple's iPhone accelerates- Bloomberg News,-0.363141231238842,negative
2023-12-15,China's iPhone ban gains traction in more govt. offices: BBG,0.6666363403201103,positive
2023-12-16,Epic Games chief concerned Google will ‘get away’ with app store charges,-0.8917470760643482,negative
2023-12-16,2023 was the year your streaming bill got (a lot) more expensive,0.08091038465499878,neutral
2023-12-16,"Netflix Stock (NASDAQ:NFLX): Squid Game, Video Games Key to Growth in 2024",0.2694880738854408,neutral
2023-12-17,13 Most Profitable Utility Stocks Now,0.12562423571944237,neutral
2023-12-17,57.7% of Warren Buffett's $375 Billion Portfolio Is Invested in These 2 Dividend-Paying Stocks,0.030063572339713573,neutral
2023-12-17,Will Nvidia Be Worth More Than Apple by 2030?,0.10386480670422316,neutral
2023-12-18,"China Apple ban, Nike earnings, holiday market: What to watch",-0.05627536587417126,neutral
2023-12-18,Apple Plans Rescue for $17 Billion Watch Business in Face of Ban,-0.7350585907697678,negative
2023-12-18,"Apple halting sales of Series 9, Ultra 2 smartwatch over patent dispute",-0.9387245075777173,negative
2023-12-19,11 Most Promising AI Stocks According to Hedge Funds,0.15164237283170223,neutral
2023-12-19,Google ordered to pay $700M in antitrust ruling,-0.9200322329998016,negative
2023-12-19,7 ‘Bulletproof’ Stocks to Buy Ahead of a Wild New Year,0.2951173484325409,neutral
2023-12-20,"Mortgage rates, Nike earnings, Powerball: What to Watch",-0.027080267667770386,neutral
2023-12-20,Apple (AAPL) Stock Moves -1.07%: What You Should Know,0.006396748125553131,neutral
2023-12-20,3 Smart Stocks to Bet on the Changing Future of Education,0.13285000436007977,neutral
2023-12-21,Apple Watch woes 'a temporary blip': Analyst,-0.9330291962251067,negative
2023-12-21,2024 Technology Stock &amp; ETF Outlook,0.03691555839031935,neutral
2023-12-21,Dow Jones Futures Fall As Nike Dives; Apple Leads Six Stocks To Watch With Inflation Data Due,-0.8304220717400312,negative
2023-12-22,Apple explores AI deals with news publishers - New York Times,0.06165330857038498,neutral
2023-12-22,You Won't Believe My Apple Stock Prediction for 2024,0.008239425718784332,neutral
2023-12-22,"AI, EVs, Fed, consumers, election: Investor Guide highlights",0.017037775367498398,neutral
2023-12-23,Why 2024 could be the year of media dealmaking,0.04251500777900219,neutral
2023-12-23,"Dow Jones Giants Apple, Microsoft Lead Five Stocks Near Buy Points",0.06659374386072159,neutral
2023-12-23,14 Best Hot Stocks To Buy Now,0.03766036406159401,neutral
2023-12-24,30 Best Karaoke Songs for People Who Can’t Sing,0.02688496932387352,neutral
2023-12-24,20 Safest Countries To Visit For US Citizens,0.11000450793653727,neutral
2023-12-24,"Is It Time to Sell This Warren Buffett ""Magnificent Seven"" Stock Before 2024?",0.017592545598745346,neutral
2023-12-25,3 Stocks to Buy as the Nasdaq 100 Hits New All-Time High,0.7605907693505287,positive
2023-12-25,"What to Expect From 'Magnificent 7' in 2024: More Gains From AI, Experts Say",0.9165492104366422,positive
2023-12-25,3 Semiconductor Stocks You’ll Regret Not Buying Soon: December Edition,0.0005641356110572815,neutral
2023-12-26,Wealth Builders: 7 Must-Buy Stocks for Tomorrow’s Millionaires,0.048691555857658386,neutral
2023-12-26,Apple to Fight Watch Ban in Court After White House Declines to Act,-0.6658043786883354,negative
2023-12-26,"Apple’s iPhone Design Chief Enlisted by Jony Ive, Sam Altman to Work on AI Devices",0.0849795825779438,neutral
2023-12-27,Apple resumes US sales of Watch as court order puts ban on hold,-0.4202909991145134,negative
2023-12-27,13 Cash-Rich Small Cap Stocks To Invest In,0.10878380294889212,neutral
2023-12-27,Apple (AAPL) Increases Yet Falls Behind Market: What Investors Need to Know,0.03500328212976456,neutral
2023-12-28,"Stocks, sectors that reached record highs in 2023",0.09034424275159836,neutral
2023-12-28,Cloud Computing Kings: 7 Stocks Dominating the Digital Sky,0.07110172137618065,neutral
2023-12-28,Apple is 'behind the curve' on generative AI: Analyst,0.300032626837492,neutral
2023-12-29,"Tech, cruises, Abercrombie: Top 2023 stock performances",0.10110918805003166,neutral
2023-12-29,Even Xiaomi Is Going After Tesla,0.030680548399686813,neutral
2023-12-29,Services Are Critical to Apple’s Growth,0.20947533939033747,neutral
2023-12-30,These are the largest publicly-traded companies in each US state,0.05080665182322264,neutral
2023-12-30,Why Are They Pounding the Table for PayPal Stock Heading Into 2024?,-0.118455296382308,neutral
2023-12-30,Data Center Dynamos: 3 Stocks Powering the Information Age,0.03146154433488846,neutral
2023-12-31,Almost Half of Warren Buffett-led Berkshire Hathaway's $370 Billion Portfolio Is Invested in Only 1 Stock,0.017689989879727364,neutral
2023-12-31,3 Warren Buffett Dividend Growth Stocks to Buy Now and Hold Forever,0.0936088114976883,neutral
2023-12-31,"Apple Stock: Get Ready for a Strong 2024, Says Dan Ives",0.8716084994375706,positive
2024-01-01,7 Hot Semiconductor Stock Trends to Watch for 2024,0.02247375249862671,neutral
2024-01-01,Buffett's Bullseye: Meet The 4 Stocks That Make Up Nearly 75% Of His Portfolio,0.06199404690414667,neutral
2024-01-01,7 Megatrend Stocks to Buy for a Mighty Start to 2024,0.5187921654433012,positive
2024-01-02,Apple Downgrades Are Piling Up. The Latest One Hit the Stock Harder.,-0.9422441646456718,negative
2024-01-02,Asian stocks track Wall St losses amid doubts over early rate cuts,-0.8874329179525375,negative
2024-01-02,"Dow Jones Futures: Tech Stocks Skid To Start 2024; Celsius, Eli Lilly Flash Buy Signals",-0.626280888915062,negative
2024-01-03,Apple (AAPL) Stock Moves -0.75%: What You Should Know,-0.008450563997030258,neutral
2024-01-03,Wall Street: 2024 Is The Year Of The Pivot,-0.006646839901804924,neutral
2024-01-03,Apple agrees to settle lawsuit over iTunes gift card scam,-0.7189015224575996,negative
2024-01-04,Apple Hit With Second Downgrade This Week on iPhone Worries,-0.9525481509044766,negative
2024-01-04,Apple Supplier TDK Bets New Battery Will Change Smartphone Game,0.8484058389440179,positive
2024-01-04,Early 2024 Markets Sweep Up Excesses,-0.2578393965959549,negative
2024-01-05,Apple’s Reign as World’s Top Stock at Risk From Bumpy 2024 Start,-0.6755569279193878,negative
2024-01-05,"Apple’s Losing Streak Hits 4 Days, Amid Report of Antitrust Investigation",-0.9369036126881838,negative
2024-01-05,US govt. nears end of Apple antitrust investigation: NYT,-0.26326434686779976,neutral
2024-01-06,Apple's reign as world's most valuable stock by market value in jeopardy from bumpy 2024 start,0.319867305457592,neutral
2024-01-06,Out of Cloud Storage? These Are Your Options So You Don’t Overpay,0.022587992250919342,neutral
2024-01-06,"Apple: Buy, Sell, or Hold?",-0.030333179980516434,neutral
2024-01-07,"The Last Time Apple Spent This Much Money, It Unleashed 20 Years of Unstoppable Growth",-0.2662842385470867,neutral
2024-01-07,"Dow futures slip 0.1%, inflation data, major bank earnings ahead",-0.7439416572451591,negative
2024-01-07,The 3 Hottest Wearable Technology Stocks to Watch in 2024,0.15713458135724068,neutral
2024-01-08,"Can Stocks Surpass 2022 Highs? Yes, but the Math Looks Scarier From There",-0.3020331710577011,neutral
2024-01-08,Samsung clocks 35% slump in Q4 profit as chip demand remains weak,-0.9646102916449308,negative
2024-01-08,Dow Jones Rallies As Nvidia Clears Entry; Cathie Wood Loads Up On This Stock Despite 28% Plunge,0.4204590320587158,positive
2024-01-09,Apple Veteran Saori Casey Leaving to Become Sonos Finance Chief,-0.16926180385053158,neutral
2024-01-09,Apple (AAPL) Declines More Than Market: Some Information for Investors,-0.2205011397600174,neutral
2024-01-09,Android Phones Will Soon Be Able to Stream TikTok Videos to TVs,0.32758063171058893,neutral
2024-01-10,Apple's headset is the company's biggest bet in years,0.1351684145629406,neutral
2024-01-10,Dow Jones Closes Higher Ahead Of Inflation Data; SEC Approves Bitcoin ETFs,0.8116246536374092,positive
2024-01-10,Amazon's New Streaming Move Could Change How You Watch TV,0.05649501830339432,neutral
2024-01-11,"US STOCKS-Wall Street little changed after inflation, labor market data",0.018679790198802948,neutral
2024-01-11,"Al Gore, James Bell to Leave Apple Board; Wanda Austin Joining",-0.322502801194787,neutral
2024-01-11,"Apple Directors Al Gore, James Bell to Retire",-0.10649062879383564,neutral
2024-01-12,Microsoft Tops Apple for Title of World’s Most Valuable Public Company,0.6516935098916292,positive
2024-01-12,Microsoft edges out Apple as world's most valuable company,0.8748445119708776,positive
2024-01-12,Al Gore and Ex-Boeing CFO Are Leaving Apple's Board: Here's Who Are Left,-0.15987249091267586,neutral
2024-01-13,"
Dani Cook  |  Jan 13, 2024
",-0.061544597148895264,neutral
2024-01-13,Jim Cramer’s 2024 Predictions and His Top 11 Stock Picks,0.002721056342124939,neutral
2024-01-13,Apple could have a new problem: Uncle Sam,-0.757851442322135,negative
2024-01-14,Warren Buffett's Biggest Bets: 56.6% of Berkshire Hathaway's $359 Billion Portfolio Is Invested in These 2 Passive-Income-Generating Blue Chip Dividend Stocks,0.033945415169000626,neutral
2024-01-14,Apple Stock: Time to Buy the Dip?,-0.015514463186264038,neutral
2024-01-14,3 Super Warren Buffett Stocks to Buy in January,0.0753871463239193,neutral
2024-01-15,Apple to Pull Blood-Oxygen Tool From Watches to Avoid US Ban If Appeal Fails,-0.4889252707362175,negative
2024-01-15,Apple to Remove Blood-Oxygen Sensor From Watch to Avoid U.S. Ban,-0.2630482390522957,neutral
2024-01-15,Microsoft Unveils a Copilot Pro Service for AI Power Users,0.19304003845900297,neutral
2024-01-16,Apple (AAPL) Registers a Bigger Fall Than the Market: Important Facts to Note,-0.14432714134454727,neutral
2024-01-16,Apple plans to remove sensor from some watch models depending on how a court rules in patent dispute,-0.26933542639017105,neutral
2024-01-16,Apple cuts China iPhone prices: Why one analyst isn't worried,-0.24105222895741463,neutral
2024-01-17,Apple faces another legal setback with watches,-0.9540832648053765,negative
2024-01-17,Sales of Apple's premium watches banned again by court over blood-oxygen sensor patent dispute,-0.9250155491754413,negative
2024-01-17,Apple's Vision Pro Won't Launch With Netflix App,0.030002860352396965,neutral
2024-01-18,"YouTube and Spotify Won’t Launch Apple Vision Pro Apps, Joining Netflix",0.012803414836525917,neutral
2024-01-18,Apple Watches go on sale without blood oxygen sensor amid patent dispute,0.00237283855676651,neutral
2024-01-18,"Apple Sees Surgery, Training as Future Vision Pro Growth Areas",0.2139624711126089,neutral
2024-01-19,Meta Stock Forecast: This Could Be Mark Zuckerberg's Trillion-Dollar Year,-0.0023523885756731033,neutral
2024-01-19,Apple Vision Pro Presale Started Today. Early Demand Signs Are Unclear.,-0.20196489617228508,neutral
2024-01-19,Pre-orders start for Apple’s Vision Pro,0.039686186239123344,neutral
2024-01-20,Microsoft’s Bold AI Bet: Will It Pay Off for MSFT Stockholders?,0.2724269162863493,neutral
2024-01-20,3 Top-Rated Dow Stocks Wall Street Analysts Are Loving Now: January 2024,-0.022654879838228226,neutral
2024-01-20,22 Most Famous Hedge Fund Managers and Their Top Stock Picks,0.032551396638154984,neutral
2024-01-21,4 Things You Need to Know Before You Rush to Buy Apple Stock in 2024,0.013955136761069298,neutral
2024-01-21,30 Best Investors to Follow on Twitter and Social Media,0.020992178469896317,neutral
2024-01-21,Big tech still rules profit growth even as S&amp;P leadership widens,0.917338996194303,positive
2024-01-22,Apple (AAPL) Exceeds Market Returns: Some Facts to Consider,0.017109651118516922,neutral
2024-01-22,"After Mixed Bank Results and Economic Data, Can Tech Earnings Restore the Calm?",0.2519184350967407,neutral
2024-01-22,Samsung Races Apple to Develop Blood Sugar Monitor That Doesn’t Break Skin,0.4876301195472479,positive
2024-01-23,15 Worst Industrial Disasters in the World,-0.8697017719969153,negative
2024-01-23,13 Most Buzzing Stocks To Buy Now,-0.016783397644758224,neutral
2024-01-23,3 Tech Stocks to Turn $200K Into $1 Million: January 2024,0.23149331286549568,neutral
2024-01-24,10 Dividend Stocks with the Biggest Buyback Programs,0.09409736469388008,neutral
2024-01-24,How the Magnificent Seven and Nvidia Are Leading a Revolution in Wealth Creation?,0.03976847976446152,neutral
2024-01-24,What could bring Apple down?,-0.5769544653594494,negative
2024-01-25,Microsoft’s Market Value Reaches $3 Trillion for the First Time,0.48736295849084854,positive
2024-01-25,Wall Street Whispers: 3 Stocks With Recent Analyst Upgrades,0.03972436860203743,neutral
2024-01-25,Apple to Allow Third Party App Stores for European Users,0.2881110403686762,neutral
2024-01-26,"Apple, Boeing, Microsoft, Alphabet And A Fed Meeting, For Starters: Investing Action Plan",0.027241956442594528,neutral
2024-01-26,3 Key Quarterly Releases to Watch Next Week,-0.007178753614425659,neutral
2024-01-26,Spotify says Apple's plan to comply with EU regulation 'farce',-0.16603273898363113,neutral
2024-01-27,"Dow Jones Futures: Microsoft, Apple Lead Earnings Tsunami; What To Do Now",-0.10974578559398651,neutral
2024-01-27,Apple services &amp; China will be key to Q4 earnings next week,0.5728915138170123,positive
2024-01-27,"If You Invested $1000 In Apple When The iPad Was Launched 14 Years Ago, Here's How Much You'd Have Today",0.038656835444271564,neutral
2024-01-28,Dow Jones Futures: Microsoft Headlines 7 Titans Leading Earnings Wave,0.722277857363224,positive
2024-01-28,Dow Jones Futures Loom: Microsoft Headlines 7 Titans Leading Earnings Wave,0.6221358627080917,positive
2024-01-28,Dow Jones Futures Fall; Microsoft Leads Huge Wave Of Tech Earnings,-0.8657241519540548,negative
2024-01-29,Apple Q1 Earnings: Key Metrics to Watch,0.05369594879448414,neutral
2024-01-29,LeddarTech's Board of Directors Appoints Sylvie Veilleux and Lizabeth Ardisana,-0.03487296774983406,neutral
2024-01-29,Dow Jones Futures: Fed Meeting On Deck; AI Stock Supermicro Surges On Earnings Beat,-0.18250826001167297,negative
2024-01-30,3 Must-Watch Stocks Just as Unstoppable as Nvidia,0.467855429276824,neutral
2024-01-30,"Top Stock Reports for Apple, Visa &amp; Novo Nordisk",0.023310741409659386,neutral
2024-01-30,"Dow Jones Futures: Microsoft, Google, AMD Fall On Earnings; Elon Musk Loses $56 Billion Pay Plan",-0.959119132719934,negative
2024-01-31,Apple to report Q1 earnings as investors focus on China iPhone sales,0.5121496394276619,positive
2024-01-31,"Tech earnings, jobless claims, mortgage rates: What to Watch",-0.12985792011022568,neutral
2024-01-31,"Apple earnings top estimates on iPhone strength, but China sales slow",0.30416759848594666,positive
2024-02-01,"Strong Session; After Hours Earnings from AAPL, AMZN, META &amp; More",0.9290136266499758,positive
2024-02-01,Facebook Parent Meta Initiates Dividend as Growth Continues,0.11422879807651043,neutral
2024-02-01,"Dow Jones Futures: Techs Rally On Meta, Amazon, China Woes Hit Apple; Jobs Report Looms",-0.8415179401636124,negative
2024-02-02,Competitive threat to Apple in China is not long lasting: Analyst,-0.6366135366261005,negative
2024-02-02,"The People Buying the $3,500 Apple Vision Pro",-0.0018659234046936035,neutral
2024-02-02,Apple’s Vision Pro lands as the company faces threats from all sides,-0.08435481786727905,negative
2024-02-03,Could Apple Acquire Peloton in 2024? 2 Things Investors Should Know About the Rumors,0.04288221802562475,neutral
2024-02-03,11 Best American Defense Stocks To Buy According to Analysts,0.09997498244047165,neutral
2024-02-03,"Meta's dividend, Tesla's Musk claps back, Walmart's new stores and Fed's Powell pivots",0.09386053867638111,neutral
2024-02-04,Follow The Billionaire Trail: Unveiling The Stocks Shared By Bill Gates And Other Tycoons,0.05372091755270958,neutral
2024-02-04,15 Easiest Countries for Second Passport for US Citizens,0.04758305009454489,neutral
2024-02-04,"After Skyrocketing 615%, Why Does Warren Buffett Still Own Apple Stock?",-0.07251817733049393,neutral
2024-02-05,Bank of America reaffirms Apple's Buy rating over Vision Pro,0.13670369610190392,neutral
2024-02-05,Forgot Your Apple Vision Pro’s Passcode? You May Have to Take It Back to Store,-0.4087316934019327,neutral
2024-02-05,20 Best Permanent Residency Countries in the World,0.1903088465332985,neutral
2024-02-06,"Move Over, Tesla: 5 Stocks That Could Take Its Place in the Magnificent Seven",0.09508899040520191,neutral
2024-02-06,Spotify CEO Daniel Ek unloads on Apple by calling its compliance with new EU antitrust rules ‘a farce’,-0.9332287516444921,negative
2024-02-06,Apple Defeats Khosla-Backed AliveCor Suit Over Watch Tech,0.31571193039417267,positive
2024-02-07,"Apple defeats lawsuit claiming it overpaid CEO Tim Cook, others",-0.8359911665320396,negative
2024-02-07,Will Apple launch a foldable iPhone?,0.056552243418991566,neutral
2024-02-07,"PayPal Stock Drops After Earnings Beat Estimates, Guidance Disappoints",-0.9601018922403455,negative
2024-02-08,30 Largest Companies in the World by Revenue,0.04812900349497795,neutral
2024-02-08,Why did Tim Cook’s pay package hold up in court while Elon’s failed?,-0.6508776806294918,negative
2024-02-08,15 Most Respected Countries in Asia,0.18364405911415815,neutral
2024-02-09,Warren Buffett’s Berkshire Hathaway Is the Next Trillion-Dollar Stock,0.021580064669251442,neutral
2024-02-09,Apple Is Settling Chip Secrets Theft Case Against Startup Rivos,-0.572246327996254,negative
2024-02-09,11 Best FAANG Stocks To Invest In,0.16308278776705265,neutral
2024-02-10,Is It Too Late to Buy Apple Stock?,-0.23881347849965096,neutral
2024-02-10,"The Super Bowl, Disney’s blowout and Microsoft topples Apple as credit card hits record",-0.6575148366391659,negative
2024-02-10,"3 Stocks That Turned $1,000 Into 1 Million (or More)",0.052873192355036736,neutral
2024-02-11,2 Warren Buffett Stocks to Buy Hand Over Fist,0.09786045923829079,neutral
2024-02-11,32 Highest Paying Jobs With an Associates Degree,-0.027661040425300598,neutral
2024-02-11,Flashy AI isn’t the only force disrupting giant companies,-0.4547454360872507,neutral
2024-02-12,S&amp;P 500 earnings: Can stocks rally beyond Magnificent Seven?,0.6397862136363983,positive
2024-02-12,Layoffs hit gaming in 2024: The industry's biggest headwinds,-0.955091955140233,negative
2024-02-12,Dow Jones Futures: Arm Rockets 42%; AI Stock Arista Dives On Earnings,-0.941545176319778,negative
2024-02-13,The Next Disney? 3 Entertainment Stocks That Investors Shouldn’t Ignore.,-0.10980246216058731,neutral
2024-02-13,These 3 Companies Are Shattering Quarterly Records,-0.8299706541001797,negative
2024-02-13,Get Rich Quick With These 7 Tech Stocks to Buy Now,0.21700505632907152,neutral
2024-02-14,"Berkshire Sells Apple, Paramount, HP Stock, Buys More Chevron",0.04115639068186283,neutral
2024-02-14,Stream Dreams: 3 Stocks Set to Soar in the Streaming Wars,0.2021184777840972,neutral
2024-02-14,Warren Buffett’s Berkshire Hathaway Trims Its Massive Stake in Apple,-0.11607642471790314,neutral
2024-02-15,3 Tech Stocks That Could Make Your February Unforgettable,-0.23851454257965088,neutral
2024-02-15,Profit and Purpose: 7 Standout Stocks for the Ethical Investor,0.13657725416123867,neutral
2024-02-15,Apple plans AI-based code completion tool -report,0.0344773568212986,neutral
2024-02-16,"First Paramount, now Apple. Warren Buffett's Berkshire sells shares of tech giant",0.008695250377058983,neutral
2024-02-16,Jim Cramer’s Top 10 Stock Picks This Week,0.007354371249675751,neutral
2024-02-16,Top 20 Companies With the Most Cash Reserves,0.06573199480772018,neutral
2024-02-17,Turnaround Picks: 3 Unloved Stocks That Are Ready to Rise,0.3229029271751642,neutral
2024-02-17,3 Unstoppable Dividend Stocks That Could Pay You for Life,0.05961001291871071,neutral
2024-02-17,Could Alphabet Stock Help You Become a Millionaire?,0.10137977730482817,neutral
2024-02-18,"There Are 2.2 Billion Reasons to Buy Apple Stock Hand Over Fist, but 1 Metric Might Give Investors Pause",0.008656762540340424,neutral
2024-02-18,Apple Set to Face Near €500 Million EU Fine in Spotify Row,-0.9047414399683475,negative
2024-02-18,Steady Eddies: 3 Blue-Chip Stocks to Buy for the Long Haul,0.13687657564878464,neutral
2024-02-19,12 Best Blue Chip Stocks To Invest In According to Hedge Funds,0.12305561918765306,neutral
2024-02-19,It’s Time! 3 Overheated Dow Stocks to Sell in February,-0.731578852981329,negative
2024-02-19,11 Best Big Name Stocks to Buy Right Now,0.08115169405937195,neutral
2024-02-20,3 Stocks to Buy to Cash In on the Next Big Thing,0.10265208687633276,neutral
2024-02-20,Apple Shuffles Leadership of Team Responsible for Audio Products,-0.018811021000146866,neutral
2024-02-20,Wall Street thinks stocks have room to run even higher than originally thought,0.8496532887220383,positive
2024-02-21,"Nvidia results, forecast beat estimates across the board as China sales slow 'significantly'",-0.5733369886875153,negative
2024-02-21,Dow Jones Stocks To Watch Today: Walgreens Slides On Dow 30 Removal,-0.9448422938585281,negative
2024-02-21,Apple Launches Sports App. Could Gambling Be Next?,0.020924899727106094,neutral
2024-02-22,Jim Cramer’s 2024 Portfolio: 10 Latest Stock Picks,0.008990002796053886,neutral
2024-02-22,Apple launches free sports app,0.029763758182525635,neutral
2024-02-22,Apple hits out at Spotify over ongoing EU competition complaint,-0.7750090286135674,negative
2024-02-23,Which Magnificent 7 stock saw biggest post-earnings gains?,0.09489543922245502,neutral
2024-02-23,3 Stocks to Watch From the Prospering Computer Industry,0.12589510064572096,neutral
2024-02-23,"3 Tech Stocks to Turn $250,000 Into $1 Million: February 2024",0.15338228829205036,neutral
2024-02-24,"The best, worst positioned Mag 7 stocks coming off earnings",-0.7512316480278969,negative
2024-02-24,"Niklaus Wirth, Who Inspired a Generation of Computer Programmers, Dies at 89",-0.2092156782746315,neutral
2024-02-24,30 Highest Paying Jobs In The World In The Future,0.24037868529558182,neutral
2024-02-25,Best Immigration Lawyers in Each of 30 Biggest Cities in the US,0.2114696493372321,neutral
2024-02-25,Jim Cramer Says Do Not Buy These 11 Stocks,-0.017788181081414223,neutral
2024-02-25,13 Best Major Stocks to Buy Right Now,0.05898681841790676,neutral
2024-02-26,"What sets the Major League Soccer, Apple streaming deal apart",0.010099859908223152,neutral
2024-02-26,The 3 Most Popular Stocks Owned by Congress in Q1,0.10363186150789261,neutral
2024-02-26,Samsung unveils wearable Galaxy Ring: What are its features?,0.020195601508021355,neutral
2024-02-27,"Apple met with DOJ officials to avoid antitrust lawsuit, Bloomberg reports",-0.1493866667151451,neutral
2024-02-27,Apple Met With DOJ Antitrust Chief in Last-Ditch Bid to Avoid Expected Suit,-0.8274311497807503,negative
2024-02-27,Apple Ends Quest to Build Its Own Electric Vehicle,0.2548393430188298,neutral
2024-02-28,"Apple had 'little to gain' in entering EV market, analyst says",0.20178029872477055,neutral
2024-02-28,Apple Investors Reject Call for Report Into Company’s AI Use,-0.27828317135572433,neutral
2024-02-28,Apple Shareholders Reject AI Report Proposal,-0.5248228125274181,negative
2024-02-29,These 3 Companies Posted Record-Breaking Quarters,0.8891205117106438,positive
2024-02-29,Apple’s generative AI plans are suddenly a lot more important to its future,0.0897577591240406,neutral
2024-02-29,"Nvidia Stock’s Rally Is Amazing, but Not Extraordinary",0.8624122776091099,positive
2024-03-01,Apple reverses decision to disable home screen web apps in EU,-0.5176934935152531,negative
2024-03-01,Apple's Launching A Futuristic Siri And Apple-Based Artificial Intelligence As It Looks To Take On Microsoft's AI Dominance,0.1470807185396552,neutral
2024-03-01,UPDATE 1-Apple reverses decision to disable home screen web apps in EU,-0.6223538257181644,negative
2024-03-02,3 Work-From-Home Stocks Still Going Strong,0.5445580184459686,positive
2024-03-02,Tony Robbins shares one reminder for those caught up in the 'Magnificent 7' bubble,0.04923992417752743,neutral
2024-03-02,"Macy's shutters stores, Apple's pivot, Google's Gemini fail and Tesla's new model",-0.9333693012595177,negative
2024-03-03,"Here's How Much You'd Have If You Invested $10,000 in Apple Stock When Warren Buffett First Bought It",0.02051679976284504,neutral
2024-03-03,12 Best Battery Stocks To Invest In Before They Take Off,0.0882804049178958,neutral
2024-03-03,Where Will Apple Stock Be in 3 Years?,-0.011036263778805733,neutral
2024-03-04,US STOCKS-S&amp;P 500 edges lower as investors hold their breath ahead of economic data,-0.9397970493882895,negative
2024-03-04,Apple's new MacBook Air models rolling out this week,0.0900180609896779,neutral
2024-03-04,Dow Jones Dips With 3 Warren Buffett Picks Near Entries; Cathie Wood Buys This Stock Amid 51% Plunge,-0.49619492143392563,negative
2024-03-05,"US STOCKS-Tech-heavy Nasdaq leads Wall Street lower as megacaps, chips slide",-0.9545939965173602,negative
2024-03-05,Apple iPhone sales in China plummet 24% as Huawei smartphone sales surge,-0.9635817436501384,negative
2024-03-05,Tech Giants Drag Down US Stocks After Torrid Rally: Markets Wrap,-0.9222256662324071,negative
2024-03-06,SEC adopts landmark climate rule — here's what that means for public companies,0.03047833777964115,neutral
2024-03-06,Double Down: 3 Overlooked Stocks Ready to Revamp Your Returns,0.14614236168563366,neutral
2024-03-06,OpenAI’s success has put a huge target on its back,0.6945810206234455,positive
2024-03-07,15 Best Apple Watch Alternatives in 2024,0.22121521271765232,neutral
2024-03-07,TikTok Divestment Push Advances With House Committee Approval,0.5231274887919426,positive
2024-03-07,"Hey, Bottom Fishers! 3 Beaten Up Stocks to Buy for Short-Term Gains",-0.005700826644897461,neutral
2024-03-08,Apple (AAPL) Ascends While Market Falls: Some Facts to Note,-0.014730177819728851,neutral
2024-03-08,"Apple Reverses Ban on Fortnite-Maker in EU, a Sign of Softening Approach to Crackdown",-0.7215361446142197,negative
2024-03-08,Apple reverses course and clears way for Epic Games to set up rival iPhone app store in Europe,-0.2348601445555687,neutral
2024-03-09,2 Stocks More Magnificent Than Apple,0.28482086956501007,neutral
2024-03-09,12 Best AI ETFs To Invest In 2024,0.10508185252547264,neutral
2024-03-09,13 Best Stocks To Buy and Hold Forever,0.03591028042137623,neutral
2024-03-10,"Bubble Angst Belied by Big-Tech Weaklings, Broader S&amp;P 500 Gains",-0.9383770590648055,negative
2024-03-10,"Apple Could Launch Its Most Important Product Since the iPhone This Summer, According to a Pair of Wall Street Analysts",0.5846606334671378,positive
2024-03-10,Apple MacBook Air 2024 review: The best keeps getting better,0.2864003200083971,neutral
2024-03-11,20 Highest Paying Countries for Business Analysts,0.22542272880673409,neutral
2024-03-11,Meta Platforms Stock Slips After Trump Calls It ‘Enemy of the People',-0.9444590890780091,negative
2024-03-11,3 5G Stocks That Could Be the Next Big Thing: March 2024,0.0015166644006967545,neutral
2024-03-12,3 Robinhood Penny Stocks Ready to Run,0.0942201279103756,neutral
2024-03-12,The Magnificent Three: Unveiling the Top Performers Among Tech Titans,0.12338864989578724,neutral
2024-03-12,UPDATE 2-Apple retreats in fight to defend App Store in Europe,-0.941189001314342,negative
2024-03-13,"UPDATE 1-Epic Games accuses Apple of violating App Store injunction, seeks contempt order",-0.8761250246316195,negative
2024-03-13,11 Oversold NASDAQ Stocks To Buy Right Now,-0.7793601844459772,negative
2024-03-13,It’s not all doom and gloom for Apple in 2024,-0.060158178210258484,neutral
2024-03-14,"Is Meta Stock A Buy After Earnings, AI-Powered Rally?",0.029320184141397476,neutral
2024-03-14,Apple Buys Canadian AI Startup as It Races to Add Features,0.4725639261305332,neutral
2024-03-14,Apple (AAPL) Advances While Market Declines: Some Information for Investors,0.0002996809780597687,neutral
2024-03-15,Apple to pay $490 million to settle allegations that it misled investors about iPhone sales in China,-0.7665831856429577,negative
2024-03-15,Norfolk County Council secures settlement as Apple agrees £384m lawsuit payment,0.06672847270965576,positive
2024-03-15,The 3 Most Undervalued Large-Cap Stocks to Buy in March 2024,0.23270045220851898,neutral
2024-03-16,50 Cities With The Largest Population In The US,0.0936276912689209,neutral
2024-03-16,"Can Nvidia Rally 21% and Surpass Apple to Become the Second Most Valuable ""Magnificent Seven"" Stock?",0.9207057096064091,positive
2024-03-16,30 Most Expensive Cities to Live in the US in 2024,0.12239100597798824,neutral
2024-03-17,Hot Stocks: The 3 Best Opportunities for Investing in Technology,0.13282805681228638,neutral
2024-03-17,11 Fastest Growing AI Stocks To Invest In Now,0.27691220585256815,neutral
2024-03-17,20 Most Owned Stocks by Hedge Funds Now,-0.004375778138637543,neutral
2024-03-18,"Giving up oil is a ‘fantasy’, says Saudi Aramco chief",0.04823831468820572,neutral
2024-03-18,"Apple, Google in talks for Gemini to power iPhone AI features: report",0.07189468387514353,neutral
2024-03-18,Nvidia bringing its Omniverse technology to Apple's Vision Pro headset,0.31918863765895367,neutral
2024-03-19,Judge denies Apple's attempt to dismiss a class-action lawsuit over AirTag stalking,-0.6531116142868996,negative
2024-03-19,Apple Looks to External Partners to Boost AI Efforts,0.8918342590332031,positive
2024-03-19,From Six Figures to Seven: 3 Semiconductor Stocks Set to Make Millionaires,0.14884481951594353,neutral
2024-03-20,Justice Department to Sue Apple for Antitrust Violations as Soon as Thursday,-0.7682243585586548,negative
2024-03-20,8 Best AirTag Alternatives That Are Actually Worth Buying,0.22359415795654058,neutral
2024-03-20,12 Best Alternatives to a 4-Year College,0.12678156793117523,neutral
2024-03-21,US STOCKS-Wall Street hits record closing highs on rate-cut optimism; chip sector rallies,0.7262332737445831,positive
2024-03-21,Apple Stock Drops As Justice Department Sues iPhone Maker,-0.9344420079141855,negative
2024-03-21,Why China's options in response to a TikTok ban are limited,0.009821858257055283,neutral
2024-03-22,Broadening US market rally gets boost from dovish Fed,0.6741249039769173,positive
2024-03-22,"These Stocks Moved the Most Today: FedEx, Nike, Lululemon, Tesla, Nvidia, Reddit, Apple, and More",0.1349433921277523,neutral
2024-03-22,Why Apple Will Prevail,0.03654704429209232,neutral
2024-03-23,"43.5% of Warren Buffett's $372 Billion Portfolio Is Invested in 2 ""Magnificent Seven"" Stocks",0.018378933891654015,neutral
2024-03-23,"Berkshire Hathaway's Beating the Market, But Its Biggest Holdings Aren't. What Gives?",-0.04326068237423897,neutral
2024-03-23,Ghost of Microsoft Stalks Apple as DOJ Takes Its Shot,-0.1770305261015892,neutral
2024-03-24,Apple’s Cook Tells China Forum AI Is Key for Climate Battle,0.1526765525341034,neutral
2024-03-24,11 Stocks That Will Profit From AI Evolution,0.16762385331094265,neutral
2024-03-24,"UPDATE 2-Activist investor Politan plans second proxy battle at Masimo, WSJ reports",-0.01631709188222885,neutral
2024-03-25,Apple Is Missing the AI Frenzy. Why It Could Have the ‘Last Laugh.’,-0.2219371348619461,neutral
2024-03-25,Investing in Innovation: 10 Best Tech and Disruptive ETFs,0.3692428758367896,neutral
2024-03-25,Steve Jobs Didn't Become A Billionaire Because Of Apple – It Was Actually Pixar And The Toy Story Movie,-0.03219712898135185,neutral
2024-03-26,Apple Set to Unveil AI Strategy at June 10 Developers Conference,0.027441132813692093,neutral
2024-03-26,The AI Underdogs: 3 Stocks That Should Be Getting More Love,0.12357997335493565,neutral
2024-03-26,Apple (AAPL) Registers a Bigger Fall Than the Market: Important Facts to Note,-0.14432712644338608,neutral
2024-03-27,Apple’s first quarter has felt more like an entire (bad) year,-0.9561614850535989,negative
2024-03-27,Mag 7 Stock Teases Breakout — While Nvidia Gets A Haircut,-0.43350082635879517,negative
2024-03-27,Billionaire Warren Buffett Has 50% of His Portfolio in 1 Stock,0.023484491743147373,neutral
2024-03-28,"Apple's new iPad Pro likely to launch in May, ramps up overseas production, Bloomberg News reports",0.9265884831547737,positive
2024-03-28,7 Blue-Chip Stocks to Buy at a 52-Week Low in March,-0.6451552510261536,negative
2024-03-28,13 High Growth Value Stocks to Invest in According to Seth Klarman,0.14750083442777395,neutral
2024-03-29,13 Best Growth ETFs To Buy Now,0.21534614823758602,neutral
2024-03-29,16 Easiest Countries to get a Residence Permit,0.12175169494003057,neutral
2024-03-29,Is Trending Stock Apple Inc. (AAPL) a Buy Now?,0.03782581724226475,neutral
2024-03-30,"Better ""Magnificent Seven"" Stock: Apple or Tesla?",-0.001288391649723053,neutral
2024-03-30,"3 Magnificent Stocks That I'm ""Never"" Selling",-0.0509202778339386,neutral
2024-03-30,"Smartphone maker Xiaomi switches from Apple to Tesla challenger as its first EV racks up 120,000 orders in 36 hours",0.45127352327108383,neutral
2024-03-31,Spring Cleaning: 3 Stocks to Say Goodbye to Right Now,-0.06896944530308247,neutral
2024-03-31,Apple's antitrust fight could threaten its search for the next big thing,-0.8922636341303587,negative
2024-03-31,12 Oversold Dividend Stocks To Buy Now,-0.7478911057114601,negative
2024-04-01,Apple (AAPL) Falls More Steeply Than Broader Market: What Investors Need to Know,-0.10769898071885109,neutral
2024-04-01,1 Magnificent S&amp;P Dividend Stock Down 12% to Buy and Hold Forever,-0.9401146220043302,negative
2024-04-01,"Top Stock Reports for Apple, NVIDIA &amp; Eli Lilly",0.03546404279768467,neutral
2024-04-02,"FOCUS-Target shopper data, streaming TV ads are key to its sales",0.10401124227792025,neutral
2024-04-02,"Target shopper data, streaming TV ads are key to its sales",0.08256612159311771,neutral
2024-04-02,Beyond Chatbots: 3 Stocks Harnessing AI in Extraordinary Ways,0.11692176852375269,neutral
2024-04-03,The Underrated iPhone App That Makes Everyday Tasks Easier,0.16414958517998457,neutral
2024-04-03,Apple services restored after brief outages globally,-0.36796464025974274,negative
2024-04-03,UPDATE 2-Apple services restored after brief outages globally,-0.050194740295410156,negative
2024-04-04,Value Vault: 3 Stocks That Dominate This Investing Icon&#039;s Portfolio,0.036471582017838955,neutral
2024-04-04,"Apple Inc (AAPL) CEO Timothy Cook Sells 196,410 Shares",0.009873203933238983,neutral
2024-04-04,"Apple Cut at Least 600 Workers When Car, Screen Projects Stopped",-0.9588605486787856,negative
2024-04-05,Apple asks US appeals court to reverse Apple Watch import ban,-0.7817943841218948,negative
2024-04-05,11 Best Technology Penny Stocks To Invest In Now,0.1429495569318533,neutral
2024-04-05,Apple Supplier Reports Revenue Dip But Expects Growth Ahead As The AI Revolution Created Room For Contributors,-0.8951815962791443,negative
2024-04-06,"
Nicholas Rossolillo  |  Apr 6, 2024
",-0.09539538994431496,neutral
2024-04-06,The Apple Antitrust Fallout: 3 Stocks Poised to Capitalize on the Chaos,0.7603750973939896,positive
2024-04-06,"Apple's road ahead: New products, diversifying revenue streams will be key to its stock, analysts say",0.8957236409187317,positive
2024-04-07,20 Countries with the Largest Labor Force in the World,0.1594405360519886,neutral
2024-04-07,"3 Low-Beta, High-Reward Stocks That Have More Room to Run",0.16097110882401466,neutral
2024-04-07,1 Top Buffett Stock to Buy and Hold for the Long Haul,0.08463641814887524,neutral
2024-04-08,Spotify Goes A Step Further On Its AI Journey,0.8397624576464295,positive
2024-04-08,13 Best Penny Stocks to Buy According to Billionaire Ken Griffin,0.09693248011171818,neutral
2024-04-08,UPDATE 1-EU regulators assess Apple's plan for complying with music streaming order,0.3763379864394665,neutral
2024-04-09,"Meet the Cheapest ""Magnificent Seven"" Stock According to These Key Financial Metrics",0.23264756426215172,neutral
2024-04-09,Apple is aiming the Vision Pro at enterprises,0.17309410218149424,neutral
2024-04-09,Short-Selling Bonanza: 3 Overhyped Tech Stocks to Bet Against,0.1512334682047367,neutral
2024-04-10,Here is What to Know Beyond Why Apple Inc. (AAPL) is a Trending Stock,0.0009615458548069,neutral
2024-04-10,Gold rises to near record highs even as interest rate cut hopes fade,0.6399620473384857,positive
2024-04-10,Apple Store in New Jersey Files to Unionize in Renewed Push,-0.9302921928465366,negative
2024-04-11,Apple Plans to Overhaul Entire Mac Line With AI-Focused M4 Chips,-0.03288539499044418,neutral
2024-04-11,"Apple plans Mac line overhaul with AI-focused M4 chips, Bloomberg News reports",0.21651165932416916,neutral
2024-04-11,"UPDATE 2-Apple plans Mac line overhaul with AI-focused M4 chips, Bloomberg News reports",0.3504166565835476,neutral
2024-04-12,Apple Signal of AI Intent Unleashes $112 Billion Stock Surge,-0.1126246266067028,neutral
2024-04-12,Surge in Tech Giants' S&amp;P 500 Influence Despite Mixed Performances,0.9164669159799814,positive
2024-04-12,Apple Stock Rises On AI Mac News. Shares Look To Retake Key Level.,0.5227242112159729,positive
2024-04-13,3 Dow Jones Dividend Stocks That Are Within 6% of Their 52-Week Lows to Buy Now,-0.7521596625447273,negative
2024-04-13,New Masters Apple Vision Pro app gives golf fans whole new way to experience the tournament,0.2671778341755271,neutral
2024-04-13,Apple denies violating US court order in Epic Games lawsuit,-0.6099740862846375,negative
2024-04-14,Antitrust fervor is gripping Washington and Silicon Valley. But lawsuits have been declining.,-0.7805245965719223,negative
2024-04-14,Big Tech will outperform in a high interest rate environment: Wall Street pros,0.7051386684179306,positive
2024-04-14,Why Nvidia's stock sell-off matters and what people are saying about it,-0.18386880867183208,neutral
2024-04-15,"Meta to Suspend Threads in Turkey Amid Regulatory Challenges, Aims for Future Reinstatement",-0.2441826481372118,neutral
2024-04-15,"These Stocks Moved the Most Today: Trump Media, Tesla, Goldman, Informatica, Salesforce, Schwab, Logitech, and More",0.09275655262172222,neutral
2024-04-15,Latest Insider Selling in April 2024: 10 Stocks to Watch,-0.01771814376115799,neutral
2024-04-16,Taiwan Semi's AI Boom and US Expansion Set to Drive Q1 Earnings Growth,0.8904253896325827,positive
2024-04-16,Apple (AAPL) Stock Sinks As Market Gains: Here's Why,-0.5189195461571217,negative
2024-04-16,Tim Cook says Apple wants to invest more in Vietnam as smartphone maker distances itself from China,0.7953474912792444,positive
2024-04-17,"Tech earnings season is coming, and AI is top of mind",0.28901750408113003,neutral
2024-04-17,Apple Stock Has Multiple Upside Challenges. Another Analyst Is Skeptical.,-0.5533357411623001,negative
2024-04-17,‘Meta is out of options’: EU regulators reject its privacy fee for Facebook and Instagram,-0.7797923311591148,negative
2024-04-18,"Kevin O'Leary Says Working For Steve Jobs Was Brutal — 'He Was Not a Nice Guy,' But O'Leary Still Admires Him Anyway",-0.1629921868443489,neutral
2024-04-18,Magnificent 7 Killers: 3 Growth Stocks Ready to Become Wall Street’s New Darlings,0.32279374450445175,neutral
2024-04-18,'We've evolved': Netflix explains decision to stop reporting crucial subscriber data,-0.12400989606976509,neutral
2024-04-19,Here’s Why Apple (AAPL) is in Contributor’s List of Polen Capital,0.01812734082341194,neutral
2024-04-19,"Netflix Joins Apple, Meta in Withholding Key Data From Investors",-0.01349622756242752,neutral
2024-04-19,"China orders Apple to remove WhatsApp, Threads, other apps in censorship move: report",-0.6436378303915262,negative
2024-04-20,Apple Generated $23 Billion of Q1 2024 Revenue From Something Other Than Hardware Devices. Does That Make This Top Warren Buffett Stock a No-Brainer Buy?,0.05639096349477768,neutral
2024-04-20,Gold-bug Peter Schiff admits he'd ‘be a lot richer’ if he'd just invested in the ‘Magnificent 7’ a decade ago,0.14350752346217632,neutral
2024-04-20,"2 Magnificent Stocks That Have Created Many Millionaires, and Will Continue to Make More",0.29248181264847517,neutral
2024-04-21,"
Keith Speights  |  Apr 21, 2024
",-0.08621124550700188,neutral
2024-04-21,"Big Fund Doubles Down on Palantir Stock, Sells Apple, Tesla, Microsoft",-0.6035944744944572,negative
2024-04-21,3 Secrets of 401(k) Millionaires,-0.005433443933725357,neutral
2024-04-22,3 Artificial Intelligence (AI) Stocks That Are Screaming Buys in April,0.019220177084207535,neutral
2024-04-22,20 Best Evernote Alternatives in 2024,0.10020726174116135,neutral
2024-04-22,Nasdaq 100 Breaks 3-Day Losing Streak As Tech Stocks Rebound Ahead Of Earnings Week,-0.7613926827907562,negative
2024-04-23,Spotify's First Quarter Tells A Story Of Record Profit And An Epic Win,0.5641947854310274,positive
2024-04-23,Apple may strike a historic deal with FIFA—and give a major boost to its streaming service,0.9100686591118574,positive
2024-04-23,Tech Giants Roar as Tesla Spikes in Late Hours: Markets Wrap,-0.1457003876566887,neutral
2024-04-24,12 Best Growth Stocks to Buy and Hold in 2024,0.08164363075047731,neutral
2024-04-24,"Apple looks to Southeast Asia, India as hedge against China difficulties",0.4124249191954732,neutral
2024-04-24,Samsung's Latest 3D NAND Memory Chips Transform AI Data Centers and Mobile Devices,0.12091510649770498,neutral
2024-04-25,UPDATE 1-Spotify says Apple has rejected its app update with price information for EU users,-0.9530936079099774,negative
2024-04-25,Sector Update: Tech Stocks Mixed Late Afternoon,-0.915946077555418,negative
2024-04-25,10 Best Streaming Service Stocks To Buy,0.17882278561592102,neutral
2024-04-26,Tech’s Biggest Comeback? 3 Stocks to Buy for the Epic Rebound.,0.5293534975498915,positive
2024-04-26,"Apple renews talks with OpenAI for iPhone generative AI features, Bloomberg News reports",0.6458423491567373,positive
2024-04-26,"UPDATE 1-Apple renews talks with OpenAI for iPhone generative AI features, Bloomberg News reports",0.8196745282039046,positive
2024-04-27,American Politicians are Buying These 10 AI Stocks,0.06617551017552614,neutral
2024-04-27,11 Best Home Appliance Stocks to Invest In,0.1044581662863493,neutral
2024-04-27,Goldman Sachs’ Top 15 Stock Picks for 2024,0.006863268092274666,neutral
2024-04-28,3 Reasons to Buy Apple Stock Like There's No Tomorrow,0.016331709921360016,neutral
2024-04-28,"The AI trade is back, as confidence in Big Tech surges",0.8534529060125351,positive
2024-04-28,American Politicians are Selling These 10 Stocks,0.007196139544248581,neutral
2024-04-29,Apple Earnings: Time to Take a Bite?,-0.11619160696864128,neutral
2024-04-29,Nvidia’s Woes Are Your Windfall: 3 AI Stocks to Grab Now,-0.014763042330741882,neutral
2024-04-29,US STOCKS-Wall Street stocks finish higher as investors focus on Fed moves,0.8634800389409065,positive
2024-04-30,"Apple's Secret AI Lab in Zurich Poised to Enhance iPhone Capabilities, Poach Google Staff",0.45325910672545433,neutral
2024-04-30,Google and Apple now threatened by the US antitrust laws that helped build their technology empires,-0.923658000305295,negative
2024-04-30,"Apple's Glass Supplier Corning Outperforms in Tough Market, Eyes $3B Sales Boost in Three Years",0.9210192374885082,positive
2024-05-01,Analyst Upgrades: 3 Stocks That the Pros Can’t Stop Raving About,-0.3875078111886978,neutral
2024-05-01,"Apple to report Q2 earnings amid iPhone slowdown, China troubles",-0.847137313336134,negative
2024-05-01,"Google’s Payments to Apple Reached $20 Billion in 2022, Antitrust Court Documents Show",0.16589241661131382,neutral
2024-05-02,"Apple sales fall less than expected, beating Wall Street estimates",-0.9609871311113238,negative
2024-05-02,Apple’s $110 Billion Stock Buyback Plan is Largest in US History,0.458837847225368,neutral
2024-05-02,"Apple Rallies on Upbeat Forecast, Record-Setting Stock Buyback",0.8157828934490681,positive
2024-05-03,Apple’s China sales tell a different story than what analysts have heard for months. Where is the disconnect?,-0.27312957122921944,neutral
2024-05-03,Mag 7 Leadership Reflects Earnings Power,0.0714710783213377,neutral
2024-05-03,Time to Buy Apple's Stock After Record Q2 EPS?,0.05557727813720703,neutral
2024-05-04,Buffett explains Berkshire's reduced stake in Apple at annual company meeting,-0.5372294448316097,negative
2024-05-04,Berkshire's profit plunges 64% on portfolio holdings as Buffett sells Apple,-0.9604370500892401,negative
2024-05-04,Why Warren Buffett's billions in cash at Berkshire Hathaway is a bearish stock market signal,-0.6596810556948185,negative
2024-05-05,Disney steps up as Big Tech steps back: What to know this week,0.04398847557604313,neutral
2024-05-05,"Buffett Praised Apple After Trimming It, Drops Paramount Stake",0.04893115535378456,neutral
2024-05-05,Apple Has a Problem -- and Investors Should Love It,-0.06554713845252991,neutral
2024-05-06,"Apple Illegally Interrogated NYC Retail Staff, US Labor Board Rules",-0.835060354322195,negative
2024-05-06,"Apple Is Working On Its Own AI Chip for Data Centers, WSJ Says",0.22792762983590364,neutral
2024-05-06,"IBM CEO Arvind Krishna: Why the economy has slowed, and how AI is benefiting",-0.045800432562828064,neutral
2024-05-07,Buyback Bonanza: 3 Companies Scooping Up Shares,0.09850003942847252,neutral
2024-05-07,"Big Afternoon for Earnings: RDDT, WYNN, LYFT &amp; More",0.1910748342052102,neutral
2024-05-07,Luxury on a Budget: 12 Affordable Smartphones with Premium Features,0.22426504734903574,neutral
2024-05-08,Music streaming firms urge European Commission to reject Apple's proposal in App Store case,-0.7067278251051903,negative
2024-05-08,Apple’s Unionized Maryland Store to Vote on Possible Strike,-0.6961271204054356,negative
2024-05-08,Judge grills Apple exec about whether company is defying order to enable more iPhone payment options,-0.832103656604886,negative
2024-05-09,"More Money, More Streams: Netflix, Disney+, AppleTV+ And Hulu See Higher Usage Among Wealthier Americans",0.7115773539990187,positive
2024-05-09,Hugh Grant accuses Apple of destroying human experience with iPad advert,-0.7733835559338331,negative
2024-05-09,"Apple Apologizes for iPad Pro Ad, Scraps Plan to Air It on TV",-0.7689219638705254,negative
2024-05-10,"AI Revolution 'On the Doorstep:' The 'Tidal Wave' Is Well Underway, Analyst Says",0.41255725733935833,neutral
2024-05-10,Apple Says No Major App Developers Accept New Outside Payments,0.06600946746766567,neutral
2024-05-10,"Stocks Surge On Healthy Earnings Season, Rising Jobless Claims: This Week In The Markets",-0.43198448419570923,negative
2024-05-11,40.2% of Warren Buffett's $362 Billion Portfolio Is Invested in 2 Artificial Intelligence (AI) Stocks,0.02519409079104662,neutral
2024-05-11,What happened to 3D printing stocks?,-0.3541035149246454,neutral
2024-05-11,Buffett Is Selling Apple Stock. The Reason Why Is Eye-Opening.,-0.01782255247235298,neutral
2024-05-12,Where Will Apple Stock Be in 5 Years?,-0.00693274661898613,neutral
2024-05-12,15 Easiest Degrees That Pay Well,0.05362201854586601,neutral
2024-05-12,Apple Just Announced a $110 Billion Stock Buyback. Here's Why I Still Wouldn't Buy the Stock.,-0.027665626257658005,neutral
2024-05-13,US STOCKS-S&amp;P 500 barely changes as investors hold tight ahead of inflation data,-0.5982742309570312,negative
2024-05-13,Apple Reportedly Close To Deal With OpenAI To Add AI Features To iPhone,0.6957484893500805,positive
2024-05-13,PayPal Is Holding Its Ground Amid Clash Of Digital Payment Titans,-0.47208867967128754,negative
2024-05-14,Warren Buffet’s Blunders: 3 Investments Even the Oracle Regrets,-0.1304430030286312,neutral
2024-05-14,Is Uniti Group Inc (NASDAQ:UNIT) the Best High-Dividend Penny Stock to Buy Now?,0.09318296983838081,neutral
2024-05-14,Stable Stocks: 3 Blue Chips to Buy for Longterm Profits,0.07548750936985016,neutral
2024-05-15,Is Apple Inc (AAPL) The Best Jim Cramer Stock to Buy Now?,0.04728175327181816,neutral
2024-05-15,"Hedge fund Coatue scraps its Apple stake in Q1, while Viking built its position",-0.7984743118286133,negative
2024-05-15,Here Are the Stocks Berkshire Sold in the First Quarter,-0.023526102304458618,neutral
2024-05-16,"Google's Potential Gemini-Apple Deal Announcement Seen Shifting to June Conference, UBS Says",0.0011984780430793762,neutral
2024-05-16,Wall Street Favorites: 3 Quantum Computing Stocks With Strong Buy Ratings for May 2024,0.7324606319889426,positive
2024-05-16,Brace for a Market Crash With These 3 (Surprising) New Inflation Hedges,-0.41129906475543976,neutral
2024-05-17,"Apple set to release slimmer iPhone in 2025, the Information reports",0.10201612208038568,neutral
2024-05-17,Rally Rockets: 3 Stocks Benefitting From the Market’s Unstoppable Surge,0.9158480651676655,positive
2024-05-17,"Apple’s iPad Pro is its most incredible product, but software holds it back",0.12119633331894875,neutral
2024-05-18,Could Warren Buffett Like This Stock More Than Apple Because of Its Once-in-a-Generation Opportunity?,0.11620819848030806,neutral
2024-05-18,Forget Amazon: This Stock Has Made Far More Millionaires,0.11340026929974556,neutral
2024-05-18,"Apple’s 27% App Store Fee Trying to Comply With Law, Exec Says",-0.31952352821826935,negative
2024-05-19,Invest Like a Hedge Fund King: 3 Stocks Backed by Paul Tudor Jones,0.013186255469918251,neutral
2024-05-19,Facebook Parent’s Plan to Win AI Race: Give Its Tech Away Free,-0.04616183787584305,neutral
2024-05-19,3 Reasons to Buy Apple Stock Like There's No Tomorrow,0.016331709921360016,neutral
2024-05-20,Microsoft Unveils New AI PC To Challenge Apple's MacBook Air,0.5892895925790071,positive
2024-05-20,Scott Black's Strategic Moves in Q4 2023: Spotlight on WR Berkley Corp,0.06593779660761356,neutral
2024-05-20,Microsoft’s CEO Says New AI PCs Will Revive PC-Mac Rivalry,0.9035084117203951,positive
2024-05-21,"3 Stocks That Could Be the Next Apple, Amazon, or Google by 2034",0.021430300548672676,neutral
2024-05-21,Sector Update: Tech Stocks Mixed Late Afternoon,-0.915946077555418,negative
2024-05-21,Buy the Dip: 3 Stocks Ready to Rebound for Big Returns,0.3836416192352772,neutral
2024-05-22,Federal Circuit Overturns GM's Patent Win Against Auto-Parts Provider LKQ,-0.926398515701294,negative
2024-05-22,3 Chip Stocks to Buy to Invest in AI’s Brain,0.09301835019141436,neutral
2024-05-22,Top Apple exec acknowledges shortcomings in effort to bring competition in iPhone app payments,-0.7778351828455925,negative
2024-05-23,"Top Stock Reports for Apple, Mastercard &amp; Amgen",0.01606161519885063,neutral
2024-05-23,Summer Cinema Crunch: Box Office Sales Off to a Slow Start in 2024,-0.9597976920194924,negative
2024-05-23,Amazon readies Alexa for its second act—but it has an uphill battle,-0.07426591962575912,neutral
2024-05-24,"Update: Wedbush Raises Price Target on Apple to $275 From $250 on iPhone demand, Keeps Outperform Rating",0.9132662080228329,positive
2024-05-24,Is Broadcom Inc. (NASDAQ:AVGO) The Best Tech Dividend Stock of 2024?,0.20242646429687738,neutral
2024-05-24,3 Metaverse Stocks That Could Be Millionaire-Makers: May Edition,0.006030181422829628,neutral
2024-05-25,British microchip plant faces closure after Apple pulls the plug,-0.9422870557755232,negative
2024-05-25,Is Apple Inc. (NASDAQ:AAPL) Warren Buffett’s Favorite Dow Stock?,-0.0010617934167385101,neutral
2024-05-25,Should You Buy Apple Stock Before June 10?,0.005114138126373291,neutral
2024-05-26,It's more complicated than ever to watch sports — here's why,-0.008123300969600677,neutral
2024-05-26,Playing Catch Up: 3 Tech Stocks Being Left Behind By the AI Boom,-0.8552475338801742,negative
2024-05-26,40% of Warren Buffett's $379 Billion Portfolio Is Invested in Only 1 Stock,0.019359808415174484,neutral
2024-05-27,1 Stock to Buy Before It Breaks New Ground in Artificial Intelligence (AI) Next Month,0.19938858691602945,neutral
2024-05-27,Apple's Highly Anticipated Artificial Intelligence (AI) Reveal Could Be Only 14 Days Away. Should You Buy the Stock Now?,0.01982891745865345,neutral
2024-05-27,"
Keith Speights  |  May 27, 2024
",-0.08065093867480755,neutral
2024-05-28,First Solar Stock (NASDAQ:FSLR): Cheaply Valued and Benefiting from AI,0.8983352482318878,positive
2024-05-28,Berkshire Stock Looks Good After Selloff as Book Value Grows on Apple Rally,0.9170640185475349,positive
2024-05-28,These 5 Artificial Intelligence (AI) Stocks Make Up 27.3% of the Entire S&amp;P 500 Index,0.010019470006227493,neutral
2024-05-29,"Argentina’s President Tours World to Meet Supporters, Leaving Setbacks at Home",-0.8837367221713066,negative
2024-05-29,Five Broad Technology ETFs To Keep On Your Radar In 2024,0.0828619385138154,neutral
2024-05-29,Apple is getting a once-in-a-decade secret weapon in AI-enabled ‘intelliphones.’ Bank of America sees its stock surging 20%,0.8275530580431223,positive
2024-05-30,"Apple iPhone Sales Weak In China, U.S.: Report",-0.9611599911004305,negative
2024-05-30,Apple Plans AI-Based Siri Overhaul to Control Individual App Functions,0.043729979544878006,neutral
2024-05-30,"1 Spectacular Growth Stock That Could Join Nvidia, Meta, Microsoft, Apple, and Alphabet in the $1 Trillion Club by 2030",0.38468418549746275,neutral
2024-05-31,NVIDIA is a shoo-in for the Dow post stock split,0.004623487591743469,neutral
2024-05-31,Apple Supplier Luxshare Accused of Illegal Operations and Talent Poaching in Taiwan,-0.9393455050885677,negative
2024-05-31,Implied Volatility Surging for Apple (AAPL) Stock Options,0.5224184989929199,positive
2024-06-01,3 Reasons to be Bullish on Apple Stock (NASDAQ:AAPL),-0.018584243953227997,neutral
2024-06-01,Should You Buy Apple Stock Before June 10?,0.005114138126373291,neutral
2024-06-01,Growth Gems Hiding in Plain Sight: 3 Overlooked Stocks Ready to Rocket,-0.04366443306207657,neutral
2024-06-02,Prediction: These 5 Artificial Intelligence (AI) Stocks Will Be Worth a Combined $25 Trillion by 2030,0.1327075408771634,neutral
2024-06-02,Is Nvidia Stock a Buy Now?,0.02068949118256569,neutral
2024-06-02,Here's what's really bothering me about the exploding Nasdaq,-0.593472059816122,negative
2024-06-03,These 3 Tech Companies Recently Broke Quarterly Records,0.8135984092950821,positive
2024-06-03,Apple Turns Positive for 2024 After Addressing Key Bear Concerns,0.8911148766055703,positive
2024-06-03,3 Stocks Billionaires Are Buying Instead of Nvidia,-0.06520255655050278,neutral
2024-06-04,WWDC a ‘pivotal moment’ for Apple with AI plans in focus- Wedbush,0.5811905208975077,positive
2024-06-04,What's Going On With Super Micro Computer Stock On Tuesday?,-0.5296004302799702,negative
2024-06-04,"Nvidia, AMD Chips To Get Dearer as Taiwan Semi Eyes AI Chip Price Hike",-0.8333751149475574,negative
2024-06-05,"S&amp;P 500, Nasdaq 100 Jointly Hit All-Time Highs, Nvidia Overtakes Apple As Second Most Valuable US Company",0.8851012084633112,positive
2024-06-05,The 2030’s Millionaire Club: 3 Hyper-Growth Stocks to Buy Now,0.06571148987859488,neutral
2024-06-05,Usher and Apple CEO Tim Cook had a meeting. Now the Super Bowl performer is taking his ideas to Capitol Hill,0.007405707612633705,neutral
2024-06-06,Will Apple Give Siri A Brain Transplant At WWDC?,0.06037802156060934,neutral
2024-06-06,Cathie Wood Remains Bullish On AI Investments Despite Nvidia Stock Adjustments,-0.3677177429199219,negative
2024-06-06,"Apple to Debut Passwords App in Challenge to 1Password, LastPass",0.20915100164711475,neutral
2024-06-07,Apple (AAPL) Rises As Market Takes a Dip: Key Facts,0.16838843375444412,neutral
2024-06-07,Apple Needs an AI Miracle at WWDC. The Stock Is Counting on It.,0.32733927480876446,neutral
2024-06-07,"Stocks Hit Record Highs, Central Banks Cut Rates, Tight US Jobs Report Dampens Fed Easing Hopes: This Week In The Market",-0.51286181807518,negative
2024-06-08,"As one streaming era ends, another begins: Chart of the Week",0.006161931902170181,neutral
2024-06-08,7 Resilient Picks Poised to Weather Any Storm,0.6895366422832012,positive
2024-06-08,Apple needs to make Siri fit into a ChatGPT world—Is it Mission Impossible?,-0.02096223458647728,neutral
2024-06-09,What Is the Dividend Payout for Alphabet?,0.004204099997878075,neutral
2024-06-09,Wall Street praises Spotify price hikes — and notes other audio streamers should follow suit,0.7149045877158642,positive
2024-06-09,Nvidia stock split: What's next for the stock and other AI plays,-0.008212490007281303,neutral
2024-06-10,"Apple Introduces ‘Apple Intelligence,’ New OpenAI Partnership as AI Takes Center Stage",0.20722640212625265,neutral
2024-06-10,Apple Unveils ‘AI for the Rest of Us’ in Bid to Retake Spotlight,0.27430117782205343,neutral
2024-06-10,Apple keen on more deals with AI chatbots after link-up with ChatGPT,0.7873607436195016,positive
2024-06-11,Time to Buy Apple's (AAPL) Stock for Higher Highs?,0.07887429371476173,neutral
2024-06-11,Berkshire Hathaway Stock Gets No Lift From Surge in Apple Shares,-0.4576719403266907,negative
2024-06-11,"S&amp;P, Nasdaq Notch New Closing Highs Ahead of CPI, Fed",0.5599669814109802,positive
2024-06-12,Opera (NASDAQ:OPRA): Underrated AI Stock Yielding Over 5%,0.19962811470031738,neutral
2024-06-12,Asian stocks rise as tech tracks Wall St rally; Hawkish Fed limits gains,-0.3262297064065933,negative
2024-06-12,Apple’s AI spike sparks rally in Asian suppliers,0.17050641775131226,positive
2024-06-13,Is Apple Inc. (NASDAQ:AAPL) The Best Hardware Stock To Buy According To Goldman Sachs?,0.07335895672440529,neutral
2024-06-13,Gabelli Funds Commentary: GAMCO All Cap Value Fund Commmentary for May 2024,-0.00439818948507309,neutral
2024-06-13,Apple (AAPL) Outpaces Stock Market Gains: What You Should Know,0.14487935416400433,neutral
2024-06-14,2 Artificial Intelligence (AI) Stocks That Could Make You a Millionaire,0.07424193248152733,neutral
2024-06-14,"Apple, Meta set to face EU charges under landmark tech rules, sources say",-0.87949638068676,negative
2024-06-14,The 3 Best Stocks to Buy Now for the Short Term: June 2024,0.01756744273006916,neutral
2024-06-15,Electric Avenue: 3 EV Stocks That Will Electrify Your Investment Returns,0.17540817335247993,neutral
2024-06-15,The Small-Cap Showdown: 3 Mighty Stocks Punching Above Their Weight,-0.09921060502529144,neutral
2024-06-15,Should You Buy Apple Stock Following Its AI Announcements?,0.015968728810548782,neutral
2024-06-16,6 Artficial Intelligence (AI) Stocks Are Worth Over $1 Trillion. Here Are the 2 Most Likely to Join the Club Next.,0.025576511397957802,neutral
2024-06-16,Apple and Oracle Helped Propel These 3 Vanguard ETFs to All-Time Highs. Here's My Favorite to Buy Now.,0.1355753568932414,neutral
2024-06-16,The Most Powerful Brand in the US,0.2687723711133003,neutral
2024-06-17,"Apple Is Shutting Down Its Buy Now, Pay Later Service",-0.7032658401876688,negative
2024-06-17,"Apple Shutting Down Pay Later, Its Affirm Rival, After One Year",-0.5677276756614447,negative
2024-06-17,"Market Chatter: Nvidia Set for Over 20% Weighting in SPFR ETF, Apple to Drop Significantly",-0.9400071352720261,negative
2024-06-18,7 Stocks to Buy Now: June 2024,0.003984037786722183,neutral
2024-06-18,Nvidia Tops Microsoft to Become Largest U.S. Company,0.8294429164379835,positive
2024-06-18,"Apple turns to third parties for 'buy now, pay later' after sunsetting product",-0.06935279816389084,neutral
2024-06-19,Rags to Riches: 3 AR Stocks That Could Make Early Investors Rich,0.009935662150382996,neutral
2024-06-19,Q&amp;A: How did Nvidia become world’s most valuable company?,0.19779014587402344,neutral
2024-06-19,The Largest Company in the US,0.09637568518519402,neutral
2024-06-20,Wall Street Favorites: 3 Consumer Stocks With Strong Buy Ratings for June 2024,0.5080891139805317,positive
2024-06-20,How Santa Clara chipmaker Nvidia became one of the world's most valuable companies in the AI boom,0.7253661956638098,positive
2024-06-20,3 Home Improvement Stocks to Snag Before They Rebuild and Rocket,-0.8362227957695723,negative
2024-06-21,How Worried Should PayPal Stock Investors Be About Apple’s Latest Fintech Moves?,-0.3462569862604141,neutral
2024-06-21,Why Apple (AAPL) Dipped More Than Broader Market Today,-0.7341435253620148,negative
2024-06-21,S&amp;P 500 Trading Volume Spikes at Wall Street Close: Markets Wrap,-0.673055924475193,negative
2024-06-22,2 Winners and 2 Losers From Apple's Latest Artificial Intelligence (AI) Announcement,0.4837336018681526,positive
2024-06-22,Is Apple Stock Going to $240? 1 Wall Street Analyst Thinks So.,0.030220750719308853,neutral
2024-06-22,Hedge Funds Are Crazy About Apple Inc. (AAPL),-0.07495331950485706,neutral
2024-06-23,More Than 43% of Warren Buffett-Led Berkshire Hathaway's $390 Billion Portfolio Is Invested in Only 1 Stock,0.02845002431422472,neutral
2024-06-23,"Nvidia, Microsoft, or Apple: Which Will Be the First to Reach a $4 Trillion Market Cap?",0.049647750332951546,neutral
2024-06-23,"Apple, Microsoft, or Nvidia: Which Will Be the World's Most Valuable Company a Year From Now?",0.054819369688630104,neutral
2024-06-24,Yahoo Video: Apple stock will see little impact from EU probe: Analyst,-0.017274752259254456,neutral
2024-06-24,Apple Spurned Idea of iPhone AI Partnership With Meta Months Ago,0.08375994116067886,neutral
2024-06-24,"Apple, Meta not in talks currently for AI partnership, Bloomberg News reports",-0.008387204259634018,neutral
2024-06-25,EU keeps flexing its antitrust muscles with US tech giants,0.7793756052851677,positive
2024-06-25,You’ve Been Warned! 3 Nanotech Stocks to Buy Now or Regret Forever.,-0.11872290819883347,neutral
2024-06-25,Nvidia stock pops to snap three-day rout,-0.2810497432947159,neutral
2024-06-26,3 Stocks Poised for a Major Turnaround: Expert Picks for Massive Gains,0.6806107461452484,positive
2024-06-26,Apple Hopes To Stand Out As Privacy-Focused AI Company,0.6846215585246682,positive
2024-06-26,Europe is at the gates of Apple’s walled garden,0.10099216550588608,neutral
2024-06-27,"How much a $1,000 investment in Apple stock 10 years ago would be worth today",0.03283487819135189,neutral
2024-06-27,Too Late to Buy Nvidia? 3 Stocks to Double Down on Instead.,-0.08241669274866581,neutral
2024-06-27,Apple (AAPL) Laps the Stock Market: Here's Why,0.033216074109077454,neutral
2024-06-28,"Apple Poised To Lead Consumer AI Market, Analyst Says",0.8207227755337954,positive
2024-06-28,Sector Update: Tech Stocks Rise Late Afternoon,0.20820185542106628,positive
2024-06-28,"If You'd Invested $1,000 in Apple Stock 27 Years Ago, Here's How Much You'd Have Today",0.026008596643805504,neutral
2024-06-29,Buffett’s Next Big Buy? 3 Value Stocks Warren Could Scoop Up Soon,0.0914719719439745,neutral
2024-06-29,"Apple And Microsoft Look Dominant. If That Continues, This Is What It Means For The Market.",0.11368019692599773,neutral
2024-06-29,The U.S. State with the Fastest-Growing Economy,0.6149602867662907,positive
2024-06-30,June jobs report ushers in new quarter during holiday-shortened trading week: What to know this week,-0.15393685549497604,neutral
2024-06-30,The 3 Smartest Fintech Stocks to Buy With $5K Right Now,0.11253889463841915,neutral
2024-06-30,World’s Best Company According to the Media,0.5002022366970778,positive
2024-07-01,Apple's China issues could hamper iPhone sales in 2025: Analyst,-0.9602000811137259,negative
2024-07-01,9 Stocks to Sell as AI Surges Ahead,-0.8362949043512344,negative
2024-07-01,"Apple's Discounts Not Enough to Mitigate Share Loss in China, UBS Says",0.6860642433166504,positive
2024-07-02,Apple Poised to Get OpenAI Board Observer Role as Part of AI Pact,0.2798969242721796,neutral
2024-07-02,Former Apple Attorney Hit with $1.15 Million Penalty for Insider Trading,-0.8743839710950851,negative
2024-07-02,Apple ex-lawyer ordered to pay $1.15 million SEC fine for insider trading,-0.8961881976574659,negative
2024-07-03,Market Break Out: 3 Leading Stocks to Buy Now,0.22594774700701237,neutral
2024-07-03,"Top Research Reports for Apple, Meta Platforms &amp; Tesla",0.08343056682497263,neutral
2024-07-03,3 Warren Buffett Stocks to Hold Forever,-0.1985674425959587,neutral
2024-07-04,3 Under-the-Radar Tech Stocks With Millionaire-Maker Upside,0.15842230245471,neutral
2024-07-04,"SPYI ETF: Get Paid Every Month, Enjoy the Massive Yield",0.11011110339313745,neutral
2024-07-04,3 Metaverse Stocks That Could Make Your Grandchildren Rich,-0.036357469856739044,neutral
2024-07-05,Stocks are at record highs. Investors keep playing the hits.,0.04252808913588524,neutral
2024-07-05,Sector Update: Tech Stocks Higher Late Afternoon,0.8828094266355038,positive
2024-07-05,These 3 Companies Generate Significant Cash,0.5860848696902394,positive
2024-07-06,"
Adam Levy  |  Jul 6, 2024
",-0.03200092539191246,neutral
2024-07-06,"Apple and Tesla Are the Only ""Magnificent Seven"" Stocks Trailing the S&amp;P 500 So Far This Year. Are They Worth Buying Now?",-0.018569212406873703,neutral
2024-07-07,45% of Warren Buffett's $398 Billion Portfolio Is Invested in 3 Artificial Intelligence (AI) Stocks,0.027219566516578197,neutral
2024-07-07,Forget Amazon: 2 Artificial Intelligence (AI) Stocks to Buy Now,0.034587834030389786,neutral
2024-07-07,Is Apple a Buy?,0.030675627291202545,neutral
2024-07-08,Apple Watch to have larger face size in Series 10 models,0.18163141142576933,neutral
2024-07-08,"Microsoft to offer Apple devices to employees in China, cites absence of Android services",0.19300813972949982,neutral
2024-07-08,Top Wall Street strategist explains why he's abandoning an S&amp;P 500 target,-0.27071186527609825,neutral
2024-07-09,Apple Sees Biggest Gains as Quarterly Personal Computer Shipments Jump,0.9106063153594732,positive
2024-07-09,Apple (AAPL) Outpaces Stock Market Gains: What You Should Know,0.14487924240529537,neutral
2024-07-09,Berkshire Hathaway Equity Portfolio Tops $400 Billion. The Stock Is Lagging.,-0.9498625574633479,negative
2024-07-10,Paramount-Skydance deal sets stage for more media dealmaking,0.24975477065891027,neutral
2024-07-10,7 Stocks to Dump Before the AI Bubble Bursts,-0.4665566571056843,negative
2024-07-10,"These Stocks Moved the Most Today: Apple, Tesla, AMD, Taiwan Semi, Super Micro, Carvana, Intuit, Smart Global, and More",0.11325513757765293,neutral
2024-07-11,"Samsung goes at Apple with Galaxy Watch Ultra, Galaxy Ring",0.05278942175209522,neutral
2024-07-11,The 3 Most Undervalued Dow Stocks to Buy in July 2024,0.05759988725185394,neutral
2024-07-11,European Equities Close Higher Thursday; UK GDP Grows More Than Expected,0.9113862849771976,positive
2024-07-12,SoundHound AI Stock May Be Poised for a Correction. Be Careful.,-0.9065970173105597,negative
2024-07-12,"Why Nvidia Stock Can Keep Climbing. Plus, Apple, MGM, and More From Analyst Reports.",0.25825900211930275,neutral
2024-07-12,Sector Update: Tech Stocks Gain in Late Trading,0.2831193506717682,positive
2024-07-13,Warren Buffett is turning 94 next month. Should Berkshire investors start to worry?,-0.19911689683794975,neutral
2024-07-13,The 7 Most Important Stocks to Watch as Q2 Earnings Season Kicks Off,0.10194778256118298,neutral
2024-07-13,3 Red-Hot Growth Stocks to Buy in 2024 and Beyond,0.16932279244065285,neutral
2024-07-14,Is Apple Inc (NASDAQ:AAPL) Aswath Damodaran’s Best AI Stock Pick?,0.07051001861691475,neutral
2024-07-14,A Bull Market Is Here. 2 Reasons to Buy Apple Stock Like There's No Tomorrow.,0.02130340225994587,neutral
2024-07-14,Prediction: 3 Stocks That Will Be Worth More Than Apple 3 Years From Now,0.13869490660727024,neutral
2024-07-15,Apple hits all-time high as Morgan Stanley touts stock as 'top pick' for AI,0.771310355514288,positive
2024-07-15,3 Fintech Stocks Riding the AI Wave Higher,0.03606336936354637,neutral
2024-07-15,Apple (AAPL) Beats Stock Market Upswing: What Investors Need to Know,0.07120680995285511,neutral
2024-07-16,3 Social Media Stocks That Will Have Better Returns Than META,0.8687911778688431,positive
2024-07-16,Sector Update: Consumer Stocks Advance Late Afternoon,0.5489544421434402,positive
2024-07-16,The Lazarus Effect: 3 ‘Dead’ Stocks That Could Rise From the Ashes,0.01764490455389023,neutral
2024-07-17,"Top Research Reports for Apple, Lowe's &amp; Shopify",0.04601510055363178,neutral
2024-07-17,"Apple scores record 72 Emmy Award nominations and sweeps across top categories including Outstanding Limited series for ""Lessons in Chemistry,"" Outstanding Drama for ""The Morning Show"" and ""Slow Horses"" and Outstanding Comedy for ""Palm Royale""",0.7407591585069895,positive
2024-07-17,US stock futures rise as chip rout eases; more earnings awaited,0.6695776581764221,positive
2024-07-18,House purchases delayed by ‘global payments issue’,-0.9381421376019716,negative
2024-07-18,US stock futures rise as tech rout pauses; major earnings awaited,0.13390836119651794,positive
2024-07-18,The Wealthiest Person in Spain,0.012947006151080132,neutral
2024-07-19,CrowdStrike Shares Trim Heavy Losses As Microsoft Announces Resolution Of Global Tech Outage: 'This Is Clearly A Major Black Eye',-0.9514505062252283,negative
2024-07-19,What's Going On With Arm Stock On Friday?,-0.5003708992153406,negative
2024-07-19,3 Tech Stocks to Buy Now: Q3 Edition,0.056413356214761734,neutral
2024-07-20,7 Long-Term Tech Stocks to Buy and Hold for the Next Decade: July Edition,0.04209691099822521,neutral
2024-07-20,TikTok fails to reverse EU decision that triggers annual compliance cost of US$1.5 million,-0.7102139592170715,negative
2024-07-21,Billionaire Warren Buffett Has $135 Billion Invested in Just 1 Artificial Intelligence (AI) Stock. Is It Time to Buy?,0.008731670677661896,neutral
2024-07-21,Chips and Taiwan Are a New Cloud for Tech Earnings,0.242850074544549,neutral
2024-07-21,3 Healthcare Stocks to Buy Now: Q3 Edition,0.05641712062060833,neutral
2024-07-22,CrowdStrike Faces Downgrades Amid Concerns Over Pricing and Renewals Following Disruption,-0.9552442962303758,negative
2024-07-22,Buffett's Berkshire Hathaway trims Bank of America stake,-0.05216052010655403,neutral
2024-07-22,Apple (AAPL) Stock Drops Despite Market Gains: Important Facts to Note,-0.5396306943148375,negative
2024-07-23,3 Stocks That Are Melting Up. Is There Room to Run?,-0.5234079025685787,negative
2024-07-23,"Apple Cherry Picks Quotes to Justify Motion for Discovery in Patent Case, Omni Bridgeway Tells Court",0.08888701256364584,neutral
2024-07-23,TSMC's Latest Results Show It Is More Than A Beneficiary Of The AI Hype As It Is One Of One Its Creators,0.41734901908785105,neutral
2024-07-24,US stock futures limp higher after tech rout batters Wall Street,-0.03014799952507019,negative
2024-07-24,Broadcom Stock Alert: Is Now the Best Time to Buy AVGO Shares?,0.01223175972700119,neutral
2024-07-24,"AI Fever Cools, Sending Nasdaq 100 Into $1 Trillion Tailspin",-0.8795429058372974,negative
2024-07-25,"Warren Buffett Sells Bank Of America Shares, What Other Financials Does He Still Hold?",-0.02632078528404236,neutral
2024-07-25,US stock futures rise as tech rout pauses; PCE data awaited,0.030606195330619812,neutral
2024-07-25,What's Going on With the Mag 7?,-0.4059966169297695,neutral
2024-07-26,Warren Buffett Is Loaded Up On These Three Stocks. Should You Be?,-0.007602479308843613,neutral
2024-07-26,Breaking Down Magnificent 7 Earnings,-0.5187589097768068,negative
2024-07-26,Mag 7 Earnings Loom: A Closer Look,0.09051121957600117,neutral
2024-07-27,Apple Reaches Its First-Ever Retail Union Contract Deal in US,0.7434178292751312,positive
2024-07-27,2 AI Stocks That Could Dominate the Rest of 2024,0.07796011306345463,neutral
2024-07-27,How Much Will Apple Pay Out in Dividends This Year?,0.014297699555754662,neutral
2024-07-28,"US stock futures rise with Fed, big tech earnings in focus",0.3713627755641937,positive
2024-07-28,Apple’s AI features will not be included in initial launch of iOS 18- Bloomberg,-0.006876422092318535,neutral
2024-07-28,"Apple's artificial intelligence features to be delayed, Bloomberg News reports",-0.6562720220535994,negative
2024-07-29,"Asian stocks sink as BOJ, Fed meetings approach; China shares hit 6-mth low",-0.9221946261823177,negative
2024-07-29,"Apple used Google's chips to train two AI models, research paper shows",0.06745777372270823,neutral
2024-07-29,"Apple May Modestly Beat Fiscal Third-Quarter Views, BofA Says",0.9320348147302866,positive
2024-07-30,Time to Buy Stock in the World's Most Valuable Company as Earnings Approach?,0.11245569214224815,neutral
2024-07-30,"Affirm's Growth Boosted by Apple and Amazon Partnerships, Lower Interest Rates: Analyst",0.9277705261483788,positive
2024-07-30,US stock futures mixed before Fed; Microsoft drops on disappointing earnings,-0.9220521599054337,negative
2024-07-31,The Top 7 Stocks to Buy Now: Summer 2024,-0.004481982439756393,neutral
2024-07-31,Meta's Reality Labs posts $4.5 billion loss in second quarter as former employees question its future,-0.9635932501405478,negative
2024-07-31,"Asian stocks: Japan tumbles as BOJ vows more rate hikes, China rebound stalls",-0.9302956685423851,negative
2024-08-01,"Apple Beats June-Quarter Targets On Services, iPad Sales Strength",0.9217735882848501,positive
2024-08-01,"Markets Tumble on... Recession Fears? Plus AAPL, AMZN, INTC Earnings",-0.8631072677671909,negative
2024-08-01,"Dow Jones Futures Fall As Apple, Amazon Follow Market Expectations Breaker; Nvidia Tumbles",-0.9484335780143738,negative
2024-08-02,Apple stock finishes flat following Q3 earnings despite a decline in iPhone sales,-0.9437087960541248,negative
2024-08-02,"Apple Fiscal Q3 Results, Q4 Guidance Won't Sway Sentiment, UBS Says",-0.029027432203292847,negative
2024-08-02,Nasdaq 100 Is in Correction Territory With AI Darlings Sinking,-0.6345090568065643,negative
2024-08-03,How Investors Can Use Stocks’ Moving Averages to Improve Returns,0.22747790813446045,neutral
2024-08-03,Warren Buffett's Berkshire sold nearly half of its Apple stake,0.022612102329730988,neutral
2024-08-03,Warning: Warren Buffet is selling stocks. A lot,-0.06493647955358028,neutral
2024-08-04,'Warren Crushed Apple' Says Jim Cramer As Buffett Cuts Stake In Tech Giant By Nearly Half: Here's How Much Dividend Income Berkshire Forgoes,-0.20085901021957397,neutral
2024-08-04,Is Nvidia Stock a Buy Now?,0.02068949118256569,neutral
2024-08-04,Berkshire Hathaway's Massive $277M Cash Hoard Rekindles Tesla Investment Chatter: Fund Manager Says 'Two Worlds Seldom Collide',-0.135233074426651,negative
2024-08-05,Apple’s Shift to AI Is Poised to Soften Blow From Google Ruling,0.6367594599723816,positive
2024-08-05,Big Tech Traders Brace for More Swings as Selloff Turns Violent,-0.3349248468875885,neutral
2024-08-05,Google's antitrust loss could put billions at risk for Apple,-0.8488223794847727,negative
2024-08-06,A Microsoft victory and Mozilla defeat: The fallout from Google’s antitrust saga,-0.13047700375318527,neutral
2024-08-06,"A judge has branded Google a monopolist, but AI may bring about quicker change in internet search",-0.01828761398792267,neutral
2024-08-06,Google’s unlawful grip on search could shatter its market dominance,-0.9295905567705631,negative
2024-08-07,"MSFT, GOOGL, META, AMZN, AAPL: Big Tech’s Big Spend on AI",0.08302224427461624,neutral
2024-08-07,3 AI-Focused Stocks That May Shape the Future of Technology,0.07101709023118019,neutral
2024-08-07,3 Stocks to Dump as Investors Rotate to Dow Jones Components,-0.8281639870256186,negative
2024-08-08,20 Most Industrialized Countries in Asia,0.07950848713517189,neutral
2024-08-08,Update: Market Chatter: Apple Planning New Mac Mini Version,0.04228024370968342,neutral
2024-08-08,3 Metaverse Stocks to Sell in August Before They Crash &amp; Burn,0.029924698173999786,neutral
2024-08-09,"Apple Defies Tech Sell-Off With Strong Earnings, AI Momentum",0.9103091228753328,positive
2024-08-09,Strategist: Why Meta looks like the 'Magnificent 7' standout right now,0.08118341211229563,neutral
2024-08-09,Lessons from Buffett's 2024 Stock Sales,0.029913175851106644,neutral
2024-08-10,Apple Says No to Nvidia GPUs. Is This the End for Nvidia?,-0.27510950714349747,neutral
2024-08-10,Apple Gets Caught Up in Market Sell-Off. Is It Time to Buy the Dip in the Stock?,-0.14672667905688286,neutral
2024-08-10,Warren Buffett Just Sold Half of His Apple Stock. 3 Reasons Not to Panic.,-0.008807450532913208,neutral
2024-08-11,"Foxconn adds 50,000 workers in Zhengzhou plant as it prepares for Apple's iPhone 16 launch",-0.022598661482334137,neutral
2024-08-11,"Nvidia Is Dominating the Artificial Intelligence Chip Market, but Apple Has Been Securing Supply From Another Tech Giant",0.6496698018163443,positive
2024-08-11,Warren Buffett Declares Shift: Selling Apple Stock To Invest In This 'Magnificent' Megacap – Here's Why,0.05367248132824898,neutral
2024-08-12,Buy the Tech Dip for the AI Bull Cycle,0.015316538512706757,neutral
2024-08-12,Google aiming to ‘claim leadership’ of AI market with new phone launch,0.6137330075725913,positive
2024-08-12,3 Augmented Reality Stocks That Could Enhance User Experiences,0.2611134983599186,neutral
2024-08-13,Apple Stock (NASDAQ:AAPL): 5 Bullish Signs and 1 Red Flag,0.18568067252635956,positive
2024-08-13,Elfun Trusts Amplifies Portfolio with Strategic Exxon Mobil Acquisition,0.23429176770150661,neutral
2024-08-13,David Rolfe's Strategic Moves in Edwards Lifesciences Corp Highlight Q2 2024 Investments,0.042906804010272026,neutral
2024-08-14,Sector Update: Tech Stocks Mixed Late Afternoon,-0.915946077555418,negative
2024-08-14,Ron Baron's Strategic Moves in Q2 2024: A Closer Look at Tesla's Position Adjustment,0.09205026645213366,neutral
2024-08-14,Strategic Shifts in Louis Moore Bacon's Portfolio Highlight Amazon's Significant Reduction,0.878882022574544,positive
2024-08-15,Alphabet (GOOGL) Boosts Smartwatch Offerings With Pixel Watch 3,0.9091220288537443,positive
2024-08-15,"Warren Buffett Still Holds 400M Apple Shares, Reveals New Investments In Ulta Beauty And Heico — Elon Musk Calls Berkshire Hathaway's $277B Cash Reserves 'Wild'",-0.8865205943584442,negative
2024-08-15,Billionaire Paul Singer Says He’s Staying Away from Apple (AAPL) and Other AI Bubble Stocks,-0.14396096765995026,neutral
2024-08-16,Investors Heavily Search Apple Inc. (AAPL): Here is What You Need to Know,-0.0008234176784753799,neutral
2024-08-16,TJX Companies' Upside Is Limited Due to High Valuation,-0.41107653826475143,negative
2024-08-16,Weekly Option Windfall: Trading AAPL Options Ahead of iPhone Upgrade Cycle,0.017954260110855103,neutral
2024-08-17,1 ETF I Wouldn't Touch With a 10-Foot Pole,0.036160385236144066,neutral
2024-08-17,This tantalizing symmetry in Warren Buffett’s stock moves may be a clue on his Apple stake,0.16965442895889282,neutral
2024-08-17,"1 Stock I Wouldn't Touch With a 10-Foot Pole, Even After the Market Sell-Off Dropped Its Price",-0.03948872536420822,neutral
2024-08-18,"5 big analyst AI moves: Dell new Top Pick at JPMorgan; QCOM, SNOW downgraded",-0.15754960477352142,neutral
2024-08-18,"Prediction: This ""Magnificent Seven"" Stock Could Become the World's First $4 Trillion Company in 2024",0.22052007168531418,neutral
2024-08-18,What one AI CEO learned by working 20 feet from Apple's Steve Jobs,0.005415443331003189,neutral
2024-08-19,Apple iPhone 16: Speculation abounds about the latest phone and announcement date,-0.14413965493440628,neutral
2024-08-19,Jefferies analysts maintain 'Buy' on Alphabet despite antitrust risks,0.8122876677662134,positive
2024-08-19,Apple Inc. (AAPL): This AI Stock Is Trending Right Now,0.10277728736400604,neutral
2024-08-20,"Top Analyst Reports for Apple, NVIDIA &amp; Coca-Cola",0.09330892004072666,neutral
2024-08-20,"Nvidia helped the stock market storm back, but this summer’s broadening theme never went away",0.1236092820763588,neutral
2024-08-20,Apple Inc. (AAPL): An AI Stock You Should Not Miss,-0.010089647024869919,neutral
2024-08-21,"Jim Cramer on Apple Inc. (AAPL): ‘Apple Has Long Been An Own it, Don’t Trade It Stock In My Eyes’",0.0031571798026561737,neutral
2024-08-21,Apple’s App Store Head to Leave in Reorganization Amid Global Scrutiny,-0.9249275326728821,negative
2024-08-21,Apple Stock Is the Real Bargain in Big Tech. It’s Not What You Think.,-0.16618052683770657,neutral
2024-08-22,"Apple to update EU browser options, make more apps deletable",-0.07118367403745651,neutral
2024-08-22,Apple to Let EU Users Delete Default Apps,0.020254220813512802,neutral
2024-08-22,Germany in ‘real mess’ as manufacturing crisis spills over,-0.8713620044291019,negative
2024-08-23,"Apple targets Sept. 10 debut for new iPhones, AirPods and watches, Bloomberg News reports",0.08056531101465225,neutral
2024-08-23,Why Apple Stock And This 'Recession-Proof' Leader Strengthen Market's Bull Case,0.2917127087712288,neutral
2024-08-23,Sector Update: Tech Stocks Higher Late Afternoon,0.8828094266355038,positive
2024-08-24,Here’s Why Wall Street is Excited About Apple’s (AAPL) Upcoming New iPhone Event in September,0.11729440279304981,neutral
2024-08-24,"If You Bought 1 Share of Apple at Its IPO, Here's How Many Shares You Would Own Now",0.0063726212829351425,neutral
2024-08-24,"Up 69% in 2024, This Red-Hot Artificial Intelligence (AI) Growth Stock Could Keep Soaring",0.879854473285377,positive
2024-08-25,Warren Buffett Just Made His Biggest Stock Sale Ever. Here's What the Tax Bill Could Be.,-0.00840192474424839,neutral
2024-08-25,Nvidia earnings highlight a busy end of August: What to know this week,-0.0851828120648861,neutral
2024-08-25,Nvidia gets ready to take over the stock market (again),0.10662888456135988,neutral
2024-08-26,Apple announces Chief Financial Officer transition,-0.04258216358721256,neutral
2024-08-26,Apple's Luca Maestri to step down as CFO,-0.4410385601222515,neutral
2024-08-26,Apple Names Kevan Parekh Its Next CFO,0.0026577431708574295,neutral
2024-08-27,Apple Inc. (AAPL): Among Morgan Stanley’s Highest Conviction Stocks,0.686707865446806,positive
2024-08-27,Sector Update: Tech Stocks Higher Late Afternoon,0.8828094266355038,positive
2024-08-27,Can Big Tech Solve Housing Affordability?,0.08882998488843441,neutral
2024-08-28,Is Apple Siri the Best AI Assistant in 2024?,0.12373286485671997,neutral
2024-08-28,Prediction: This Under-the-Radar Tech Stock Will Outperform Nvidia and Apple by 2030,0.9300006348639727,positive
2024-08-28,One Tech Tip: How to get the most life out of your device,-0.006283234804868698,neutral
2024-08-29,Nvidia Discusses Joining OpenAI’s Latest Funding Round,0.04639275465160608,neutral
2024-08-29,Apple Inc. (NASDAQ:AAPL): Top AI Pick for 2025,0.6619945932179689,positive
2024-08-29,U.S. stocks mixed at close of trade; Dow Jones Industrial Average up 0.59%,-0.3263539969921112,negative
2024-08-30,U.S. stocks higher at close of trade; Dow Jones Industrial Average up 0.55%,0.902178879827261,positive
2024-08-30,Nvidia Continues To Lead The Way But Competition Is Intensifying,-0.8217392787337303,negative
2024-08-30,Berkshire Hathaway (BRK-B): Jim Cramer’s Go-To Stock For Success,0.08421555999666452,neutral
2024-08-31,Apple Inc. (AAPL): This AI Stock Is Trending Right Now,0.10277605056762695,neutral
2024-08-31,Apple Inc. (AAPL): Among Goldman Sachs’ Best Hedge Fund Stock Picks,0.7739292252808809,positive
2024-08-31,3 Incredible FAANG Stocks You'll Want to Consider Adding to Your Portfolio in September,0.07430814392864704,neutral
2024-09-01,Could Apple Help You Retire a Millionaire?,0.07409125939011574,neutral
2024-09-01,"Warren Buffett Just Sold 389,368,450 Shares of Apple Stock. Was That a Good Idea?",0.00017704442143440247,neutral
2024-09-01,Crucial September jobs report kicks off a new month: What to know this week,-0.09203663095831871,neutral
2024-09-02,Apple Helped Nix Part of a Child Safety Bill. More Fights Are Expected.,-0.7254842575639486,negative
2024-09-02,Crucial jobs report kicks off a new month: What to know this week,-0.06697788462042809,neutral
2024-09-02,To Buy or Not to Buy Apple Stock Pre Sept. 9 iPhone 16 Event?,-0.031264444813132286,neutral
2024-09-03,Apple rally fueled by AI promises approaches a crucial test,0.24600625038146973,neutral
2024-09-03,Apple's (NASDAQ:AAPL) investors will be pleased with their fantastic 342% return over the last five years,0.9147320613265038,positive
2024-09-03,UK investors flock to Nvidia and passive funds in August,0.3179747387766838,neutral
2024-09-04,Apple Seeks Support As Netflix Tries To Stop Buffering And Break Out,0.7725591920316219,positive
2024-09-04,Michael Dell on AI: Talk of a slowdown is way overblown,-0.466070756316185,negative
2024-09-04,Apple Inc. (AAPL): An AI Stock That Broke The Internet This Week,-0.5331686660647392,negative
2024-09-05,"AI Tech Sector 'Is Not In A Bubble,' But Diversification Out Of Magnificent 7 Is Key, Goldman Sachs Says",0.7671254463493824,positive
2024-09-05,Apple Inc. (AAPL): Trending AI Stock on Latest Analyst Ratings and News,-0.522658210247755,negative
2024-09-05,"Billionaires Are Buying Retail Stocks, Shrugging Off Recession Fears",0.2619706466794014,neutral
2024-09-06,"Semiconductor ETFs Take A Beating, Dragged Lower By Nvidia, AMD, and Broadcom Stocks",-0.9477300010621548,negative
2024-09-06,"Apple's new iPhone to glow, but AI software to steal show at next week's launch",0.3297123732045293,neutral
2024-09-06,Trade Overview: Where Gurus Found Value in the 2nd Quarter,0.06757460162043571,neutral
2024-09-07,Prediction: This Will Be Wall Street's First $5 Trillion Stock,0.059392089024186134,neutral
2024-09-07,Do Analysts Remain Bullish on Apple Inc. (AAPL)?,-0.6528813131153584,negative
2024-09-07,"There's No Denying It; Nvidia Is on a Historic Run, but Here Are 2 Tech Stocks I'd Buy Instead",0.17288887966424227,neutral
2024-09-08,Apple expected to unveil iPhone 16 range with new AI tools,0.307259876281023,neutral
2024-09-08,Taiwan Semiconductor Manufacturing Company Limited (TSM): Among the Unrivaled Stocks of the Next 10 Years,-0.9026767387986183,negative
2024-09-08,Apple Inc. (AAPL): Short Seller Sentiment Is Bullish,-0.28110265731811523,negative
2024-09-09,Apple Event: What Investors Should Know,-0.018450982868671417,neutral
2024-09-09,IPhone’s Camera Control Button Stands Out as Most Visible Change,0.3063811995089054,neutral
2024-09-09,Apple details Watch Series 10 and its features,-0.012479078024625778,neutral
2024-09-10,"Tech firms halve business travel in 2023 but Alphabet, Apple lag, study shows",0.44393330812454224,positive
2024-09-10,Nasdaq Jumps As Stock Market Closes Mixed; Tech Sector Rebounds (Live Coverage),-0.6712898463010788,negative
2024-09-10,"These Stocks Moved the Most Today: Oracle, Apple, DJT, Goldman, JPMorgan, Ally Financial, Mission Produce, and More",0.09561465680599213,neutral
2024-09-11,Apple’s big health updates are impressive and meant to keep users coming back for years,0.7580968858674169,positive
2024-09-11,China Is Eating Apple's Lunch: Where Smartphone Maker Ranks Vs Asian Competitors,0.16548812482506037,neutral
2024-09-11,Apple's new AirPods Pro double as hearing aids,0.0901975017040968,neutral
2024-09-12,FDA Approves Apple AirPods as Hearing Aids,0.11531464103609324,neutral
2024-09-12,FDA Approves First OTC Hearing Aid Software Compatible With Apple's AirPods Pro,0.8529955595731735,positive
2024-09-12,Affirm founder: We want to be the modern American Express,0.14420793764293194,neutral
2024-09-13,Apple Begins Taking Preorders For AI-Enabled iPhone 16 Handsets,0.047017550095915794,neutral
2024-09-13,Apple Seeks Dismissal of Lawsuit Against Israeli Cyber Intelligence Firm NSO Group,-0.9062422141432762,negative
2024-09-13,Apple (AAPL) Stock Drops Despite Market Gains: Important Facts to Note,-0.5396306086331606,negative
2024-09-14,Prediction: This Stock Will Become Warren Buffett's Next Coca-Cola,0.07424423843622208,neutral
2024-09-14,Is Apple Inc. (AAPL) the Best Stock Pick You Need to Know in Jim Cramer’s Latest Watchlist?,0.07041323278099298,neutral
2024-09-14,Is Oracle (ORCL) the Best Stock Pick You Need to Know in Jim Cramer’s Latest Watchlist?,0.0865132873877883,neutral
2024-09-15,Jim Cramer on Apple Inc. (AAPL): ‘One Of The Greatest Wealth Creators Of All Time’,0.2859954433515668,neutral
2024-09-15,The Magnificent Seven is less expensive. Buying these tech giants now could pay off,0.3409692160785198,neutral
2024-09-15,"Consumer Tech News (Sep 8-Sep 14): Gaming Industry Biggies Facing Accusations For Decieving Players, Apple Launches iPhone 16 &amp; More",-0.600663460791111,negative
2024-09-16,US Equities Markets End Mixed Monday as Traders Await This Week's Fed Decision,-0.6445022374391556,negative
2024-09-16,Apple Inc. (AAPL) a Good Big Tech Stock to Buy Now?,0.08177542127668858,neutral
2024-09-16,"Nvidia's AI Surge Powers 25% of S&amp;P 500 Gains in 2024, Makes Co-founder Huang Among Fastest Growing: Report",0.8453673655167222,positive
2024-09-17,Which Tech Stock Is Better: Apple or Microsoft?,0.005055874586105347,neutral
2024-09-17,Apple Inc. (NASDAQ:AAPL): A Trending AI Stock on Latest Analyst Ratings and News,-0.5098206214606762,negative
2024-09-17,Alphabet Inc. (NASDAQ:GOOG): A Trending AI Stock on Latest Analyst Ratings and News,-0.5306347459554672,negative
2024-09-18,Meta Platform Wins Legal Fight Over Allegations of Misleading Investors,-0.8989124614745378,negative
2024-09-18,What has Taiwan Semiconductor Stock Done Since Nvidia Earnings?,-0.09192163869738579,neutral
2024-09-18,"While Apple Abandoned Its Car Project After Pouring $1B Into It, Its Key Supplier Foxconn Is Now Collaborating With Sharp On An EV Prototype",0.27515551820397377,neutral
2024-09-19,"After Lightning Port, EU Targets Apple's iPhone and iPad Systems, Demands Greater Access for Third-Party Developers",0.5220473380759358,positive
2024-09-19,"T-Mobile CEO talks Sprint merger, iPhone 16 demand, what's next",0.004613656550645828,neutral
2024-09-19,Apple begins testing AI software designed to bring a smarter Siri to the iPhone 16,0.11640700325369835,neutral
2024-09-20,"Fed Delivers Large Rate Cut In Bid To Sustain Labor Market; Stocks, Gold Set New Record Highs: This Week In The Markets",0.8274396061897278,positive
2024-09-20,Apple (AAPL) Dips More Than Broader Market: What You Should Know,-0.3687582314014435,neutral
2024-09-20,Apple Is the World’s Most Valuable Stock. It’s Still Underestimated.,0.16096796467900276,neutral
2024-09-21,Where Will Apple Stock Be in 3 Years?,-0.011036263778805733,neutral
2024-09-21,"Amazon ditches remote work, Apple's new iPhone struggles, Elon Musk vs. the FAA: Tech news roundup",-0.10500890761613846,neutral
2024-09-22,Will New AI Integration Help Apple Stock Pop?,0.5346799604594707,positive
2024-09-22,Apple Inc. (AAPL) Posts 24% Return Over 12 Months Amid Rising Hedge Fund Investment,0.7900428101420403,positive
2024-09-22,Fed's preferred inflation gauge and second quarter GDP: What to know this week,-0.03580266982316971,neutral
2024-09-23,Apple’s Late-Day Plunge Stirs Speculation Over Who Was Selling,-0.88287653028965,negative
2024-09-23,Apple’s (AAPL) Q2 Relative Performance Dropped Despite Gains,-0.9656793475151062,negative
2024-09-23,Sam Altman and Apple’s legendary designer Jony Ive are collaborating on a secret AI project,0.045290764421224594,neutral
2024-09-24,"TikTok to shutter music streaming business in win for Spotify, Apple",-0.36730960570275784,neutral
2024-09-24,"Taiwan Semi Secures $7.5B Boost for Arizona Expansion, Aims for Advanced Chip Production: Report",0.9150418071076274,positive
2024-09-24,UK stocks that have outperformed the FTSE All-Share index,0.8593400418758392,positive
2024-09-25,Top 10 Stock Picks For The Holiday Boom: Adobe Forecasts Unprecedented E-Commerce Sales This Season,0.26461185328662395,neutral
2024-09-25,Breaking down Intel’s wild week,-0.30717071890830994,negative
2024-09-25,"Billionaire Steven Cohen Just Sold Amazon Stock and Scooped Up This Other ""Magnificent Seven"" Member",0.02531443163752556,neutral
2024-09-26,Wall Street fears lower-than-anticipated iPhone demand as shipping times shrink,-0.9580677496269345,negative
2024-09-26,Apple (AAPL) Laps the Stock Market: Here's Why,0.033216074109077454,neutral
2024-09-26,Tokyo Electron Prepares India Expansion as Modi Lures Chipmakers,0.7319070864468813,positive
2024-09-27,How Apple AI Can Bring in Billions of Revenue With a ‘Smarter Siri’,0.18046907521784306,neutral
2024-09-27,"Apple's Reviews Strategy, Cuts Film Budgets After Blockbuster Spend - What's Next for Apple TV+?",-0.0626968964934349,neutral
2024-09-27,Update: Federal Judge Narrows Scope of Data Privacy Lawsuit Against Apple,-0.6739985905587673,negative
2024-09-28,"Meet the 3 Supercharged Growth Stocks That Will Be Worth $4 Trillion by 2025, According to 1 Wall Street Analyst",0.2847989844158292,neutral
2024-09-28,"Prediction: Apple's iPhone 16 Could Become a Runaway Hit, and Here Is 1 Stock to Buy Hand Over Fist Before That Happens",-0.34369928389787674,neutral
2024-09-28,You Can Do Better Than the S&amp;P 500. Buy This ETF Instead.,0.07466139364987612,neutral
2024-09-29,"Meet Warren Buffett's Top Artificial Intelligence (AI) Stock, Which Has 32% Upside According to Dan Ives",0.44858770351856947,neutral
2024-09-29,Jim Grant says Warren Buffett is warning us about US stocks by pivoting to this 1 asset class. Should you?,-0.08088572323322296,neutral
2024-09-29,Apple's New iPhone 16 Didn't Seem All That Impressive. But Here's Why Its Sales Numbers Could Be Strong.,0.6301353015005589,positive
2024-09-30,"Top Research Reports for Apple, Tesla &amp; T-Mobile US",0.07258003298193216,neutral
2024-09-30,Jim Cramer Hand Picks These 3 Stocks To Ride The Crest Of The Chinese Stimulus Frenzy,0.5838907565921545,positive
2024-09-30,Apple's iPhone 16 Pro Demand Correction In Sight: Analyst Highlights Delivery Trends Across Global Markets,0.3633684441447258,neutral
2024-10-01,Apple is being accused of ‘illegally’ violating workers rights by the U.S. labor board,-0.9114118237048388,negative
2024-10-01,"Apple readies iPhone SE, iPad Air upgrades for early next year, Bloomberg News reports",0.23253634851425886,neutral
2024-10-01,Apple Readies New iPhone SE Model That Kills the Home Button,0.26115014869719744,neutral
2024-10-02,Microsoft wants to change the way you use your PC. It needs to succeed.,0.2088144337758422,neutral
2024-10-02,Vanguard Group Inc's Strategic Acquisition of Veracyte Inc Shares,0.05964866001158953,neutral
2024-10-02,Apple (AAPL) Surpasses Market Returns: Some Facts Worth Knowing,0.061226896941661835,neutral
2024-10-03,Microsoft and Nvidia Are Backing OpenAI. Here’s One Possible Reason Apple Isn’t.,-0.11071634292602539,neutral
2024-10-03,"Google to begin organizing some search results using AI, bringing ads to AI Overviews",0.16025853995233774,neutral
2024-10-03,"Google to begin organizing some search results using AI, bringing ads to AI Overview",0.12352678645402193,neutral
2024-10-04,Vanguard Group Inc's Strategic Acquisition of Shares in The St. Joe Co,0.13932626321911812,neutral
2024-10-04,"Apple Fourth-Quarter App Store Revenue Poised for Double-Digit Growth, UBS Says",0.9234749916940928,positive
2024-10-04,Neuberger Berman Group LLC Acquires Shares in Arcosa Inc,0.02505030669271946,neutral
2024-10-05,"Apple Inc. (AAPL) Maintains Buy Rating at Bank of America, Initial iPhone 16 Demand Lower Due to AI Feature Delay",-0.9465881567448378,negative
2024-10-05,Should You Forget Apple and Buy These 3 Tech Stocks Instead?,-0.001907888799905777,neutral
2024-10-05,"Is Apple a Buy, Sell, or Hold in 2025?",-0.00837733969092369,neutral
2024-10-06,What Does Apple Inc.'s (NASDAQ:AAPL) Share Price Indicate?,-0.0441906601190567,neutral
2024-10-06,Apple Inc. (AAPL) Maintains Buy Rating Despite Revised iPhone Sales Forecasts; Defeats Patent Infringement Claims,-0.6980893015861511,negative
2024-10-06,Is Apple Inc. (NASDAQ:AAPL) The Best Morgan Stanley Overweight &amp; Quality Stock?,0.3385424567386508,neutral
2024-10-07,Google Says It Will Appeal Ruling Allowing Rival App Stores on Android Devices,-0.7424091175198555,negative
2024-10-07,Apple Founder Steve Jobs Swapped Porsches Every 6 Months – Here's Why,0.002327531576156616,neutral
2024-10-07,Apple’s Dan Rosckes to Retire as Global Head of Procurement,-0.08227504044771194,neutral
2024-10-08,"Apple iPhone 16 Pro Boosts Sales, But Base Models Lag, Analyst Says",0.8537124618887901,positive
2024-10-08,"This 28-Year-Old's Dividend Income Jumped from '$15 to $1,000' in Just Two Years – Top 11 Dividend Stocks In His Portfolio",0.9192991834133863,positive
2024-10-08,Apple (AAPL) Laps the Stock Market: Here's Why,0.033216074109077454,neutral
2024-10-09,Is The iPhone Losing Its Buzz Among Teens? Piper Sandler Finds Out,-0.6025626063346863,negative
2024-10-09,"Apple’s Dan Riccio, Key Executive in Both the Jobs and Cook Eras, to Retire",0.02076043374836445,neutral
2024-10-09,Is Apple Inc. (AAPL) the Best AI Data Center Stock to Buy Now?,0.0671915216371417,neutral
2024-10-10,Is Apple Inc. (NASDAQ:AAPL) The Most Popular Stock Among Mutual Funds According To Goldman Sachs?,0.08488683588802814,neutral
2024-10-10,"Jeff Bezos-Led Amazon Almost Ran Out Of Cash 24 Years Ago. At $400B, It Is Now Projected To Have As Much Cash As Apple And Microsoft Combined By 2027: Here's More",0.05649964325129986,neutral
2024-10-10,Bank of Nova Scotia's Strategic Reduction in Manulife Financial Corp Holdings,-0.6396973580121994,negative
2024-10-11,Taiwan Semiconductor Vs. Broadcom: Who Will Be The Next Trillion-Dollar AI Giant?,0.0287192240357399,neutral
2024-10-11,Analysts Note an ‘Unexpected’ Positive Development on Apple (AAPL) iPhone 16 Demand Trends,0.9382349494844675,positive
2024-10-11,China Probes Taiwan Staff at iPhone City for Alleged Bribery,-0.879686864092946,negative
2024-10-12,How Much Is Apple Stock Really Worth?,0.01659530960023403,neutral
2024-10-12,"Apple Inc. (AAPL) Set to Launch iOS 18.1 and Apple Intelligence, Shifting from Annual Upgrade Cycle Amid Concerns Over iPhone Demand",-0.28607673943042755,negative
2024-10-12,This week in Bidenomics: The 'election trade' is on,0.029294179752469063,neutral
2024-10-13,Apple Inc. (AAPL): Hedge Funds Are Bullish On This Profitable Blue Chip Stock Right Now,0.32090064883232117,positive
2024-10-13,"Apple Inc. (AAPL): Piper Sandler Maintains Neutral Rating, Teen Survey Shows Moderate Upgrade Expectations",0.8715499304234982,positive
2024-10-13,"What's the Best ""Magnificent Seven"" Stock to Buy if Trump Wins in November?",0.013564979657530785,neutral
2024-10-14,Why Apple Stock Was Added To 'Tactical Outperform' List Ahead Of Earnings,0.023412954062223434,neutral
2024-10-14,Nvidia Stock Hits Its Highest Closing Price. The Chip Designer Could Soon Be Worth More Than Apple.,0.35611446760594845,neutral
2024-10-14,Apple (AAPL) Exceeds Market Returns: Some Facts to Consider,0.017109651118516922,neutral
2024-10-15,Nvidia Inches Closer to Overtaking Apple in Market Value,0.8948761951178312,positive
2024-10-15,Jim Cramer Acknowledges Apple Inc (NASDAQ:AAPL) is Facing ‘Near-Term Headwinds’,-0.9559141211211681,negative
2024-10-15,Norges Bank Reduces Stake in Mobileye Global Inc,-0.2190163992345333,neutral
2024-10-16,Apple Secretly Worked With China’s BYD on Long-Range EV Battery,0.06293632462620735,neutral
2024-10-16,"Justice Department will ‘very likely’ kill Google’s billion-dollar deal to be the default search engine on iPhones, Jefferies predicts",-0.16504213586449623,neutral
2024-10-16,State Street Corp's Strategic Reduction in Triumph Financial Inc Holdings,-0.347048107534647,neutral
2024-10-17,Trump says Apple CEO Cook called him with concerns about EU penalties,-0.5543370917439461,negative
2024-10-17,Is Apple Inc. (AAPL) the Most Promising Long-Term Stocks According to Hedge Funds?,0.1024740468710661,neutral
2024-10-17,State Street Corp's Strategic Acquisition in Diamondback Energy Inc,0.11015381943434477,neutral
2024-10-18,"These Stocks Moved the Most Today: CVS, Netflix, Nvidia, Intuitive Surgical, Apple, American Express, and More",0.1391504481434822,neutral
2024-10-18,"Apple Discontinues Powerbeats Pro Ahead of Powerbeats Pro 2 Launch, Shares Rise 1.5%",0.16435030102729797,positive
2024-10-18,Apple’s Top Recruiter Heads to Citadel in Latest HR Upheaval,-0.2429831139743328,neutral
2024-10-19,"A billionaire's Nvidia regrets, and Elon Musk's net worth takes a hit: Leadership news roundup",0.021664738655090332,neutral
2024-10-19,Should You Buy Apple Stock Before Oct. 31?,0.0012189261615276337,neutral
2024-10-20,Is Apple Inc. (AAPL) the Best IoT Stock To Buy Now?,0.06413036957383156,neutral
2024-10-20,Apple Inc. (AAPL): Innovating Through Challenges and Opportunities,0.42498290073126554,neutral
2024-10-20,Could Buying Apple Stock Today Set You Up for Life?,0.057617343962192535,neutral
2024-10-21,Qualcomm reveals AI smartphone chip as industry leans into AI phones,0.5202815644443035,positive
2024-10-21,"Dan Ives Acknowledges Nvidia, Microsoft As 'Core Drivers Of AI' But Sees Palantir, IBM, AMD And Apple Joining The Party As Well",0.17092324886471033,neutral
2024-10-21,A new Qualcomm chip could compete with Apple Intelligence,0.7783051421865821,positive
2024-10-22,"Trending tickers: Nvidia, Apple, SAP, HSBC and Mulberry",0.004976904019713402,neutral
2024-10-22,What's Really Holding Apple Back From Winning the VR War,0.007047645747661591,neutral
2024-10-22,Verizon Earnings Beat Expectations. Why the Stock Is Falling.,-0.6959987506270409,negative
2024-10-23,Apple Intelligence Isn’t Very Smart Yet—and Apple’s OK With That,0.12482204847037792,neutral
2024-10-23,Apple Stock Drops After Analyst Reports Cut In iPhone 16 Orders,-0.9499851362779737,negative
2024-10-23,Apple stock slips after a big cut for iPhone 16 orders,-0.950349167920649,negative
2024-10-24,"The Race to a $4 Trillion Market Cap: Apple, Nvidia, or Microsoft",0.09409879148006439,neutral
2024-10-24,1 Magnificent Stock to Buy After TSMC's Blockbuster Earnings Report,0.05618195980787277,neutral
2024-10-24,The Best Warren Buffett Stocks to Buy With $500 Right Now,0.061681609600782394,neutral
2024-10-25,Prediction: This Will Be Apple's Next Big Move,0.11226876452565193,neutral
2024-10-25,"A Nvidia design flaw, OpenAI nixes another safety team, and Huawei's new chip: AI news roundup",-0.8021712750196457,negative
2024-10-25,Apple Stock Downgraded To Sell Ahead Of Earnings. Here's Why.,-0.5580854620784521,negative
2024-10-26,Should You Buy Stocks at a Record High? Here's What Warren Buffett Is Doing.,0.019530177116394043,neutral
2024-10-27,Warren Buffett Has Dumped a Lot of Apple Stock Recently. Should Investors Follow His Lead?,-0.5379558261483908,negative
2024-10-27,"Could Investing $1,000 in Apple Make You a Millionaire?",0.045815447345376015,neutral
2024-10-27,Does Warren Buffett Know Something Wall Street Doesn't? The Billionaire Is Selling an Ultra-Popular Artificial Intelligence (AI) Stock.,0.015897061675786972,neutral
2024-10-28,"Nvidia Taps India's Growing AI Market, Partnering with Tech Giants and Scaling Data Centers",0.8981362469494343,positive
2024-10-28,"3 Warren Buffett Stocks That Turned $10,000 Into Over $99,000 in 10 Years",0.0885609369724989,neutral
2024-10-28,62% of Warren Buffett's $313 Billion Portfolio Is Invested in These 4 Magnificent Stocks,0.037496075965464115,neutral
2024-10-29,"Free Cash Flow Yield: Definition, Formula, How to Calculate",0.0007028728723526001,neutral
2024-10-29,Warren Buffett Sold $80 Billion of Apple Stock. Here's Where He Invested Most of the Money.,0.011774439364671707,neutral
2024-10-29,3 Stocks Ready To Rally In Bullish IBD Screen; One Shows 400% Expected Growth,0.8902608994394541,positive
2024-10-30,Apple Intelligence is here. Early users are underwhelmed,-0.7997444868087769,negative
2024-10-30,Common Stock vs. Preferred Stock: What Are the Differences?,-0.04990430921316147,neutral
2024-10-31,Apple CFO Says Active Installed Base Hits New All-Time High,0.88565818592906,positive
2024-10-31,Apple sees record revenues on strong iPhone sales,0.9332742597907782,positive
2024-10-31,Apple Services Revenue Hits Record High,0.8097486086189747,positive
2024-11-01,"These Stocks Moved the Most Today: Apple, Amazon, Intel, Boeing, Super Micro, Exxon, and More",0.11084449663758278,neutral
2024-11-01,"Apple Tops Q4 Estimates, Services Shine",0.6773579902946949,positive
2024-11-01,AI Spending Dominated Big Tech Earnings. Why These 2 Stocks Got a Pass From Investors.,0.08550111763179302,neutral
2024-11-02,"Apple's new AI, a simpler Starbucks, Stellantis struggles, a McDonald's fix: The week's most popular stories",0.06281835399568081,neutral
2024-11-02,"When Facebook became Meta, Big Tech's AI spending spree, and Elon Musk's robots: Tech news roundup",-0.02326035499572754,neutral
2024-11-02,Warren Buffett’s Berkshire Hathaway Slashes Apple Stake Again,-0.913280576467514,negative
2024-11-03,3 Things Apple Doesn't Want to Talk About,-0.07799534872174263,neutral
2024-11-04,Labor board accuses Apple of suppressing employee discussions,-0.8988345693796873,negative
2024-11-04,Warren Buffett Is Selling Stocks at a Record Pace and Avoiding His Favorite Stock for the First Time Since 2018,-0.0715191662311554,neutral
2024-11-04,Warren Buffett’s Berkshire Hathaway is selling Apple stock and sitting on more cash than ever,0.013115011155605316,neutral
2024-11-05,"Apple Stock Analysis: Buy, Sell, or Hold?",-0.037519948557019234,neutral
2024-11-05,Apple's $1.5 Billion Bet on Satellite Smartphones,0.2112286128103733,neutral
2024-11-05,Nvidia and Apple keep taking turns at the top of the world,0.046257831156253815,neutral
2024-11-06,Billionaire Steve Cohen Sold 67.5% of His Stake in This AI Stock-Split and Is Piling Into a Warren Buffett Favorite,-0.043184369802474976,neutral
2024-11-06,Qualcomm Earnings Could Be Overshadowed by These 2 Worries,-0.40294087678194046,neutral
2024-11-06,Tech Stocks Gain But Apple and Meta Lag Behind Amid Election results,-0.7893446087837219,negative
2024-11-07,Should You Forget Apple? Why You Might Want to Buy This Unstoppable Growth Stock Instead.,0.02868388406932354,neutral
2024-11-07,"If You'd Invested $1,000 in Apple Stock 20 Years Ago, Here's How Much You'd Have Today",0.025413958355784416,neutral
2024-11-07,"Wall Street Hits Record Highs After Powell's Speech, Lifts Magnificent 7 Stocks To $17 Trillion In Historic Trading",0.831348042935133,positive
2024-11-08,3 Huge Warning Signs for Apple Investors,-0.25027765333652496,neutral
2024-11-08,JPMorgan Nasdaq Equity Premium Income ETF (JEPQ): How to Invest,0.03827756457030773,neutral
2024-11-09,"Warren Buffett Invested $99 Billion of His Portfolio in 2 Stocks That Could Rise 19% and 20%, According to a Couple of Wall Street Analysts",0.7447531381621957,positive
2024-11-09,Warning: Warren Buffett Keeps Selling His Favorite Stock for a Surprising Reason,-0.02061474323272705,neutral
2024-11-09,Warren Buffett's AI Bets: 24.1% of Berkshire Hathaway's $287 Billion Stock Portfolio Is Invested in These 2 Artificial Intelligence Stocks,0.020558337680995464,neutral
2024-11-10,Warren Buffett Cuts His Stake in Apple (Again),-0.7497207410633564,negative
2024-11-10,It's Official: Apple Needs AI to Be a Winner,0.05479307286441326,neutral
2024-11-10,"Warren Buffett Is Selling Apple Stock, but Billionaire Israel Englander Just Increased His Position by 68%",0.6335870623588562,positive
2024-11-11,Apple Stock Investors Are Excited About Its Prospects Following New Product Releases,0.758280536159873,positive
2024-11-11,2 Cheap Tech Stocks to Buy Right Now,0.052099598571658134,neutral
2024-11-11,These 3 Stocks Account for Close to 90% of Warren Buffett's $36 Billion Selling Spree in the September-Ended Quarter,0.004314836114645004,neutral
2024-11-12,How to Invest Money: A Step-by-Step Guide,0.057285163551568985,neutral
2024-11-12,Big News for Apple Stock Investors,0.10361514985561371,neutral
2024-11-13,Where Will Apple Stock Be in 5 Years?,-0.00693274661898613,neutral
2024-11-13,"Smart Home Devices Could Boost Apple Stock, Analyst Says",0.9331415593624115,positive
2024-11-14,"If You Bought 1 Share of Apple at Its IPO, Here's How Many Shares You Would Own Now",0.0063726212829351425,neutral
2024-11-14,Billionaire Investor Warren Buffett Sold Apple Shares for a Fourth Straight Quarter. Should Investors Be Worried?,-0.24742312729358673,neutral
2024-11-15,"Meet the Supercharged Growth Stock Headed to $4 Trillion Over the Coming 12 to 18 Months, According to 1 Wall Street Analyst (Hint: Not Nvidia)",0.518974682316184,positive
2024-11-15,AST SpaceMobile Could Revolutionize Cellphone Satellite Service. But Can It Beat The Meme Stock Rap?,0.2079539131373167,neutral
2024-11-16,Prediction: This Warren Buffett Stock Will Outperform the Market Through 2030,0.8830238059163094,positive
2024-11-17,Could Buying Apple Today Set You Up for Life?,0.06675620935857296,neutral
2024-11-19,Microsoft Ignite Shows AI Progress Has Slowed. The Focus Turns to Profits.,-0.914024893194437,negative
2024-11-20,Is Apple's Market Cap Going to $4 Trillion?,-0.01924843341112137,neutral
2024-11-20,Qualcomm Plans for Life After Apple. It’s Coming for Intel and AMD.,0.06963396351784468,neutral
2024-11-22,Huawei’s Chip Advances Threaten Apple in China,-0.9215692281723022,negative
2024-11-22,65% of Warren Buffett's $293 Billion Portfolio at Berkshire Hathaway Is Invested in These 5 Unstoppable Stocks,0.06652590818703175,neutral
2024-11-23,How Much Will Apple Pay Out in Dividends in 2025?,0.008125495165586472,neutral
2024-11-23,"Warren Buffett Unloaded More Apple Shares in Q3, but Other Billionaires Were Buying. Is It a Buy, Sell, or Hold?",-0.014855533838272095,neutral
2024-11-23,Could Buying Apple Stock Today Set You Up for Life?,0.057617343962192535,neutral
2024-11-24,How Tim Cook Cracked the Code on Working With Trump,-0.01770753040909767,neutral
2024-11-25,A Complete Guide to College Savings Accounts in 2024,0.013341449201107025,neutral
2024-11-26,"35-Year-Old Making $2,500 Per Month in Dividends With a 29% Yield Portfolio Shares His Top 7 Stocks, ETFs",0.097440873272717,neutral
2024-11-26,What Is the S&P 500 Index?,-0.053308600559830666,neutral
2024-11-26,Dow Jones Industrial Average,-0.01029076799750328,neutral
2024-11-27,Berkshire Stock Hits Record Even as Company Refrains From Buybacks,0.7271884083747864,positive
2024-11-27,Warren Buffett's AI Bets: 23.8% of Berkshire Hathaway's $298 Billion Stock Portfolio Is Held in These 2 Artificial Intelligence (AI) Growth Stocks,0.014226479455828667,neutral
2024-11-29,"S&amp;P 500, Dow Rally To Record Highs, Dollar Snaps 8-Week Streak, Bitcoin Soars Above $97,000: What's Driving Markets Friday?",-0.26607145369052887,neutral
2024-11-30,Corporate America Launches Unorthodox Campaign to Gain Trump’s Attention,0.27412355318665504,neutral
2024-11-30,Warren Buffett Has Been Dumping Apple Stock for the Past Year. This Is How Much of His Portfolio It Makes Up Right Now.,-0.38707407750189304,neutral
2024-12-01,A Top Mission for Europe’s Chief Is to Cool Trump’s Ire Toward the EU,0.5770195387303829,positive
2024-12-01,"As Indexes Soar, Does Warren Buffett Know Something Wall Street Doesn't? He Just Made a Move That Could Be a Warning for Investors.",0.016486503183841705,neutral
2024-12-01,4 Reasons to Buy Apple Stock Like There's No Tomorrow,0.01766870729625225,neutral
2024-12-02,"Apple Is IBD Stock Of The Day As Wall Street Eyes iPhone 16 Demand, AI Software Upgrade",0.13243266567587852,neutral
2024-12-02,Dow Jones Tech Titan Apple Breaking Out Today; Meta Stock Eyes New Entry,-0.11966878175735474,neutral
2024-12-02,Building Apple Products Has Become a Side Hustle for China’s Biggest EV Maker,-0.11701369285583496,neutral
2024-12-03,"2 Sensational Stocks ""Britain's Warren Buffett,"" Terry Smith, Wants to Own for 2025",0.016973011195659637,neutral
2024-12-05,Where Will Apple Stock Be in 2 Years?,-0.009931575506925583,neutral
2024-12-05,Here's Why Warren Buffett and Berkshire Hathaway May Change Their Investing Strategy With Donald Trump as President,-0.010608896613121033,neutral
2024-12-07,CFPB Moves to Supervise Google Payments Under New Rules,0.009749040007591248,neutral
2024-12-08,Advertising Firms Omnicom and Interpublic Nearing Merger That Would Reshape Industry,0.8350008884444833,positive
2024-12-09,Where Will Apple Be in 1 Year?,0.008712716400623322,neutral
2024-12-09,Apple Tops the List of Best-Managed Companies of 2024,0.8324780287221074,positive
2024-12-10,The Secrets of the Man Who Made Nvidia the World’s Most Valuable Company,0.004454679787158966,neutral
2024-12-11,Apple Stock Hits Record High On Second Wave Of AI Features,0.6066847592592239,positive
2024-12-12,Apple vs. Nvidia: Which Will Hit a $4 Trillion Market Cap First?,0.06631731614470482,neutral
2024-12-12,4 Brilliant Reasons Why Apple Should Buy Bitcoin,0.08093893900513649,neutral
2024-12-13,"The 28 Best Tech Gifts of 2024, According to Our Gadget Gurus",0.43540732841938734,neutral
2024-12-14,Meta Urges California Attorney General to Stop OpenAI From Becoming For-Profit,-0.184013731777668,neutral
2024-12-16,TikTok Asks Supreme Court to Intervene on U.S. Ban,-0.07633276283740997,neutral
2024-12-16,66% of Warren Buffett's $301 Billion Portfolio for 2025 Is Invested in These 5 Unstoppable Stocks,0.075486253015697,neutral
2024-12-16,Vanguard Dividend Appreciation ETF (VIG): How to Buy,0.07731603179126978,neutral
2024-12-18,Consumer Finance Watchdog Cracks Down on Credit Card Sneaky Fees and False Promises,-0.9234271934255958,negative
2024-12-18,Supreme Court to Consider TikTok Ban,0.01918277144432068,neutral
2024-12-18,Apple Intelligence Still Not Driving iPhone Sales. AI Upgrade Cycle Yet To Arrive.,-0.4080672711133957,negative
2024-12-19,"Billionaire Israel Englander Sells Apple Stock and Buys an Index Fund That Could Soar 180%, According to a Wall Street Analyst",0.2748636156320572,neutral
2024-12-19,Prediction: Warren Buffett Will Sell All of His Apple Stock in 2025,-0.028784940019249916,neutral
2024-12-19,Apple and Meta Are Squabbling Again. This Is Why.,-0.7252786140888929,negative
2024-12-20,Sila Realty Trust Extends Lease Agreements with Post Acute Medical,0.9142621904611588,positive
2024-12-21,Sanofi’s Tolebrutinib Receives FDA Breakthrough Therapy Designation for nrSPMS,0.8952367762103677,positive
2024-12-21,Hewlett Packard Enterprise Faces Financial Risks Amid Uncertain Merger with Juniper Networks,-0.9420970575883985,negative
2024-12-21,25% of Warren Buffett-Led Berkshire Hathaway's $299 Billion Portfolio Is Invested in Only 1 Stock,0.030630124732851982,neutral
2024-12-22,Apple’s App Store Puts Kids a Click Away From a Slew of Inappropriate Apps,-0.5863138511776924,negative
2024-12-23,Why You Should Not Trade Apple Stock Like You're Warren Buffett,-0.031221596524119377,neutral
2024-12-23,Where Will Apple Stock Be in 1 Year?,0.007390124723315239,neutral
2024-12-23,What Is a Value Proposition?,-0.011837329715490341,neutral
2024-12-26,Tech That Will Change Your Life in 2025,0.07106121815741062,neutral
2024-12-26,Funds Want A Piece Of This Fashionable AI Stock — And Its Breakout,0.04268828220665455,neutral
2024-12-26,The Biggest News Stories of 2024,-0.06071652099490166,neutral
2024-12-27,Santa Claus Deserted the Market. It’s Still Been a Good Year for Stocks.,0.006835728883743286,positive
2024-12-27,Netflix’s Big Game Is Just Getting Started,0.0668288841843605,neutral
2024-12-28,"Warren Buffett Sells Apple Stock and Buys a Restaurant Stock Up 3,100% Since Its IPO",0.7524617062881589,positive
2024-12-29,Trump’s Return Sparks Hope for 2025 Deals Revival,0.8792195376008749,positive
2024-12-30,It’s the Most Indispensable Machine in the World—and It Depends on This Woman,0.07144422922283411,neutral
2024-12-31,Where Will Apple Stock Be in 2025?,-0.0222049318253994,neutral
2024-12-31,How UnitedHealth Became an American Goliath,-0.004071790724992752,neutral
2024-12-31,The Trillion Dollar Stock Club Is Bigger—and Richer—Than Ever,0.22806555684655905,neutral
2025-01-02,"Apple Stock Falls on Report of China iPhone Discounts. ‘Winter Is Here,’ Analyst Says.",-0.9310403689742088,negative
2025-01-03,These 5 Artificial Intelligence (AI) Stocks Make Up 28.8% of the Entire S&P 500 Index,0.00582846999168396,neutral
2025-01-03,Could Buying Apple Stock Today Set You Up for Life?,0.057617343962192535,neutral
2025-01-03,The Nine-Figure Home Sale Isn’t Going Anywhere,-0.08732706122100353,neutral
2025-01-04,"2 Artificial Intelligence (AI) Stocks to Buy Before They Soar to $4 Trillion in 2025, According to a Wall Street Analyst",0.5141866095364094,positive
2025-01-05,Should You Buy Apple Stock Right Now in 2025?,0.014303088188171387,neutral
2025-01-05,"Is Apple a Buy, Sell, or Hold in 2025?",-0.00837733969092369,neutral
2025-01-05,Time to Finally Organize Your Digital Photos. First You Have to Find Them.,0.009276624768972397,neutral
2025-01-06,1 Wall Street Analyst Thinks Apple Is Going to $325. Is It a Buy Around $250?,0.0274179857224226,neutral
2025-01-06,Nearly 66% of Warren Buffett's Portfolio Is Invested in These 5 Stocks as 2025 Begins,0.0448059756308794,neutral
2025-01-07,"Buy Dell and TD SYNNEX shares in 2025, avoid IBM, Pure Storage: UBS",0.06225652899593115,neutral
2025-01-07,Apple Stock Catches a Downgrade. Why This Analyst Isn’t Impressed.,-0.8169236481189728,negative
2025-01-07,Unfortunate News for Apple Stock Investors,-0.694918867200613,negative
2025-01-08,Why Nvidia Needs to Appeal to a Bigger Crowd,0.11988240387290716,neutral
2025-01-09,Apple vs. Microsoft: Which Is the Better Artificial Intelligence Stock to Buy in 2025?,0.04939846508204937,neutral
2025-01-09,Why Apple Stock Gained 30% Last Year,0.607709851115942,positive
2025-01-09,Elon Musk’s xAI Launches Stand-Alone Grok App,0.07510547805577517,neutral
2025-01-10,What Companies Does SoftBank Own?,-0.018558640033006668,neutral
2025-01-10,Batman Is a Great Movie—and a Lousy Stock Portfolio. Consider Top Gun Instead?,-0.41966356337070465,neutral
2025-01-10,TikTok Ban at the Supreme Court: Here’s What to Know,-0.009853065013885498,neutral
2025-01-11,Warren Buffett Prepares His Middle Child for the Job of a Lifetime,0.02582867443561554,neutral
2025-01-11,What Are the 11 Stock Market Sectors?,-0.029986480250954628,neutral
2025-01-11,"Here Are the Top 5 ""Magnificent Seven"" Stocks to Buy in 2025, According to 1 Wall Street Analyst",0.018325546756386757,neutral
2025-01-12,Your iPhone Storage Is Full Again. Do This to Reclaim Space.,0.070940425619483,neutral
2025-01-12,Apple Is the Largest Company in the World. Here's Why Investors Should Be Wary of the Stock in 2025.,-0.06967975571751595,neutral
2025-01-13,"Apple's iPhone Market Share Declines in China, Huawei and Xiaomi Gain Momentum in 2024: Counterpoint",-0.9500103825703263,negative
2025-01-13,Apple Falls to Second Place Globally as Samsung's S24 Dominates Smartphone Market,-0.9440512359142303,negative
2025-01-13,Broadcom's AI Boom: Citi Sets $220 Target as Revenue and Dividends Soar,0.655435087159276,positive
2025-01-14,Apple's 'Made in America' Chips: TSMC Arizona Fab Set to Launch Q1 2025,0.06082052085548639,neutral
2025-01-14,Apple Inc. (AAPL)’s Struggle: Can AI Help Regain Market Share in 2025?,0.4548712242394686,neutral
2025-01-14,Is Apple Inc. (AAPL) the Best Safe Dividend Stock for 2025?,0.1338678328320384,neutral
2025-01-15,"The Best Warren Buffett Stocks to Buy With $1,000 Right Now",0.05009784549474716,neutral
2025-01-15,"Jim Cramer on Apple Inc (AAPL): ‘When You Say That There’s Been No Innovation Since Steve, I Find That Inflammatory’",-0.14387282729148865,neutral
2025-01-15,Goldman Sachs Eyes Early Apple Card Exit -- What It Means for Investors and Apple's Ecosystem,0.017483029514551163,neutral
2025-01-16,Why the tech industry is cozying up to Trump the second time around,0.07123145647346973,neutral
2025-01-16,9 of the 10 Largest Companies in the World Are Making Big Moves Into AI. Here's Why Investors Should Pay Attention.,0.05925221461802721,neutral
2025-01-16,Apple Loses Ground in Mainland China's Smartphone Market as Huawei and vivo Surge in 2024,-0.9227411039173603,negative
2025-01-17,"Market Chatter: Apple's Partner Foxconn Faces Challenges in Sending Staff to India, Importing Machinery From China",-0.007658928632736206,negative
2025-01-17,SYF Offers Greater Flexibility With Apple Pay's Pay Later Feature,0.4355457229539752,neutral
2025-01-17,"IMAX Secures Netflix Deal for Exclusive 'Narnia' Theatrical Release, Stock Jumps",0.2461568247526884,neutral
2025-01-18,Apple Inc. (AAPL): AI Innovations Shaping the Future,0.1727612465620041,neutral
2025-01-18,My 5 Largest Portfolio Holdings Heading Into 2025 -- and the Important Investing Lesson I Learned From Each One,0.13633895758539438,neutral
2025-01-18,"Apple Inc. (AAPL): A Prime Investment with Strong Financials, AI Integration, and Groundbreaking Innovations in iOS and iPhone",0.8630518270656466,positive
2025-01-19,Stock playbook for Trump's second term: Top sector winners and losers,-0.0326116606593132,neutral
2025-01-19,"After shutting down, TikTok returns following Trump comments",0.05198800377547741,neutral
2025-01-19,"Jim Cramer on Apple Inc. (AAPL): ‘I Think When You Say Stuff Like Nothing’s Been Done Since Steve Jobs Died, I Think That’s An Ill-advised Strategy To Take I Think’",-0.747241610661149,negative
2025-01-20,Trump's evolving relationship with Big Tech: Trends to watch,0.08335638791322708,neutral
2025-01-20,Jim Cramer on Apple Inc. (AAPL): ‘Apple Wildcard To The Downside. It’s Kind Of A Two Of Clubs’,-0.06312662363052368,neutral
2025-01-20,Trump Inauguration 2025: The Big Tech CEOs in attendance,-0.002717886120080948,neutral
2025-01-21,Apple: Wall Street firms downgrade stock as China growth slows,-0.9521372197195888,negative
2025-01-21,Apple Loses Top-Stock Crown as Analysts Downgrade on iPhone Risk,-0.9296047724783421,negative
2025-01-21,"Nancy Pelosi Sells Nvidia, Apple And Loads Up On Google-Parent Alphabet And Amazon Calls",0.08448233548551798,neutral
2025-01-22,Apple (AAPL) Ascends But Remains Behind Market: Some Facts to Note,0.06733840145170689,neutral
2025-01-22,Salesforce CEO Marc Benioff's war of words with Microsoft rages on at Davos,-0.8021711744368076,negative
2025-01-22,"How to use options to play small caps, Apple earnings",0.010018067434430122,neutral
2025-01-23,"Apple Poised for Largely In-Line First-Quarter Revenue, Morgan Stanley Says",0.7654734402894974,positive
2025-01-23,Trump opens a divide between US and EU over Big Tech,0.10432732105255127,neutral
2025-01-23,Is Apple Inc. (AAPL) Among Billionaire Dan Loeb’s Top Stock Picks?,0.04155897721648216,neutral
2025-01-24,Is Apple (AAPL) Among the Stocks ChatGPT Predicts Could Make You Wealthy in 10 Years?,0.13865204062312841,neutral
2025-01-24,"Trump rally, Mag 7 vs. FANG, bitcoin and gold: Market Takeaways",0.1023881733417511,neutral
2025-01-24,Options trading strategies for the Magnificent Seven,0.021808410063385963,neutral
2025-01-25,Is Apple Inc. (AAPL) The Best Bear Market Stock To Invest In Now?,0.08121520839631557,neutral
2025-01-25,Apple Stock Nears Critical Level Amid Worst Start To The Year Since 2008: 'When You Get Names Starting To Flirt With It...You Kind Of Lose Confidence',-0.9522543838247657,negative
2025-01-25,Apple Receives Rare Underperform Rating from Wall Street Analyst. Is It Time to Sell the Stock?,-0.2762810215353966,neutral
2025-01-26,"1 Stock to Buy, 1 Stock to Sell This Week: Meta Platforms, Apple",0.023229442536830902,neutral
2025-01-26,Not all companies are backing away from DEI in the new Trump era,0.11470481008291245,neutral
2025-01-26,Jim Cramer on Apple Inc. (AAPL): ‘We Sold Some Stock Because It Became Too Big A Part Of Our Portfolio’,-0.7990527488291264,negative
2025-01-27,Apple Inc. (AAPL): Expanding AI Investments Propel Ecosystem Growth and Innovation,0.913445751182735,positive
2025-01-27,Apple and Meta Surge While AI Giants Crumble--Is the AI Boom Cracking?,-0.5836795978248119,negative
2025-01-27,Analyst on Apple (AAPL): ‘I Don’t Think AI is a Story Yet’,0.018627513200044632,neutral
2025-01-28,Why AAPL Is Climbing Today,0.21263995207846165,neutral
2025-01-28,"Magnificent Seven Stocks: Nvidia, Apple Surge; Tesla Slides To Key Level",0.03172177076339722,positive
2025-01-28,"Big Tech set for 20% earnings growth in 2025, portfolio mgr. says",0.8774735825136304,positive
2025-01-29,Is Apple Inc. (AAPL) the Best Consumer Electronics Stock to Invest in Now?,0.09679808467626572,neutral
2025-01-29,"Meta Platforms Sales Soar to Record, Bolstering Zuckerberg’s AI Spending Spree",0.9293961804360151,positive
2025-01-29,Why Mag 7 domination mimics a 'snake eating its own tail',-0.08540242537856102,neutral
2025-01-30,"Compared to Estimates, Apple (AAPL) Q1 Earnings: A Look at Key Metrics",0.06286614574491978,neutral
2025-01-30,Apple iPhone Sales Shrink Slightly as Investors Await AI Payoff,-0.9628676567226648,negative
2025-01-30,Apple Is Still Finding New Customers,0.5660491641610861,positive
2025-01-31,"Tech, Media &amp; Telecom Roundup: Market Talk",0.04323466680943966,neutral
2025-01-31,DeepSeek Took a Bite Out of the Mag 7. Here’s What Happens Next.,-0.018655691295862198,neutral
2025-01-31,Mag 7 Earnings &amp; DeepSeek: What Should Investors Know?,-0.016043968498706818,neutral
2025-02-01,Is Apple Inc. (AAPL) the Best Stock for Beginners With Little Money?,0.05829562805593014,neutral
2025-02-01,Apple First Quarter 2025 Earnings: EPS Beats Expectations,0.8449468277394772,positive
2025-02-01,Is Apple Inc. (AAPL) the Best Defensive Stock to Buy Right Now?,0.04058448225259781,neutral
2025-02-02,Jim Cramer on Apple (AAPL)’s New Phone: ‘It’ll Be Too Fabulous’,-0.09052113443613052,neutral
2025-02-02,The 'new kids on the block' for AI trade investors,0.020182911306619644,neutral
2025-02-02,Trump's antitrust cops just signaled that big US mergers won't get a free pass,-0.059379950165748596,neutral
2025-02-03,Markets Bet Trump’s Tariffs Are Art of the (Temporary) Deal,0.2139405682682991,neutral
2025-02-03,Google makes its appeal to overturn jury verdict branding the Play Store as illegal monopoly,-0.8911399561911821,negative
2025-02-03,Trump Tariffs: Big Launch Date Delayed After S&amp;P 500 Falls On High-Risk Plan; China Tariffs Still On,-0.8627303130924702,negative
2025-02-04,New Tariffs Could Push iPhone Prices Higher. How a Trade War Could Play Out for Tech Devices.,-0.12059935927391052,neutral
2025-02-04,How U.S.-China Tariffs Will Work—and What’s in Store for Mexico and Canada,0.02474280260503292,neutral
2025-02-04,"Globalstar, Inc. (GSAT): One of January’s Biggest Losers",-0.940910404548049,negative
2025-02-05,Dining Out More Might Actually Save You Money. Here’s How.,0.04092267155647278,neutral
2025-02-05,Qualcomm Earnings Beat Estimates. The Stock Is Rising.,0.9323907624930143,positive
2025-02-05,Jim Cramer on Apple (AAPL): “Why Don’t People Own Apple Here?”,-0.038386981934309006,neutral
2025-02-06,Chiefs vs. Eagles: Super Bowl LIX by the numbers,-0.02955813705921173,neutral
2025-02-06,Amazon cloud revenue miss amid Big Tech market 'concentration',-0.9559878632426262,negative
2025-02-06,Apple’s Long-Awaited Overhaul of iPhone SE Nears Release,0.11594393849372864,neutral
2025-02-07,Could Buying Apple Stock Today Set You Up for Life?,0.057617343962192535,neutral
2025-02-07,"Big Tech's cloud spend is not just for AI, analyst explains",0.027344899252057076,neutral
2025-02-07,"Retiree Earning $60K Dividends On $500,000 Investment Shares Top 3 Stock Picks — 'Not Rich But Not Complaining Either'",0.3592580296099186,neutral
2025-02-08,Microsoft's Bill Gates: Steve Jobs was a genius in this area,0.17878928687423468,neutral
2025-02-08,Jim Cramer on Skyworks Solutions (SWKS): Apple Reliance Sparks Stock Trouble,-0.07343485206365585,neutral
2025-02-08,Apple Inc. (AAPL) Begins Mass Production of AI-Optimized M5 Chip for Next-Gen Devices,0.3093430893495679,neutral
2025-02-09,Prediction: This Unstoppable Vanguard ETF Could Smash the S&amp;P 500 in 2025,-0.7302312776446342,negative
2025-02-09,Apple (AAPL): ‘How Could It Be a Surprise?’ Jim Cramer Questions the Bearish Narrative,-0.028662826865911484,neutral
2025-02-10,Dan Niles Says Apple (AAPL) Has ‘No AI Presence’,-0.20663761347532272,neutral
2025-02-10,Scott Black's Strategic Moves: MGP Ingredients Inc. Takes Center Stage in Q3 2024 Portfolio,0.4737039264291525,neutral
2025-02-10,The Magnificent 7 trade is struggling — Here's why,-0.8074550367891788,negative
2025-02-11,"Can Disney (DIS) Stock Regain its Magic, or is it a Sinking Ship?",0.06895376369357109,neutral
2025-02-11,Apple's Big China Comeback: The AI Deal That Could Change Everything,0.18355021718889475,neutral
2025-02-11,Apple AI: iPhone SE targeting 'distinct' consumer group,0.0859958790242672,neutral
2025-02-12,Apple (AAPL) – Alibaba (BABA) AI Partnership: A Game-Changer for China?,0.13485022820532322,neutral
2025-02-12,Apple Brings TV+ to Android Phones in Bid to Boost Subscribers,0.8847699807956815,positive
2025-02-12,"Wall Street's Apple euphoria 'misplaced,' Jefferies analyst says",-0.9341241214424372,negative
2025-02-13,European Equities Close Mostly Higher in Thursday Trading; German Inflation Declines in January,-0.15877026319503784,negative
2025-02-13,Q4 Earnings Highlights: Bowlero (NYSE:BOWL) Vs The Rest Of The Consumer Discretionary Stocks,0.01900884509086609,neutral
2025-02-13,Is Apple Inc. (AAPL) the Best Major Stock to Buy According to Hedge Funds?,0.04364883340895176,neutral
2025-02-14,Joel Greenblatt's Strategic Moves: SPDR S&amp;P 500 ETF Trust Takes Center Stage with 2. ...,0.7111563058570027,positive
2025-02-14,Jefferies Group's Strategic Moves: Amazon.com Inc. Takes Center Stage with 2.28% Portfolio Impact,0.8314945548772812,positive
2025-02-14,"Top Stock Reports for Apple, Eli Lilly &amp; Shopify",0.039895132184028625,neutral
2025-02-15,‘Gulf of America’ Embraced by Oil Companies,0.32511600013822317,neutral
2025-02-15,"Apple Aims to Boost Vision Pro with AI Features, Spatial Content App",0.8588534891605377,positive
2025-02-15,Australia to Ban Foreigners From Buying Some Homes as Costs Soar,-0.7192722372710705,negative
2025-02-16,iShares Core Dividend Growth ETF (DGRO): How to Buy,0.06921647768467665,neutral
2025-02-16,"Why Trump reciprocal tariffs should terrify bulls in Apple, Amazon, and other tech plays",-0.4798244908452034,negative
2025-02-16,Apple (AAPL) Prepares to Launch AI Features in China with Baidu and Alibaba,0.36275411397218704,neutral
2025-02-17,Jefferies raises targets on China tech stocks on AI growth,0.07983629778027534,neutral
2025-02-17,Apple Inc. (AAPL): Among the Best Streaming Service Stocks to Buy According to Analysts,0.845078649930656,positive
2025-02-17,Warren Buffett Is Out of Step With Markets. Berkshire Hathaway Keeps Selling Stocks.,-0.9327502977102995,negative
2025-02-18,Dan Niles Says ‘People Aren’t Excited’ About Apple (AAPL) Offerings,0.07736527919769287,neutral
2025-02-18,"Meta's stock closes down, snapping 20-session winning streak",-0.9608363029547036,negative
2025-02-18,"These Stocks Moved the Most Today: Intel, Occidental Petroleum, Citigroup, Tesla, Delta, MicroStrategy, and More",0.14277535676956177,neutral
2025-02-19,"Apple Launches New, Cheaper Phone. It Will Run AI—but There’s a Pricey Catch.",0.192890802398324,neutral
2025-02-19,X Hinted at Possible Deal Trouble in Talks With Ad Giant to Increase Spending,0.7343441247940063,positive
2025-02-19,"Fed minutes, lagging Mag 7, short sellers: Market Takeaways",-0.150501050055027,neutral
2025-02-20,Apple’s Tim Cook Meeting With Trump as Tariffs Threaten iPhones,-0.30074555426836014,neutral
2025-02-20,Big Tech leaning further into humanoid robots: What to know,0.01633148081600666,neutral
2025-02-20,Apple Inc. (AAPL) Gets $294 Target from Goldman Sachs Amid iPhone 16e Launch and Pricing Insights,0.8096273168921471,positive
2025-02-21,The underperforming 'dog' funds that have gobbled up more than £67bn,-0.7872594147920609,negative
2025-02-21,Trump Weighs Tariffs to Counteract Foreign Taxes on Tech Firms,0.46997492760419846,positive
2025-02-21,"The Score: UnitedHealth, Intel, Walmart and More Stocks That Defined the Week",0.013465560972690582,neutral
2025-02-22,"Apple (AAPL) Introduces AI-Powered iPhone 16e, Raising Upgrade Questions",0.7093769386410713,positive
2025-02-22,Britain is waging war on Apple – it is already backfiring,-0.7595829665660858,negative
2025-02-23,Silicon Valley is going all in on humanoid robots. Making them a reality will take decades.,0.02439190447330475,neutral
2025-02-23,I Have $200K And Nothing Else For Retirement!' – Panic Sets In As Investor Seeks The Fastest Way To Grow Wealth In 15 Years,-0.12327146530151367,neutral
2025-02-23,Apple Inc. (AAPL): Among Renaissance Technologies Portfolio’s Top Stock Picks,0.4863857375457883,positive
2025-02-24,Top Apple exec concedes he had doubts about app store fees imposed on alternative payment options,-0.7537423595786095,negative
2025-02-24,Apple Building AI Server Factory In Texas As It Looks To Appease Trump,0.03693309426307678,neutral
2025-02-24,"Apple, Nvidia, Robinhood, Nike and Berkshire Hathaway: Stocks to watch today",0.044712457805871964,neutral
2025-02-25,"Tesla, Apple's DEI vote, bitcoin declines: Market Minute",-0.5868666619062424,negative
2025-02-25,"Apple investors back pro-DEI stance, setting up stark divide in Silicon Valley",-0.3243091106414795,negative
2025-02-25,"Tech Giants Have Pledged Over $1 Trillion in US Investment, So Far",0.5059974677860737,positive
2025-02-26,Spotify CEO Wants EU To Penalize Apple For Defying Regulations,-0.8575303107500076,negative
2025-02-26,Apple’s DEI shareholder vote sets it apart from other Silicon Valley giants—but that doesn’t mean it won’t make policy changes,0.058896712958812714,neutral
2025-02-26,Tulsi Gabbard attacks Britain over ‘backdoor’ plan to access encrypted iPhone data,-0.8198147211223841,negative
2025-02-27,Apple launches 'age assurance' tech as US states mull social media laws,0.09866359829902649,neutral
2025-02-27,Is Apple Inc. (AAPL) the Best Magic Formula Stock for 2025?,0.12715882994234562,neutral
2025-02-27,3 things to know about Apple's lower-cost iPhone 16E,0.02674292027950287,neutral
2025-02-28,Australia’s Greens Eye Logging Ban in Role as Election Kingmaker,-0.6459384672343731,negative
2025-02-28,Q4 2024 Jamf Holding Corp Earnings Call,-0.14193668402731419,neutral
2025-02-28,Mag 7 Members Are Shattering Quarterly Records,-0.31836989521980286,negative
2025-03-01,Samsung Broadens AI Phone Lineup With $300 5G Galaxy Models,0.7912710104137659,positive
2025-03-01,Is Apple Inc. (AAPL) The Best Money Making Stock To Buy Now?,0.062382256612181664,neutral
2025-03-01,"Texas Is the Low-Cost, High-Reward Darling of Big Tech",0.09852886013686657,neutral
2025-03-02,How Are 9 Out of the 11 Stock Market Sectors Outperforming the S&amp;P 500 in 2025?,-0.31788989901542664,neutral
2025-03-02,The dust settles on Nvidia: Morning Brief,0.010390833020210266,neutral
2025-03-03,Is Apple hinting at new MacBook Air with M4 chip in new teaser?,0.07771624252200127,neutral
2025-03-03,Buy Taiwan Semiconductor (TSM) Stock for Expansion Plans in the U.S.?,0.05205902084708214,neutral
2025-03-03,"Berkshire Hathaway Hits $1.07 Trillion Market Cap, Surpassing Tesla – Earnings Shock and Tesla's Decline Highlight Changing Markets",0.8662843145430088,positive
2025-03-04,"Jim Cramer on Apple Inc. (AAPL): ‘If We Slap Something On China, Well I Mean Does That Apply To Apple?’",-0.03284989856183529,neutral
2025-03-04,Apple Isn't Priced for Tariff Showdown: Heard on the Street,0.01825246959924698,neutral
2025-03-04,"Trump tariffs are a risk for Big Tech. But 'don't run for the hills,' analysts say",-0.3487309627234936,neutral
2025-03-05,Apple’s Use of SiTime in iPhone 16e Fuels Stock Rally for Chipmaker,0.8076860047876835,positive
2025-03-05,"Apple introduces latest Mac Studio featuring M3, M4 chips",0.09569247998297215,neutral
2025-03-05,Trump takes aim at Biden-era CHIPS Act in his Congress address,-0.045448556542396545,neutral
2025-03-06,Broadcom Rallies After AI Growth Fuels Upbeat Sales Forecast,0.4700608551502228,positive
2025-03-06,Congress Targets Alphabet Over Censorship Claims-What It Means for Tech Regulation,-0.020077232271432877,neutral
2025-03-06,Mag 7 vs. the Terrific 10: China's tech stocks outperform,-0.007857799530029297,negative
2025-03-07,Apple (AAPL) Beats Stock Market Upswing: What Investors Need to Know,0.07120680995285511,neutral
2025-03-07,Apple Says Some AI-Powered Enhancements to Siri to Be Delayed,0.7120966287329793,positive
2025-03-07,Apple Delays Siri Upgrade Indefinitely as AI Concerns Escalate,-0.9335776213556528,negative
2025-03-08,Apple Inc. (AAPL) Unveils Most Powerful Mac Studio with M4 Max &amp; M3 Ultra,0.8440500032156706,positive
2025-03-08,"Apple (AAPL) Eyes 2026 Launch for $2000+ Foldable, AI-Driven iPhone",0.2645838959142566,neutral
2025-03-08,Now Streaming: Judge may consider blocking Paramount-Skydance deal,-0.7093228548765182,negative
2025-03-09,Wall Street Hopes For Trump-Google Antitrust Deal Take A Blow,-0.14713901281356812,neutral
2025-03-09,Analyst: Apple Inc (AAPL) May Have to Pass On Tariff Impact to Consumers,-0.23013240844011307,neutral
2025-03-10,Apple Delays AI Enhancements to Siri Until 2026,-0.07160530053079128,neutral
2025-03-10,Jim Cramer Highlights Apple (AAPL)’s Edge Over Other AI Companies Amid DeepSeek Saga,0.8752990812063217,positive
2025-03-10,Unemployable Youth Put Indonesia’s Manufacturing Dream at Risk,-0.8113517314195633,negative
2025-03-11,Wall Street's souring view on the US stock market isn't just about the economy — it's about AI too,-0.8169339783489704,negative
2025-03-11,Is QUALCOMM Incorporated (QCOM) the Top Semiconductor Stock to Buy Now?,0.06017869804054499,neutral
2025-03-11,Apple Watch Sales Drop 19%-Is AI the Key to a 2025 Comeback?,-0.9139513820409775,negative
2025-03-12,Trump on EU's Retaliatory Tariffs: 'Of Course' U.S. Will Respond,0.562136247754097,positive
2025-03-12,Apple Stock Gets Price-Target Cut From Morgan Stanley,-0.8740324564278126,negative
2025-03-12,"Stock Market Today: Dow Jones Gains After Inflation Surprise, Nvidia, Tesla Rally As Cathie Wood Loads Up On Defense Stock (Live Coverage)",0.6908499337732792,positive
2025-03-13,"Apple plans AirPods feature that can live-translate conversations, Bloomberg News reports",0.09909104183316231,neutral
2025-03-13,Warren Buffett's Market Exit Looks Genius as Stocks Plunge,-0.058035001158714294,neutral
2025-03-13,Is Apple Inc. (AAPL) the Most Profitable Large Cap Stock to Buy Now?,0.06259305402636528,neutral
2025-03-14,Antitrust under Trump: Regulators lock in on Big Tech,-0.5189779829233885,negative
2025-03-14,Apple (AAPL) Rises But Trails Market: What Investors Should Know,0.13780726492404938,neutral
2025-03-14,"Citi Removes Apple Inc. (AAPL) from Catalyst Watch, Maintains ‘Buy’ Amid Siri Delay",-0.5967541746795177,negative
2025-03-15,Apple (AAPL) Stock Target Cut as AI-Powered Siri Updates Face Delays,-0.9033232163637877,negative
2025-03-15,Tech Support: Apple’s MacBook Air is $100 cheaper and still among the best laptops you can buy,0.5233937948942184,positive
2025-03-15,Apple (NasdaqGS:AAPL) Sees 10% Price Dip Despite Launch Of MacBook Air With M4 Chip,-0.9008618406951427,negative
2025-03-16,Apple (NasdaqGS:AAPL) New Product Launch Fails To Prevent 11% Share Price Dip,-0.9538082210347056,negative
2025-03-16,Is Apple Inc. (AAPL) the Best Quality Stock to Invest in Now?,0.13108354806900024,neutral
2025-03-16,Apple (AAPL) Delays AI-Powered Siri and Smart Home Hub Rollout,-0.8010734599083662,negative
2025-03-17,"Wedbush Remains Bullish on Apple (AAPL), Sees AI-Driven Growth Ahead Despite Market Volatility",0.8858260521665215,positive
2025-03-17,Apple's iPhone Struggles in China: Is This the Beginning of the End?,-0.6295670941472054,negative
2025-03-17,Is Apple Inc. (NASDAQ:AAPL) the Best Reddit Stock to Invest In?,0.0708859134465456,neutral
2025-03-18,The 'Magnificent 7' stocks are having their worst quarter in more than 2 years,-0.963361251167953,negative
2025-03-18,"Stalling rally, Magnificent 7 vs. ARKK, gold: Market Takeaways",0.38244376331567764,positive
2025-03-18,Apple (AAPL) Bull Says Siri Delay Was ‘Big Disappointment in 20 Years of Investing’,-0.8587862886488438,negative
2025-03-19,EU Pushes Ahead With Big Tech Antitrust Enforcement,0.6762092914432287,positive
2025-03-19,Is Apple Inc. (AAPL) a Stock That Members of Congress Own?,-0.010681996122002602,neutral
2025-03-19,Spotify Rides Streaming Boom as U.S. Subscriptions Hit 100 Million,0.8300583511590958,positive
2025-03-20,Short sellers have already profited over $24B from Mag 7 losses,0.8614398315548897,positive
2025-03-20,Apple (AAPL) Dips More Than Broader Market: What You Should Know,-0.3687581643462181,neutral
2025-03-20,Apple Shuffles AI Executive Ranks in Bid to Turn Around Siri,-0.7759610880166292,negative
2025-03-21,"Nvidia Downplays Tariff Impact, Eyes U.S. Production Boost",0.6057477742433548,positive
2025-03-21,Apple (AAPL) Eyes AI-Powered Future Despite Delays in Siri Enhancements,0.9184651663526893,positive
2025-03-21,Apple's AI shakeup: They might not be 'moving the needle' on AI,-0.18801400065422058,neutral
2025-03-22,A Trump plan for TikTok is coming together — and Oracle may play a starring role,0.2914571641013026,neutral
2025-03-22,"Apple (AAPL) Poised for AI Boom Without Heavy GPU Investments, Says Evercore",0.7804724890738726,positive
2025-03-22,Buffett's Berkshire Hathaway Outpaces S&amp;P 500 With Best 2-Month Run Since 2010,0.7186942249536514,positive
2025-03-23,Where Have All the $100 Million CEOs Gone?,-0.5312402099370956,negative
2025-03-23,Was Jim Cramer Right About Apple (AAPL)?,-0.06467637419700623,neutral
2025-03-23,"Apple Inc. (AAPL): Own It, Don’t Trade It – Tune Out the Noise! – Jim Cramer",0.003728225827217102,neutral
2025-03-24,iShares Global Equity Factor ETF (GLOF): Among The Best Global ETFs To Buy,0.8964431583881378,positive
2025-03-24,"Mag 7 takes on 'growth as defensive' bias, strategist says",-0.15007048100233078,neutral
2025-03-24,Apple Joins AI Data Center Race After Siri Mess,0.019424602389335632,neutral
2025-03-25,"US Equities Markets End Higher Tuesday as Markets Track Economic Data, Fed Governor Remarks",0.7357684746384621,positive
2025-03-25,5 Foreign Stocks Worth Considering as US Market Lags,-0.4504738971590996,negative
2025-03-25,"Apple Inc. (AAPL)’s iPhone 18 May Debut With Advanced 2nm Chips From TSMC, Ming-Chi Kuo Says",0.31483903620392084,neutral
2025-03-26,Jim Cramer Discusses Apple’s (AAPL) $500 Billion Investment &amp; Trump’s Tariff Stance,0.06527030095458031,neutral
2025-03-26,Apple (AAPL) Stock Moves -0.99%: What You Should Know,0.00237366184592247,neutral
2025-03-26,Apple Inc. (AAPL) Faces iPhone Sales Slump in China—Analyst Warns of More Trouble Ahead,-0.9529168074950576,negative
2025-03-27,The reason behind Apple’s $1B-a-year bet in streaming,-0.012036792933940887,neutral
2025-03-27,Is Apple (AAPL) the Top Blue Chip AI Stock to Buy According to Billionaire Cliff Asness?,0.06212554685771465,neutral
2025-03-27,Steve Jobs Warned 34 Years Ago About America Being 'Hollowed Out' By Foreign Manufacturing — A Concern Trump Now Echoes,-0.8707084599882364,negative
2025-03-28,Why Mag 7 is a 'boy band' that needs to 'breakup',0.04997013695538044,neutral
2025-03-28,"Magnificent Seven Stocks Dive As Amazon, Apple, Meta, Nvidia, Tesla Sell Off",-0.9053880805149674,negative
2025-03-28,Apple Inc. (AAPL): A Top Pick For The Best Retirement Portfolio,0.8236418394371867,positive
2025-03-29,Is Apple Inc. (AAPL) The Mega Cap Stock Gaining Bullish Momentum This Week?,0.49252527579665184,positive
2025-03-29,"2 ""Magnificent Seven"" AI Stocks to Buy on the Dip",0.08555854856967926,neutral
2025-03-30,Is Apple Inc. (AAPL) Best Stock to Buy for the Next 3 Months?,0.04895375855267048,neutral
2025-03-30,'Cyclical headwinds' are developing for the tech trade,-0.9373703682795167,negative
2025-03-30,Apple is a great stock buy 'if you think gen AI is overhyped',0.25286631658673286,neutral
2025-03-31,Taiwan Semiconductor Manufacturing Just Made a $100B Power Move,0.4957282142713666,positive
2025-03-31,Market Chatter: Apple Upgrading Health App to Include AI Coach,0.6761989099904895,positive
2025-03-31,Taiwan Semiconductor Manufacturing (TSM): Among Billionaire Ken Fisher’s Top Growth Stock Picks,0.486533404327929,positive
2025-04-01,Jim Cramer on Apple Inc. (NASDAQ:AAPL): “Apple is a great stock but. . .”,0.3252763245254755,neutral
2025-04-01,Apple (AAPL) Laps the Stock Market: Here's Why,0.033216074109077454,neutral
2025-04-01,U.S. Says Europe’s Tech Rules Are a Trade Barrier,0.02290385216474533,neutral
2025-04-02,"'Worse than expected': Wall Street reacts to Trump's 'Liberation Day' tariff surprise, stocks sink",-0.911104928702116,negative
2025-04-02,Days After Calling The CHIPS Act A 'Horrible Thing' Donald Trump Sets Up New Entity For 'Negotiating Much Better...Deals:' Here's More,0.05135747976601124,neutral
2025-04-02,Apple and Dell Face Higher Costs,-0.6826727837324142,negative
2025-04-03,Buffett’s Berkshire Weathers Tariff-Fueled Stock-Market Selloff,-0.5198080241680145,negative
2025-04-03,Jim Cramer Says He’s ‘With’ Latest Apple (AAPL) Bull Note With $275 Price Target,0.16118750907480717,neutral
2025-04-03,"Stocks making the biggest moves midday: Lululemon, Nike, Tesla, Nvidia and more",0.22337980195879936,neutral
2025-04-04,Apple (AAPL) Labeled ‘Underweight’ Over Undefined AI Strategy and China Market Declines,-0.9257842004299164,negative
2025-04-04,Former Microsoft CEO Steve Ballmer says companies need to continue to invest despite tariff turmoil,0.5465203262865543,positive
2025-04-04,"The Score: Nike, Apple, Stellantis and More Stocks That Defined the Week",0.027225669473409653,neutral
2025-04-05,3 Top Buffett Stocks to Buy and Hold for the Next 20 Years,0.047559503465890884,neutral
2025-04-05,Warren Buffett keeps taking investors to school as stock meltdown reveals the uncanny wisdom of his recent moves,-0.013443142175674438,neutral
2025-04-05,"Apple, Nvidia Among Tech Giants Hit Hard in Stock Market Selloff",-0.8946624659001827,negative
2025-04-06,Is Apple Inc. (AAPL) the Best Beginner Stock?,0.0814357977360487,neutral
2025-04-06,Australia PM Extends Leads in Polls After Trump Tariffs Hit,0.07916438579559326,positive
2025-04-06,"Up 17% in 2025, Has Warren Buffett-Led Berkshire Hathaway Run Up Too Far, Too Fast?",0.5590110272169113,positive
2025-04-07,Buffett’s 2025 Wealth Gains Stand Out Amid Billionaire Wipeout,0.8793068267405033,positive
2025-04-07,Asian Traders Brace for Swings as US Futures Rise: Markets Wrap,-0.5273038148880005,negative
2025-04-07,Apple Users Rush to Upgrade iPhones Ahead of Potential Tariffs-Related Price Hikes,0.5339276641607285,positive
2025-04-08,Apple Cedes Most-Valuable Crown After Tariff Pain Hits Stock Price,-0.7222290337085724,negative
2025-04-08,Video: What Tariffs Will Do to Your iPhone,-0.26776906475424767,neutral
2025-04-08,"Stocks making the biggest moves midday: Apple, UnitedHealth, Humana, Broadcom, Wells Fargo and more",0.04917788505554199,neutral
2025-04-09,Apple soars 15% as Trump reverses on most tariffs,-0.696980357170105,negative
2025-04-09,Apple stock surges on tariff pause despite China exclusion,-0.1197371780872345,negative
2025-04-09,"Apple Stock Jumps on Tariff News, Hope for Exemption",0.33858855813741684,neutral
2025-04-10,Why Apple Stock Is Sinking Today,-0.7380427736788988,negative
2025-04-10,"These Stocks Moved the Most Today: Nvidia, Apple, Tesla, GM, Microsoft, CarMax, U.S. Steel, Warner Bros., and More",0.07152647897601128,neutral
2025-04-10,Jim Cramer on Apple Inc. (AAPL): Can Tariffs Derail the iPhone Giant’s Global Dominance?,-0.6718057207763195,negative
2025-04-11,Why the Zacks Rank is More Important Than Ever,0.035053523257374763,neutral
2025-04-11,"Apple has 50% chance of getting tariff exemptions, analyst says",0.9060262534767389,positive
2025-04-11,"Apple Stock’s Resilience Means This Is an Opportunity, Says BofA. Plus, Meta, Occidental, and More.",0.8176905354484916,positive
2025-04-12,"Trump Exempts Smartphones, Other Electronics From Chinese Tariffs",-0.10737175308167934,neutral
2025-04-12,"Apple, Nvidia, and Microsoft can 'breathe a huge sigh of relief' after Trump's China tariff exemptions",0.7847155928611755,positive
2025-04-12,"Trump Exempts Some Electronics, Including Smartphones, From Tariffs on China",-0.10363509505987167,neutral
2025-04-13,Apple (AAPL) Faces 28% EPS Hit Amid Tariff Fears Despite AI Rollout,-0.9180435054004192,negative
2025-04-13,Shifting Signals on Tech Tariffs Fuel Fresh Trade Uncertainty,0.6506039127707481,positive
2025-04-13,Tariff-Sensitive Stocks Apple and Nike Are Getting Clobbered. Time to Buy?,-0.4107396639883518,neutral
2025-04-14,"VIX, Wall Street’s fear gauge, sinks nearly 20% on temporary tech tariff relief",-0.9566813465207815,negative
2025-04-14,Apple and other tech stocks rebound after Trump offers more tariffs guidance,0.2759643495082855,positive
2025-04-14,Nvidia’s Made-in-the-U.S.A. Move Follows a Familiar Trump Pattern,0.0291448887437582,neutral
2025-04-15,Here's Why Apple (AAPL) Fell More Than Broader Market,-0.9099255725741386,negative
2025-04-15,When Apple's Tim Cook Revealed The Real Reason iPhones Are Made In China—And It's Not 'Low Labor Costs': 'China Stopped Being A Low-Wage Country Years Ago',0.004368029534816742,neutral
2025-04-15,Is Apple Inc. (AAPL) The Best American Tech Stock to Buy Now?,0.06314822845160961,neutral
2025-04-16,Trading Day: When the chips are down,-0.08757380209863186,neutral
2025-04-16,Why Apple Inc. (AAPL) Is One of the Best Blue Chip Stocks to Buy According to Billionaires,0.11624484229832888,neutral
2025-04-16,"Meta Saw TikTok as ‘Highly Urgent’ Threat, Zuckerberg Says at Antitrust Trial",0.12140030786395073,neutral
2025-04-17,Fed chairman in fight to save job as Trump rages,-0.38555169105529785,negative
2025-04-17,"Top Analyst Reports for Apple, Philip Morris &amp; Sony",0.06958196870982647,neutral
2025-04-17,"Steve Jobs Said 14 Years Ago iPhones Would Never Be Made In The U.S.: 'Those Jobs Aren't Coming Back'—Now Tariffs Could Lift Price To $3,500",0.7879168670624495,positive
2025-04-18,Nvidia and Apple stocks show how investors are firefighting Trump's tariff changes,-0.11377394944429398,neutral
2025-04-18,Apple Gets Some Relief from President Trump's Tariffs. Could That Turn the Stock Around?,0.5997594054788351,positive
2025-04-18,Is Apple Inc. (AAPL) the Best Metaverse Stock to Invest in?,0.09610248170793056,neutral
2025-04-20,2 Semiconductor Stocks That Could Help Make You a Fortune,0.3082354851067066,neutral
2025-04-20,Street Calls of the Week,-0.07742432877421379,neutral
2025-04-21,Apple's China Dependence Leaves It Exposed as Tariff Risks Rise,-0.9208341278135777,negative
2025-04-21,Apple (AAPL) Stock Moves -1.94%: What You Should Know,0.005212608724832535,neutral
2025-04-21,Can President Trump Fire Fed Chair Jerome Powell?,-0.5679436456412077,negative
2025-04-22,Sector Update: Tech Stocks Higher in Late Afternoon Trading,0.9013891145586967,positive
2025-04-22,"NewsOut Launches Weekly Video Press Release Coverage on Tesla, Amazon, Apple, NVIDIA, and Microsoft",0.005879811942577362,neutral
2025-04-22,Apple Rebuilds Siri Team With Vision Pro Veterans After Project Setbacks,-0.392287015914917,negative
2025-04-23,Traders Fixated on What Companies Spend More Than Earn,-0.08635290712118149,neutral
2025-04-23,Apple price target lowered to $256 from $259 at Goldman Sachs,-0.7777856253087521,negative
2025-04-23,Is Apple Inc. (AAPL) the Best Stock to Buy and Hold for 20 Years?,0.06920610088855028,neutral
2025-04-24,TSMC's New A14 Chip Targets Future AI in Phones and Smart Devices,0.44550089817494154,neutral
2025-04-24,T-Mobile CEO: Tariffs on phones will have to be eaten by consumers,-0.5122885294258595,negative
2025-04-24,"INVESTIGATION ALERT (NASDAQ: AAPL): DiCello Levitt LLP Is Investigating Investor Claims Against Apple, Inc. and Encourages AAPL Investors with Losses to Contact the Firm",-0.11925171315670013,neutral
2025-04-25,"Investing Action Plan: Apple, Amazon, Pfizer, Caterpillar And Sparring With The Fed",0.12278878875076771,neutral
2025-04-25,Is Apple Inc. (AAPL) the Best Safe Stock to Buy According to Hedge Funds?,0.0453859344124794,neutral
2025-04-25,"Mag 7 earnings, PCE data, April jobs report: What to Watch",-0.07525347173213959,neutral
2025-04-26,"Tech Executives Are Starting to Talk Tariffs. What It May Mean for Apple, Amazon Earnings",0.013940736651420593,neutral
2025-04-26,Now Streaming: Analysts boost Netflix targets after Q1 beat,0.9128901120275259,positive
2025-04-26,Trump Administration Pressures Europe to Ditch AI Rulebook,-0.8414888828992844,negative
2025-04-27,"Asian Investors Eye China, Trade in Cautious Open: Markets Wrap",0.06641505286097527,neutral
2025-04-27,Jim Cramer Says Apple Inc. (AAPL) Just ‘Doesn’t Grow As Fast As We’d Like’,-0.12935996055603027,neutral
2025-04-27,Is Apple Inc. (AAPL) the Most Profitable Blue Chip Stock to Buy Now?,0.07162664085626602,neutral
2025-04-28,"Jim Cramer Says Washington Doesn’t ‘Care’ About Apple (AAPL) $500 Billion Investment, Services Jobs",-0.018587715923786163,neutral
2025-04-28,Is Apple Inc. (AAPL) the Best Stock to Buy According to Billionaire Warren Buffett?,0.053066685795784,neutral
2025-04-28,Jim Cramer on Apple Inc. (AAPL): China Risks Create a Chess Game for Investors,-0.1317715011537075,neutral
2025-04-29,Analysts Cautious on Apple (AAPL) as AI Push Fails to Justify Premium Valuation,-0.9266282934695482,negative
2025-04-29,Where the 'Fast Money' traders see the most promise — and problems — over President Trump's next 100 days,-0.735236506909132,negative
2025-04-29,"Alexandria Ocasio-Cortez Asks,'How Much Did Majorie Taylor Greene Make When She Bought The Dip?'",0.015459174290299416,neutral
2025-04-30,US judge rules Apple violated order to reform App Store,-0.8251261208206415,negative
2025-04-30,"Amazon and Apple earnings coverage, Eli Lilly: What to Watch",-0.003179360181093216,neutral
2025-04-30,"Apple Must Halt Non-App Store Sales Commissions, Judge Says",-0.772744950838387,negative
2025-05-01,How Apple stock tends to trade following earnings,-0.013496838510036469,neutral
2025-05-01,Tariffs To Take a Bite Out of Apple's Results,-0.09549121558666229,neutral
2025-05-01,Apple earnings call: Biggest takeaways &amp; comments from Tim Cook,0.03689095005393028,neutral
2025-05-02,Is Apple Inc. (AAPL) the Best NASDAQ Stock to Buy According to Billionaires?,0.049004241824150085,neutral
2025-05-02,"Earnings Remain Resilient, but Outlook Softens",-0.798497661948204,negative
2025-05-02,Why Apple's App Store restrictions won't 'change the game',-0.1236002966761589,neutral
2025-05-03,The Lesson in Buffett’s Winning Apple Bet,0.08811096474528313,neutral
2025-05-03,Warren Buffett Held $72 Billion In Apple Stock — But Still Used A $20 Samsung Flip Phone: 'I Don't Throw Anything Away Until I've Had It 25 Years',-0.01954970881342888,neutral
2025-05-03,Jamie Dimon says Buffett ‘represents everything that is good about American capitalism’ as Tim Cook praises him and successor Abel,0.5176806226372719,positive
2025-05-04,Was Jim Cramer Right About Apple (AAPL)?,-0.06467637419700623,neutral
2025-05-04,Big Tech Earnings Defy Fears of ‘Worst-Case Scenario’ for Stocks,0.12501904368400574,positive
2025-05-04,Here's what CEOs are saying about Trump's tariffs and the economy,0.011266026645898819,neutral
2025-05-05,Apple Inc. (AAPL) Maintains Overweight – Morgan Stanley Highlights “10-Year High Margins” and Services Growth,0.059857457876205444,positive
2025-05-05,"AAPL Q1 Earnings Call: Growth Across Core Products, AI Integration, and Tariff Risks",0.7728833798319101,positive
2025-05-05,Private equity titan Robert Smith: Tech stocks are still the place to be,-0.006969179958105087,neutral
2025-05-06,"Jamf (NASDAQ:JAMF) Posts Better-Than-Expected Sales In Q1, Full-Year Outlook Exceeds Expectations",0.9333609268069267,positive
2025-05-06,"Apple (AAPL) Launches $4.5 Billion Bond Offering to Fund Buybacks, Refinance Debt",0.29881225526332855,neutral
2025-05-06,Apple (AAPL) Appeals Contempt Ruling in Epic App Store Case,-0.6705101877450943,negative
2025-05-07,AppLovin Stock Soars on Strong Earnings,0.9033366795629263,positive
2025-05-07,Was Jim Cramer Right About Apple Inc. (AAPL)?,-0.1393483430147171,neutral
2025-05-07,"Dow Jones Futures: Stocks Rise After Trump Chip Move, Fed's Powell; MercadoLibre, AppLovin Soar Late",0.8360200077295303,positive
2025-05-08,Apple Inc. (AAPL) – AI Innovation Key to Sustained Market Leadership,0.8826896483078599,positive
2025-05-08,Alphabet Inc. (GOOGL): Among Billionaire Quants’ Two Sigma’s 10 Stock Picks with Huge Upside Potential,0.7843195991590619,positive
2025-05-08,"From Apple to GM, Tariffs to Cost Companies Tens of Billions",-0.11118066683411598,neutral
2025-05-09,Apple Building Specialized Chips for Smart Glasses,0.1489280080422759,neutral
2025-05-09,Alphabet Shares Take $138 Billion Blow as Search Warnings Blare,-0.8104035053402185,negative
2025-05-09,Apple Inc. (AAPL): Among Billionaire Bruce Berkowitz’s Stock Picks with Highest Upside Potential,0.7162379380315542,positive
2025-05-10,Wall Street Plays Long Game as Deals Go Private,-0.04410001263022423,neutral
2025-05-10,"Former OpenAI CTO Mira Murati's $2B AI Startup Thinking Machines Lab Sets $50M Investment Minimum, Backed By Andreessen Horowitz And Sequoia Capital",0.37171171698719263,neutral
2025-05-10,Two Prominent Investors Are Bearish on Alphabet Inc. (GOOG) Stock,-0.9233399061486125,negative
2025-05-11,16 Words From Warren Buffett That Should Have Apple Stock Investors Excited,0.14680343493819237,neutral
2025-05-11,Is Apple Inc. (AAPL) the Best Stock to Buy According to Jim Simons’ Renaissance Technologies?,0.06306275725364685,neutral
2025-05-12,Stocks to Watch as the U.S. &amp; China Reach a Trade Deal,0.13390378654003143,neutral
2025-05-12,Apple (AAPL) Reaches $95M Siri Settlement Over Privacy Lawsuit,-0.45784127712249756,negative
2025-05-12,Apple could hike iPhone prices 'independent' of tariff pressure,0.290066534653306,neutral
2025-05-13,Can Apple contain its reliance on China while diversifying?,0.261785295791924,neutral
2025-05-13,Peter Lynch Once Lamented People Are 'Careful' When They Buy A Fridge But Will 'Drop Thousands' On A Stock Tip They Heard On A Bus,-0.885336996987462,negative
2025-05-13,Apple (NasdaqGS:AAPL) Launches US$4.5 Billion Note Sale With Maturities Up To 2035,0.05320411175489426,neutral
2025-05-14,Don’t Expect a Big Payout From Apple’s $95 Million Settlement,0.6004732716828585,positive
2025-05-14,"Take on Apple and Google to boost UK economy, think tank says",0.795893456786871,positive
2025-05-14,Samsung Blindsides Apple With Razor-Thin Galaxy S25 Edge: Here's How Much It Will Cost,-0.009450197219848633,neutral
2025-05-15,"Warren Buffett Stocks: Berkshire Exits Citi, Nu Holdings; Cuts These Names",-0.12425603345036507,neutral
2025-05-15,Why retail traders are jumping back into Nvidia and Apple,0.07603042386472225,neutral
2025-05-15,Joel Greenblatt's Strategic Moves: SPDR S&amp;P 500 ETF Trust Takes Center Stage with 4. ...,0.721472255885601,positive
2025-05-16,"This Artificial Intelligence (AI) Chip Stock Is Making a Big Move, and It Has the Potential to Soar Higher",0.6702913949266076,positive
2025-05-16,"Trump Had A 'Little Problem' With Apple CEO Tim Cook, Says 'I Don't Want You Building In India'",-0.847602441906929,negative
2025-05-16,Apple (AAPL) Faces Trump Pushback Over India Manufacturing Shift,-0.906300887465477,negative
2025-05-17,"Warren Buffett Ditches Bitcoin-Linked Nu Holdings, Adds To Constellation Brands, Domino's Pizza, Pool Corp Stakes",-0.32212464325129986,neutral
2025-05-17,The Best Warren Buffett Stocks to Buy With $500 Right Now,0.061681609600782394,neutral
2025-05-17,"Apple iPhone Production In US 'Not Feasible,' Says Tech Bull After Donald Trump Tells Tim Cook To Stay Out Of India",-0.883142065256834,negative
2025-05-18,Big Tech Breathes Life into Q1 Earnings,0.1448645880445838,neutral
2025-05-18,"Bull Case ""Back on the Table"" for Apple, Microsoft, and Palantir Following Trade Truce, Says Dan Ives",0.23622795939445496,neutral
2025-05-18,"Down 12% This Year, Should You Buy Alphabet Stock?",-0.7142363637685776,negative
2025-05-19,Apple Struggles to Crack AI,-0.09365132451057434,negative
2025-05-19,Alibaba Tumbles as Apple AI Pact Faces Scrutiny,-0.9240271113812923,negative
2025-05-19,Sector Update: Tech Stocks Retreat Late Afternoon,-0.9508368084207177,negative
2025-05-20,‘Fortnite’ returns to Apple App Store after four-year battle,0.5322342123836279,positive
2025-05-20,"Apple Inc (AAPL), Alphabet Inc (GOOG) Have to Prove Themselves, CNBC Reporter Says",0.15753853879868984,neutral
2025-05-20,Apple (AAPL) Sees iPhone Shipments Plunge Amid Tariff Escalation,-0.961608923971653,negative
2025-05-21,"Google is banking on AI agents, smart glasses to defend its search crown",0.14870774652808905,neutral
2025-05-21,"Trump Stages Another Oval Office Ambush, Lecturing Ramaphosa",-0.6351019721478224,negative
2025-05-21,Did a Top Apple Executive Just Give Investors the Ultimate Reason to Dump the Stock?,-0.3474271148443222,neutral
2025-05-22,Trump's $6 Trillion Investment Deals Face Reality Check: Only A Fraction May Reach The Real Economy,0.05847564525902271,neutral
2025-05-22,"Apple WWDC to demonstrate further progress on AI integration, says Goldman Sachs",0.9336462784558535,positive
2025-05-22,Apple Inc. (AAPL) Partners with Emory Healthcare to Power First U.S. Hospital with Its Devices,0.7717874404042959,positive
2025-05-23,Wall Street Declines After Trump's Fresh Tariff Threats; Apple Falls 3%,-0.9391536209732294,negative
2025-05-23,"US Equity Indexes Fall in Week on Treasury Market Jitters, Trump Warnings to EU, Apple",-0.9406685251742601,negative
2025-05-23,"Trump Targets Samsung, Apple Phones With 25% Tariff Threat",0.14247841946780682,neutral
2025-05-24,Investing in Dividend Stocks: The Stability of Warren Buffett's Picks,0.10647139605134726,neutral
2025-05-24,"Ex-Apple Engineers Behind $200M Xnor Deal Launch ElastixAI, Secure $16M To Revolutionize AI Inference Across Devices",0.4073555516079068,neutral
2025-05-24,"Reciprocal tariffs on Apple assembly countries already above 25%, says Goldman",0.8488553455099463,positive
2025-05-25,26.4% of Warren Buffett's $258 Billion Portfolio Is Invested in 2 Leading Artificial Intelligence Stocks,0.0533796064555645,neutral
2025-05-25,"See a big stock rally ahead? Be patient, money manager says",0.08769194036722183,neutral
2025-05-25,Warren Buffett-led Berkshire Hathaway Has 21% of Its $276 Billion Portfolio in 1 Stock That's Up 644% in 9 Years,0.5622146176174283,positive
2025-05-26,Stocks Rise on Trump’s Tariff Delay; Dollar Wavers: Markets Wrap,-0.6848325878381729,negative
2025-05-26,6 charts that capture Nvidia's AI-fueled rise,0.10986075177788734,neutral
2025-05-26,Apple Stock Is On An 8-Day Losing Streak As Trump Trade Fracas Intensifies—Watch These Levels,-0.937493639998138,negative
2025-05-27,Famous Investor Suggests That Apple (AAPL) Is Not a Buy,0.002169456332921982,neutral
2025-05-27,Meta’s Future Lies With Judge as FTC Antitrust Trial Ends,-0.022945834323763847,neutral
2025-05-27,iPhone Tariff Threat Weighs on Apple,-0.8753151819109917,negative
2025-05-28,Apple to Rebrand Its Device Operating Systems to Mark Major Overhaul,0.11431438196450472,neutral
2025-05-28,Apple’s difficult 2025 is Tim Cook’s biggest test yet,0.13740121945738792,neutral
2025-05-28,Trump's Apple Beef Isn't Just About India-Made iPhones — It's Also About Skipped Middle East Trip: Report,0.03407484106719494,neutral
2025-05-29,"Apple Plans OS Rebrand, Its Biggest Ever",0.13996793888509274,neutral
2025-05-29,Jim Cramer on Apple Inc. (AAPL): “They’ll Have the Best AI”,0.326653141528368,neutral
2025-05-29,"Appeals Court Rescues Trump Tariffs On China, Apple And The World; S&amp;P 500 Rises",0.04933483153581619,neutral
2025-05-30,US Smartphone Manufacturing Is a 'Dream': IDC's Popal,0.5225559817627072,positive
2025-05-30,Elon Musk's renewed 'laser focus' on Tesla is his 'redemption arc',0.4543193271383643,neutral
2025-05-30,Apple Rebound Likely as Court Blocks Tariff Sell-Off Catalyst,-0.5547912418842316,negative
2025-05-31,Best Stock to Buy Right Now: Apple vs. Chipotle,0.08769798651337624,neutral
2025-05-31,Judge weighs limits on Google’s search dominance amid AI disruption: WSJ,-0.3092336058616638,neutral
2025-05-31,Google plans to challenge antitrust ruling on search monopoly remedies,-0.7750438153743744,negative
2025-06-01,New Analyst Forecast: $AAPL Given 'Buy' Rating,0.5553667899221182,positive
2025-06-01,Apple Stock: Did President Trump Just Give Investors a Reason to Sell?,-0.03484899550676346,neutral
2025-06-01,Samsung Nears Wide-Ranging Deal With Perplexity for AI Features,0.4408136010169983,positive
2025-06-02,S&amp;P 500's breakout May was largely a result of Mag 7 gains,-0.5805384311825037,negative
2025-06-02,The Magnificent Seven Stocks Staged a Blistering May Rally. What's Next?,-0.38638850301504135,neutral
2025-06-02,Apple Appeals EU's Interoperability Mandate,0.7336301812902093,positive
2025-06-03,Nvidia Overtakes Microsoft as Largest U.S. Company by Market Cap,0.818409139290452,positive
2025-06-03,Nvidia tops Microsoft to reclaim crown of most valuable company,0.835701996460557,positive
2025-06-03,Nvidia on track to reclaim crown as world's most valuable company as $1 trillion rally continues,0.8927081245929003,positive
2025-06-04,Ruling prevents Apple from pausing court order on App Store purchases: report,-0.7449674867093563,negative
2025-06-04,"Apple analyst raises alarm about earnings, revenue growth",-0.9471623385325074,negative
2025-06-04,Apple loses bid to pause app store reform order in Epic Games case,-0.7277161553502083,negative
2025-06-05,"Apple App Store Sales Jump In May, Boosting Outlook For Services Growth",0.9109721258282661,positive
2025-06-05,"Tensions between the US and China have delayed Apple’s AI rollout in China, FT reports",-0.8941362369805574,negative
2025-06-05,Tech giant Foxconn creating 600 jobs with $450M Houston investment,0.3943316265940666,neutral
2025-06-06,Stocks Finish Sharply Higher on a Resilient US Labor Market,0.8442775309085846,positive
2025-06-06,"GameStop earnings, US-China talks, May CPI: What to Watch",-0.0014664679765701294,neutral
2025-06-06,Why Apple is falling behind &amp; how it can pull ahead,0.009890437126159668,neutral
2025-06-07,"Huge News for Alphabet Stock, Microsoft Stock, and Apple Stock Investors",0.0472297016531229,neutral
2025-06-07,"Notable analyst calls this week: Boeing, Apple and Visa among top picks",0.40400709118694067,neutral
2025-06-07,"If I Could Only Buy and Hold a Single Stock, This Would Be It.",0.013166148215532303,neutral
2025-06-08,Pro Drivers Give Brad Pitt's 'F1' Movie The Thumbs Up. Its $300 Million Budget Makes It One Of The Most Expensive Films Ever Made,0.008118167519569397,neutral
2025-06-08,SA Asks: What are the best hardware stocks right now?,0.006617262959480286,neutral
2025-06-08,"Down 21%, Should You Buy the Dip on Apple Stock? The Answer Might Surprise You.",-0.4324670396745205,neutral
2025-06-09,"Apple Should Encourage AI Apps, Portfolio Manager Says",0.4566102512180805,neutral
2025-06-09,"GameStop earnings, small business optimism: What to Watch",-0.0025929994881153107,neutral
2025-06-09,"iOS 26 First Look: Liquid Glass, Visual Intelligence and Other Features",0.016948433592915535,neutral
2025-06-10,Watch These Apple Price Levels After WWDC 2025 Updates Fail to Boost Stock,-0.0695190392434597,neutral
2025-06-10,Steve Jobs Would 'Have Fired Everyone': Apple's Liquid Glass In iOS 26 Gets Roasted Online — Dan Ives Calls WWDC 2025 A 'Yawner',-0.8877789443358779,negative
2025-06-10,"Apple Executives Defend Apple Intelligence, Siri and AI Strategy",-0.10201849788427353,neutral
2025-06-11,"Top Research Reports for Apple, Walt Disney &amp; AMD",0.019348936155438423,neutral
2025-06-11,"Apple (AAPL) Gets Buy Rating Despite AI Letdown at WWDC25, Says Goldman Sachs",0.8710865825414658,positive
2025-06-11,Apple to Open its AI Models to App Developers,0.14636138919740915,neutral
2025-06-12,Silent Giant TSMC Returns to the Peak of its Powers as the AI Boom Continues,0.7148133367300034,positive
2025-06-12,Apple Targets Spring 2026 for Release of Delayed Siri AI Upgrade,0.014678781852126122,neutral
2025-06-12,"Consumer sentiment, Regeneron meeting, Apple WWDC: What to Watch",-0.00690351240336895,neutral
2025-06-13,Stocks Fall and Oil Rallies as Israel Attacks Iran,-0.9299807110801339,negative
2025-06-13,Apple's $4.4B India Play: The Secret iPhone Shift That's Reshaping U.S. Supply Chains,0.17864971607923508,neutral
2025-06-13,Why Apple (AAPL) Dipped More Than Broader Market Today,-0.7341435253620148,negative
2025-06-14,Week in Review: WWDC 2025 recap,-0.019790643826127052,neutral
2025-06-14,Snap Inc.'s SWOT analysis: new ad formats boost stock amid engagement challenges,0.9236313197761774,positive
2025-06-14,Jamf's SWOT analysis: apple device management firm expands amid stock slump,0.8229479268193245,positive
2025-06-15,Guru Fundamental Report for AAPL - Warren Buffett,0.018854210153222084,neutral
2025-06-15,Mounting Israel-Iran Conflict Amps Up Geopolitical Market Risks,-0.5933104008436203,negative
2025-06-15,"Australians Equally Distrust Both Trump and Xi, Survey Finds",0.005826577544212341,neutral
2025-06-16,Apple (AAPL) Gets $235 Price Target from Morgan Stanley After China iPhone Demand Surprises,0.7420870326459408,positive
2025-06-16,Nvidia And Samsung Back $4.5B Robotics Startup Skild AI With $35M As SoftBank And Jeff Bezos Drive Push Into Consumer Robots,0.7062117606401443,positive
2025-06-16,New Buffett-Inspired ETF Holds Berkshire and Apple. It Aims for 15% Yield.,0.058328209444880486,neutral
2025-06-17,The Trump Family Is Betting Big on Mobile Phones. Should Apple Stock Investors Be Worried?,-0.03067745268344879,neutral
2025-06-17,Alibaba and Apple team up on local AI models for China,0.7250478258356452,positive
2025-06-17,"Noteworthy Tuesday Option Activity: APPS, AAPL, LRCX",0.02388893999159336,neutral
2025-06-18,"After Hours Most Active for Jun 18, 2025 :  NVDA, GOOG, AMZN, HPE, AUR, INTC, AAPL, MRK, IPG, PM, SLB, JNJ",0.0010990649461746216,neutral
2025-06-18,Alphabet's SWOT analysis: ai competition and antitrust challenges test google's stock,-0.07776940613985062,neutral
2025-06-18,"Apple eyes using AI to design its chips, technology executive says",0.07910227961838245,neutral
2025-06-19,"Steve Jobs Once Gave A Secretary A Brand New Jaguar Out Of The Blue, Here Is Why The Apple Co-Founder Was So Generous",-0.00858931615948677,neutral
2025-06-19,"The Week in AI: ""All incumbents are gonna get nuked.""",-0.5033760368824005,negative
2025-06-19,Apple Taps AI to Design Next-Gen Chips: Exec Hints at Major Shift,0.37653435952961445,neutral
2025-06-30,What Apple's Budget Mac Could Mean,-0.009423047304153442,neutral
2025-06-30,Technical body of Brazil antitrust regulator recommends ruling against Apple in iOS case,-0.6372394487261772,negative
2025-06-30,LuxUrban Hotels CEO Brian Ferdinand resigns from board and executive role,-0.8107042210176587,negative
2025-07-01,Jefferies upgrades Apple stock to Hold on China recovery,-0.08206793665885925,negative
2025-07-01,Apple in the AI race: Could an external AI model power Siri?,0.06892196740955114,neutral
2025-07-01,"Stock market today: Nasdaq pops, leading Dow and S&amp;P 500 higher amid Vietnam trade deal, weak jobs data",-0.2259310483932495,negative
2025-07-02,Heard on the Street Recap: Worked Over,0.06722020357847214,neutral
2025-07-02,Apple's India Strategy Shaken as China Strikes Back,-0.8511824943125248,negative
2025-07-02,S&amp;P 500 Climbs to a Record High as Chip and Energy Stocks Rally,0.7563877701759338,positive
2025-07-03,"Shareholder Alert: Robbins LLP Informs Investors of the Apple, Inc. Class Action Lawsuit",-0.18054904974997044,neutral
2025-07-03,"Top Research Reports for Apple, Oracle &amp; Goldman Sachs",0.007641464471817017,neutral
2025-07-03,"Veteran fund manager makes bold move on Apple, Marvell",0.5197007432579994,positive
2025-07-04,"Dow Jones Futures Fall, Trump Signs Budget Bill Into Law; Tesla Rival Uber Leads 5 Stocks In Buy Zones",-0.4479633569717407,negative
2025-07-04,Why Netflix Stock Jumped 11% in June,0.8657457958906889,positive
2025-07-04,"Nvidia, Intel, Broadcom, Micron, AMD And Other Chipmakers Stand To Benefit As Trump's Tax Bill Increases Incentives To Make Semiconductors In US",0.9274146929383278,positive
2025-07-05,This $11.5M Startup Backed By Niklas Zennström Wants To Help You Launch A Million-Dollar AI Business From Your Sofa,0.24310849653556943,neutral
2025-07-05,Dow Jones Futures: Trump Tariffs Back In Focus; Tesla Rival Uber Leads 5 Stocks In Buy Zones,0.4882998540997505,positive
2025-07-05,"Secret Super Stocks: If You Invested $1K in These 3 Companies 5 Years Ago, See What You’d Have Today",0.02148900181055069,neutral
2025-07-06,Life360's SWOT analysis: location-sharing app stock poised for growth,0.7341254940256476,positive
2025-07-06,How Xiaomi Succeeded Where Apple Failed,0.11031560972332954,neutral
2025-07-06,"A Millennial Asked, 'Do You Personally Know Any Millennial Millionaires?' Turns Out, They're All Around Us—As It Should Be",0.0009921975433826447,neutral
2025-07-07,"Meta lures Apple’s top AI executive in latest talent coup, Bloomberg reports",0.2730020508170128,neutral
2025-07-07,"Apple's top AI executive Ruoming Pang leaves for Meta, Bloomberg News reports",-0.4696864318102598,neutral
2025-07-07,Meta reportedly recruits Apple’s head of AI models,0.045370690524578094,neutral
2025-07-08,Facebook parent sees price target overhauls after AI poaching hits Apple,-0.9226941224187613,negative
2025-07-08,Rivian spinoff Also raises another $200M to build e-bikes and more,0.7331696562469006,positive
2025-07-08,Apple’s Tim Cook Succession Plan Remains Fuzzy as COO Retires,-0.5208695773035288,negative
2025-07-09,Meta Poached Apple’s Pang With Pay Package Over $200 Million,-0.019834786653518677,neutral
2025-07-09,"Microsoft shares $500M in AI savings internally days after cutting 9,000 jobs",-0.5519217774271965,negative
2025-07-09,"Apple’s AI efforts ‘have struck midnight’ and the only way it can stop getting further behind is acquiring Perplexity, analyst Dan Ives says",-0.4948634207248688,negative
2025-07-10,Nvidia's market value tops $4 trillion,0.07164870761334896,neutral
2025-07-10,Veteran trader and analysts turn heads with new Nvidia stock price targets,-0.17144404351711273,neutral
2025-07-10,These 3 Companies Generate Big Cash,0.19520304445177317,neutral
2025-07-11,Apple Offers as Much as $150 Million for Formula One U.S. Rights,0.4512002067640424,neutral
2025-07-11,Stocks Pressured by Escalation of Trade Tensions,-0.815581202507019,negative
2025-07-11,Why Apple shouldn't replace Tim Cook yet,-0.19067244231700897,neutral
2025-07-12,"Taiwan Semiconductor Manufacturing Company Limited (TSM) Has The Right Approach In Dealing With President Trump, Says Jim Cramer",0.8602962139993906,positive
2025-07-12,'Magnificent 7' check-in: Why these 3 names might not 'belong',-0.04708985984325409,neutral
2025-07-12,A $900 Trillion S&amp;P 500? Reddit Debates The Math Behind 10% Market Growth Rate For Another 30+ Years,0.18055461905896664,neutral
2025-07-13,"ROSEN, TOP RANKED INVESTOR COUNSEL, Encourages Apple Inc. Investors to Secure Counsel Before Important Deadline in Securities Class Action – AAPL",0.24944443348795176,neutral
2025-07-13,Prediction: Taiwan Semiconductor Manufacturing Stock Is the Safest AI Chip Bet,0.3167738523334265,neutral
2025-07-13,'Superman' leaps to $122M to lead weekend box-office haul,0.9119734093546867,positive
2025-07-14,"Bragar Eagel &amp; Squire, P.C. Is Investigating Apple, Sable, Abacus, and Hallador and Encourages Investors to Contact the Firm",0.08077007625252008,neutral
2025-07-14,"Apple (AAPL) $240 PT, Buy — Citi Sees Tariff Boost Now, AI Risks Later",0.9217557739466429,positive
2025-07-14,Apple (AAPL) Stock Slides as Market Rises: Facts to Know Before You Trade,-0.09229954332113266,neutral
2025-07-15,Nasdaq ends at another record high on Nvidia's China chip cheer,0.648432694375515,positive
2025-07-15,"Trump Says Drug Tariffs Probable by Aug. 1, Downplays More Deals",-0.28875498473644257,neutral
2025-07-15,Stocks Fade as Expectations are Trimmed for Fed Rate Cut in September,-0.921803668141365,negative
2025-07-16,MP Materials commences $500 million public offering of common stock,0.04710700083523989,neutral
2025-07-16,"TSMC quarterly profit hits record, handily beats market forecast",0.8978483565151691,positive
2025-07-16,"TSMC quarterly profit seen hitting record but Trump tariffs, forex a concern",0.08001810312271118,positive
2025-07-17,Meta Hires Two Key Apple AI Experts After Poaching Their Boss,-0.49131301045417786,negative
2025-07-17,Spotify's SWOT analysis: streaming giant's stock faces growth challenges,0.79129608720541,positive
2025-07-17,"APPLE INVESTIGATION ALERT: Bragar Eagel &amp; Squire, P.C. Continues Investigation on Behalf of Apple Inc. Investors",-0.005719238892197609,neutral
2025-07-18,"Top Stock Reports for Apple, JPMorgan Chase &amp; Visa",0.017320428043603897,neutral
2025-07-18,Should You Sell Apple's Stock Before July 31?,-0.008618965744972229,neutral
2025-07-18,Perplexity in talks with phone makers to pre-install Comet AI mobile browser on devices,-0.3689720779657364,negative
2025-07-19,'Zuck Reached Out And We Chatted': Meta Lures Seattle AI Founder With $100M-Plus Offer To Join Its Superintelligence Dream Team,0.5513317761942744,positive
2025-07-19,MP Materials (MP) Soars 40% on Multi-Billio Dollar Deals,0.8940362632274628,positive
2025-07-19,"If You Buy Apple With $10,000 in 2025, Will You Become a Millionaire in 10 Years?",0.035016968846321106,neutral
2025-07-20,The stock market is being led by a new group of winners,0.09046073257923126,neutral
2025-07-20,Tech titans drift apart as AI winners emerge from the pack: WSJ,-0.07468365132808685,neutral
2025-07-20,‘Superman’ soars again at box office as ‘Jurassic World' stays strong,0.8781114965677261,positive
2025-08-20,Ascentage Pharma Reports 2025 Interim Unaudited Six Months Financial Results and Business Updates,-0.06291470862925053,neutral
2025-08-20,"Stock market today: Dow, S&amp;P 500, Nasdaq futures pause in wait for Walmart earnings, Jackson Hole kickoff",-0.12010206282138824,neutral
2025-08-20,"Stock market today: Dow, S&amp;P 500, Nasdaq retreat as Wall Street eyes Walmart earnings, Jackson Hole kickoff",-0.696969423443079,negative
2025-09-05,"Office Worker Eats Same $1.25 Lunch Daily—One Egg, Rice, Half An Avocado—Says It Saves $2,500 A Year While Coworkers Splurge On Pizza And Donuts",-0.14397011324763298,neutral
2025-09-05,Stocks Fade on Economic Concerns after Weak US Unemployment Report,-0.8672490976750851,negative
2025-09-05,MNTN CEO on Apple Plans AI Search Tool for Siri,0.020210301503539085,neutral
2025-09-06,MP Materials (MP) Announces US$275 Million Revolving Credit Facility With JPMorgan Chase,0.6954070506617427,positive
2025-09-06,Bulls vs. Bears: Can Apple stock regain momentum after Google’s court win,0.7151191681623459,positive
2025-09-06,"Dow Jones Futures: AI Stocks Diverge As AppLovin, Robinhood Jump; Apple iPhone Event Due",-0.33417072147130966,neutral
2025-09-07,"Job-Hopping Has Long Been The Path To Higher Pay. For The First Time Since 2010, Staying Put Is Doing Better",0.7408609725534916,positive
2025-09-07,"Dow Jones Futures Rise, AppLovin And Robinhood Set To Jump; Apple iPhone Event Due",0.427992083132267,positive
2025-09-07,This Artificial Intelligence (AI) Stock Is Gaining Momentum Fast,0.70910710003227,positive
2025-09-08,"Stock market today: Dow, S&amp;P 500, Nasdaq drift higher as Wall Street weighs Fed's next move",0.1644153594970703,positive
2025-09-08,"Stock market today: Dow, S&amp;P 500, Nasdaq futures edge up as Wall Street weighs Fed's next move",0.755082868039608,positive
2025-09-08,"Stock market today: Dow, S&amp;P 500, Nasdaq eye gains as Wall Street weighs Fed's next move",0.27928878366947174,positive
2025-09-09,"Oracle Misses in Q3, Gains +22% - Plus Jobs Revisions &amp; More",-0.3773914575576782,negative
2025-09-09,Apple launches 'game changer' iPhone Air for $999,0.279772961512208,neutral
2025-09-09,"MicroStrategy’s $71B treasury tops Apple, Tesla as stock slides 26%",-0.8420046791434288,negative
2025-09-10,Stocks Supported as Easing Price Pressures Reinforce Fed Rate Cut Hopes,0.04389902949333191,positive
2025-09-10,Altimetry’s Breakout 2025 Event Introduces New Stock Analysis Tool (by TradeInvestNow.com),0.09672973398119211,neutral
2025-09-10,Why Apple Stock Sank Today,-0.5002993047237396,negative
2025-09-11,Alibaba Has AI Written All Over It: Here’s Why Buying BABA Stock Makes Sense,0.007077708840370178,neutral
2025-09-11,Why Broadcom Could Be the Next Mega-Cap Monster Stock,-0.31263116002082825,neutral
2025-09-11,Apple’s latest iPhone security feature just made life more difficult for spyware makers,-0.20778463780879974,neutral
2025-09-12,Apple Delays IPhone Air Launch In China Amid ESIM Regulatory Hurdle,-0.918731439858675,negative
2025-09-12,Foundations Shored Up Endowments in 2024. Nonprofits Need the Funding.,0.15233719628304243,neutral
2025-09-12,The Formula Wealthy Drivers Use Before Pulling The Trigger On A Dream Car,-0.03210141696035862,neutral
2025-09-13,IRS Extends EV Tax Credit Window: Can You Still Qualify Before Sept. 30?,0.028407227247953415,neutral
2025-09-13,"Apple's New Products May Help the Stock, but Services Matter Most Heading Into Fiscal 2026",0.2863527089357376,neutral
2025-09-13,How SpinLaunch's Revolutionary Centrifuge Could Slash Launch Costs And Upend The Space Industry,0.24668847024440765,neutral
2025-09-14,This Is What It Costs to Protect Tesla CEO Elon Musk,-0.018261637538671494,neutral
2025-09-14,Jim Cramer Says He’s Already Ordered His Apple (AAPL) iPhone,0.07674425188452005,neutral
2025-09-14,2 Warren Buffett Stocks to Hold Forever,-0.21847261488437653,neutral
2025-09-15,Stocks Rally as Bond Yields Fall Before FOMC Meeting,-0.8627601712942123,negative
2025-09-15,Berkshire Could See $3 Billion Hit to Interest Income If Fed Slashes Rates in Next Year,-0.9396866913884878,negative
2025-09-15,"Kevin O'Leary Says His $12.9M Trading Card Belongs With Fine Art. To Him, It's 'No Different' From Warhol And Pollock",0.03816835582256317,neutral
2025-09-16,"Buy, Hold, or Take Profits in Alphabet Stock Near All-Time Highs?",-0.03570921719074249,neutral
2025-09-16,Why Apple Stock Inched Higher on Tuesday,0.8326969183981419,positive
2025-09-16,Meta Connect 2025: What to expect and how to watch,0.011839590966701508,neutral
2025-09-17,"Stock market today: Nasdaq futures jump to lead Dow, S&amp;P 500 higher after Fed signals more cuts",0.8392205722630024,positive
2025-09-17,"Stock market today: Nasdaq leads jump in Dow, S&amp;P 500 futures after Fed signals more rate cuts ahead",0.5156704485416412,positive
2025-09-17,"Stock market today: Nasdaq, Dow, S&amp;P 500 futures jump after Fed signals more cuts, Nvidia bets on Intel",0.26037663221359253,positive
2025-09-18,"Stock market today: Dow, S&amp;P 500, Nasdaq rise after Trump and Xi hold call on trade",0.6291699185967445,positive
2025-09-18,Dell Technologies (DELL) Touted as Long-Term AI Winner With Earnings Upside,0.8544209264218807,positive
2025-09-18,Is Apple Quietly Preparing Its Biggest iPhone Shift Yet?,-0.36040709540247917,neutral
2025-09-19,Equities Hit New Highs as Wall Street Posts Weekly Gains,0.49601806700229645,positive
2025-09-19,"S&amp;P 500 Gains and Losses Today: Paramount Surges Amid Deal Buzz, Apple Rises as iPhone 17 Goes on Sale",0.28998062014579773,positive
2025-09-19,Stock Indexes Rally to New Record Highs on Fed Rate Cut Optimism,0.03621026873588562,positive
2025-09-20,42-Year-Old With $20M Says Dave Ramsey Works For 'Risk-Averse' Workers Aiming For $1M at 65 But Calls His Strategies 'Terrible Mathematically',-0.7105033881962299,negative
2025-09-20,"Her Husband Racked Up Credit Card Debt In Their Children's Names And Wanted Her To Absolve Him. Dave Ramsey Said, 'Your Husband Is Scum'",-0.7226517628878355,negative
2025-09-20,"Elon Musk Says We'll All Have 'Best' Medical Care, Food, Housing and 'Everything Else' And A Universal 'High' Income When Robots Take Over By 2030",0.6986611867323518,positive
2025-09-30,United Talent Agency Names Judy Schwab Chief People Officer,-0.012782454490661621,neutral
2025-09-30,US Labor Board Withdraws Claims Against Apple Inc. (AAPL)’s CEO: Report,-0.9065657528117299,negative
2025-09-30,Buffett’s Berkshire Nears Deal to Buy OxyChem for $10 Billion,0.2000991255044937,neutral
2025-10-01,Apple shelves Vision Pro revamp in pursuit of AI glasses to rival Meta - Bloomberg,0.466270606033504,neutral
2025-10-01,"Apple halts Vision Pro overhaul to focus on AI glasses, Bloomberg News reports",-0.5869488026946783,negative
2025-10-01,Apple tables Vision Pro sequel to pursue smart glasses: report,0.10522680450230837,neutral
2025-10-02,Sector Update: Tech Stocks Gain Late Afternoon,0.45077137649059296,positive
2025-10-02,Stocks Settle Higher as Chip Makers and AI Infrastructure Stocks Rally,0.7476357817649841,positive
2025-10-02,The $9 Million Problem: How AI-Generated 'Workslop' Is Costing Companies,-0.4950881861150265,negative
2025-10-03,"These Stocks Moved the Most Today: Tesla, Applied Materials, Apple, Plug Power, Wynn Resorts, Rumble, and More",0.06618048995733261,neutral
2025-10-03,"Stocks to Watch Recap: Apple, Applied Materials, Chevron, Broadcom",0.02070028707385063,neutral
2025-10-03,An Interview With Motley Fool Co-Founder and Author David Gardner,0.012205557897686958,neutral
2025-10-04,"If You Invested $10,000 in Apple Stock 10 Years Ago, Here's How Much You'd Have Today",0.023632915690541267,neutral
2025-10-04,OpenAI seeks to monetize Sora and hand more controls to rights holders,0.22042409144341946,neutral
2025-10-04,Althera42: The New Fund Bringing the Music Royalties Model to Tech Investments,0.2059307168237865,neutral
2025-10-05,Why Is MP Materials Stock Sliding Right Now?,-0.8247665166854858,negative
2025-10-05,UK class action against tech giant Qualcomm set to begin,-0.5350327491760254,negative
2025-10-05,Apple Gears Up for Executive Shake-Up — Here's Who's in the Succession Spotlight,0.014520695433020592,neutral
2025-10-06,"New England Research Dumps 5,293 Goldman Sachs Shares for $3.9 Million",-0.8805511156097054,negative
2025-10-06,"Parent Says 'Feels Insane Wages Barely Moved In 20 Years While Costs Exploded' As Teen Makes $9 An Hour, Basically Just To Cover Gas And Iced Lattes",-0.1837988644838333,neutral
2025-10-06,Google's Play Store shake-up looms after Supreme Court refuses to delay overhaul of the monopoly,-0.9210681589320302,negative
2025-10-07,Apple's Headset Strategy and Tesla's EV Sales Windfall,0.11621979996562004,neutral
2025-10-07,"Dave Ramsey Rips Into A Major Insurance Company For Not Paying A Family's Claim After A Storm, But He Didn't Spare The Caller Either",-0.7949492726475,negative
2025-10-07,Android Game Developers in the US Can Now Retain up to 95% of Revenue Starting October 22 With Xsolla Buy Button,0.40430503943935037,neutral
2025-10-08,Congresswoman Violates STOCK Act With Late Trade Disclosures: Purchases Include Bitcoin ETF,-0.5977259464561939,negative
2025-10-08,"Stock market today: Dow, S&amp;P 500, Nasdaq futures regroup after record-setting rally",0.4167582616209984,positive
2025-10-08,Stocks Power Higher on AI Optimism,0.27055883407592773,positive
2025-10-09,Apple (AAPL) Declines More Than Market: Some Information for Investors,-0.2205011397600174,neutral
2025-10-09,Apple's First Foldable IPhone May Feature A Titanium-Aluminum Hybrid Frame,0.11699050664901733,neutral
2025-10-09,UK cities where buying with a 5% deposit can be cheaper than renting,0.16203857120126486,neutral
2025-10-10,"Intel's 50% Rebound: Trump, Nvidia, and Apple Just Flipped the Script",0.17464466951787472,neutral
2025-10-10,Company Executive and Individual Insider Pages,-0.036666231229901314,neutral
2025-10-10,Stocks Fall Sharply on China Trade Tensions,-0.9467111183330417,negative
2025-10-11,Mark Cuban Shares His Top Strategies for Protecting Wealth After Hitting Millionaire Status,0.19228797405958176,neutral
2025-10-11,A Case Study in 'Controlled Demolition' Of Low Performers? How This Manager Sneakily Purified A Team Of 'Toxic' Employees,-0.08569490537047386,neutral
2025-10-11,Where Is MP Materials Headed After Stunning 378% Rally and Apple Partnership News?,-0.006402440369129181,neutral
2025-10-12,"This 2007 Throwback Could Earn You $50,000, Check Your Junk Drawer Now",-0.009327545762062073,neutral
2025-10-12,"Warren Buffett's Key Money Tip For Every Middle Class: 'Pay Yourself, Do Not Save What Is Left After Spending, But Spend What Is Left After Saving'",0.007771894335746765,neutral
2025-10-12,Prediction: These Will Be Wall Street's 2 Most Prominent Stock-Split Stocks of 2026,0.03710141032934189,neutral
2025-10-13,"Stock market today: S&amp;P 500 and Dow rise, Nasdaq slides as US-China tensions simmer, big banks report",-0.921043211594224,negative
2025-10-13,"Stock market today: S&amp;P 500 and Dow turn higher, Nasdaq dips with Fed's Powell, China tariff tensions in focus",-0.9263528753072023,negative
2025-10-13,"Stock market today: S&amp;P 500, Nasdaq slide as US-China tensions simmer; Dow steadies as big banks report",-0.9464375730603933,negative
2025-10-14,"Intel Stock Slides Amid Some Worries It's Climbed 'Too Far, Too Fast'",-0.9032424576580524,negative
2025-10-14,"Stock market today: Dow, S&amp;P 500, Nasdaq slip amid strong bank earnings, rate-cut hopes",-0.9179660156369209,negative
2025-10-14,"Stock market today: Dow, S&amp;P 500, Nasdaq climb amid strong bank earnings, rate-cut hopes",0.8623817190527916,positive
2025-10-15,"Stock market today: Dow, S&amp;P 500, Nasdaq futures rise as TSMC's stellar earnings eclipse trade-war jitters",0.86351503059268,positive
2025-10-15,United sees demand 'strengthening' as profits edge lower,0.9358981680124998,positive
2025-10-15,TSMC Q3 profit expected to set record on AI spending boom,0.8700777478516102,positive
2025-10-16,Apple reportedly loses another exec. to Meta: What to know,-0.21227381750941277,neutral
2025-10-16,"Earnings live: TSMC profit surges, CSX and Interactive Brokers Q3 results beat estimates",0.8061010092496872,positive
2025-10-16,ELD Asset Management: Apple in Talks to Buy Prompt AI,0.05510716699063778,neutral
2025-10-17,Stocks Settle Higher as Bank Worries and Trade Tensions Recede,0.09754276275634766,positive
2025-10-17,Apple's iPhone Air Sells Out in Minutes Across China,0.05009588599205017,neutral
2025-10-17,The market is being driven by a rotating group of 4 main forces. Here's what's next for investors.,0.00998096726834774,neutral
2025-10-18,YouTube Celebrity MrBeast Dives Deeper Into Crypto With New Trademark Filing,-0.31264688447117805,neutral
2025-10-18,"Analyst Sees Apple as ‘Eventual Winner on AI at the Edge,’ Keeps $270 Target",0.16547299921512604,neutral
2025-10-18,Billionaire Steven Cohen Sold 100% of Point72's Stake in SoundHound AI and Is Piling Into This Supercharged Stock-Split Stock,0.02768473420292139,neutral
2025-10-19,Prediction: 2 Stocks That Will Be Worth More Than Palantir 5 Years From Now,0.2954058423638344,neutral
2025-10-19,Large Wealth Advisor Trims Exposure to Red-Hot Digital Advertising Stock,0.4149974212050438,positive
2025-10-19,"Meet the Only Vanguard ETF That Has Turned $10,000 Into $82,000 Since 2015",0.22569738514721394,neutral
2025-10-20,"Dow Jones Futures: Apple, Google, Netflix, Tesla Make Bullish Moves, But Oracle Dives",-0.8541344255208969,negative
2025-10-20,"Stock market today: Dow, S&amp;P 500, Nasdaq futures stall as investors eye earnings ahead",-0.8376429602503777,negative
2025-10-20,"Stock market today: Dow, S&amp;P 500, Nasdaq futures little changed as investors eye earnings ahead",0.037722885608673096,neutral
2025-10-21,Apple’s M5 Vision Pro Is Made in Vietnam in Latest China Shift,0.05234150402247906,neutral
2025-10-21,This Florida Fund Is Betting $21 Million on Vertiv as AI Data Center Growth Accelerates,0.6140655875205994,positive
2025-10-21,Why the AI boom might not be like the dot-com bubble,-0.0669856108725071,neutral
2025-11-03,Why AI Won't Create a New Batch of Tech Giants -- It Will Cement the Old Ones,0.11140887811779976,neutral
2025-11-03,Investing the Buffett Way: Lessons for Today's Investors,0.10582390427589417,neutral
2025-11-03,"A Dave Ramsey Caller Is Losing His High-Paying Job In December, Yet He's In A Position Most People Dream Of. 'This Is Just An Inconvenience'",-0.9354388061910868,negative
2025-11-04,"Berkshire May Have Sold Apple, Bank of America Stock in Third Quarter",-0.006465183570981026,neutral
2025-11-04,Skyworks forecasts upbeat quarterly results on robust mobile chip demand,0.9322865381836891,positive
2025-11-04,Wall St ends lower as bank CEOs warn of possible pullback,-0.8929067105054855,negative
2025-11-05,Qualcomm Stock Slides After Earnings Beat,-0.9314559362828732,negative
2025-11-05,US economic resilience lifts spirits,0.896828580647707,positive
2025-11-05,"Arm earnings: AI pivot could double annual sales, analyst says",0.891603272408247,positive
2025-11-06,Apple could make $133 billion a year on humanoid robots by 2040: Morgan Stanley,0.11265497747808695,neutral
2025-11-06,"Meta estimates that it earns 10% of its revenue from scams, report says",0.03533835802227259,neutral
2025-11-06,"Earnings live: Airbnb stock jumps, Opendoor pitches turnaround plan, Duolingo stock nosedives",0.22965088486671448,positive
2025-11-07,"Dow stages a late-day recovery, closes higher",-0.5609506070613861,negative
2025-11-07,Pace Morby Shares How He Bought A $5M RV Park With No Cash And Nets $20K Per Month: 'The Market Of RV Parks Is Going To Triple Over The Next 10 Years',0.20502572134137154,neutral
2025-11-07,"Stock market today: Dow, S&amp;P 500, Nasdaq end volatile week lower amid worst tech sell-off since April",-0.952864671126008,negative
2025-11-08,The 1 Number That Shows Why Alphabet Is a Buy Today,0.06801354140043259,neutral
2025-11-08,1 Surprising Way Taiwan Semiconductor Manufacturing (TSMC) Makes Money,0.13663844671100378,neutral
2025-11-08,Warren Buffett Sends a $382 Billion Warning to Wall Street. Are You Paying Attention?,-0.022799912840127945,neutral
2025-11-09,Is This the Best Stock to Own for the Next Decade of AI Expansion?,0.14011519867926836,neutral
2025-11-09,This Millennial Sold His Startup for $532 Million — Now He's Back To Work Out of Boredom,0.03851372189819813,neutral
2025-11-09,"Dave Ramsey Caller Says He's Paying $800 A Month In Interest On A $60,000 RV Loan At 18% For 15 Years. 'Wow. Why'd You Do That?'",0.03736932389438152,neutral
2025-11-10,Stocks Finish Sharply Higher on Plans to Reopen the US Government,0.7292160019278526,positive
2025-11-10,Goldman Sachs Says AI Boom Will Supercharge Energy Demand,0.708634227514267,positive
2025-11-10,Suze Orman Says 'Everyone Should Absolutely' Own Bitcoin But Adds One Catch… 'You Gotta Be OK With Losing That Money' In Case She's Wrong,-0.18109307438135147,neutral
2025-11-11,Michael Burry's latest argument against hyperscalers like Meta and Oracle echoes one made by an investor who shorted Enron,-0.1632395200431347,neutral
2025-11-11,"Not a 'Zombie Company': Scale AI's CFO Says People 'Mischaracterize' Deal That Sparked Founder Joining Meta, Boasts Misunderstood Trajectory",-0.7640075059607625,negative
2025-11-11,Dave Ramsey Tells Gen Z To Push Back Against The Establishment By Picking Up A Trade Instead Of An 'Overpriced And Leveraged' Degree,0.11900841258466244,neutral
2025-11-12,Stocks Settle Mostly Higher as Government Poised to Reopen,0.055701762437820435,positive
2025-11-12,Apple Rolls Out Digital ID Feature Using U.S. Passport Data In Apple Wallet,0.09486790094524622,neutral
2025-11-12,4 Reasons to Roll Your Covered Call Option and Keep Your Income Strategy Alive,0.08306385856121778,neutral
2025-11-13,"Stock market today: Dow slides, Nasdaq recovers amid growing doubts on Fed rate-cut path",-0.5400454998016357,negative
2025-11-13,"Stock market today: Dow leads S&amp;P 500, Nasdaq lower, deepening bruising sell-off as rate-cut doubts creep in",-0.9488007612526417,negative
2025-11-13,"Stock market today: Dow slides, Nasdaq pares losses as Fed rate-cut doubts creep in",-0.9365070052444935,negative
2025-11-14,Berkshire Hathaway Bought Alphabet Shares Worth $4.3 Billion. Here’s What It Sold in the Third Quarter.,0.005306743085384369,neutral
2025-11-14,Berkshire Hathaway Discloses Rare Tech Investment With $4 Billion Google Stake,0.06664847582578659,neutral
2025-11-14,Stocks Settle Mixed as Fed Comments Suggest a Rate Cut Pause,-0.4671093374490738,negative
2025-11-15,3 Investing Lessons From Warren Buffett's November Letter to Berkshire Hathaway Shareholders,0.035180896520614624,neutral
2025-11-15,"A Single Father Owes $140,000 In Credit Cards With Rates Up To 32%. Dave Ramsey Host Asks, 'Can You Take Your Kid With You To Do DoorDash?'",0.010170657187700272,neutral
2025-11-15,Apple Just Hit a $4 Trillion Milestone: Do Experts Think It’s Time To Buy?,0.12421092763543129,neutral
2025-11-16,The Vanguard Dividend Appreciation Index Fund ETF (VIG) Delivers Stronger Growth Than the iShares Core High Dividend ETF (HDV),0.9402900449931622,positive
2025-11-16,Apple Hits $4T: Is the Tech Giant Still a Buy After Slowing Growth?,-0.12195730209350586,neutral
2025-11-16,Could Buying Tesla Stock Today Set You Up for Life?,0.06982301361858845,neutral
2025-11-17,"He Focused On His 401(k) While She Spent Her Paychecks. Now She's Asking For Half And Dave Ramsey Says, 'I've Been There, It's No Fun'",-0.1670195609331131,neutral
2025-11-17,Stocks Fall Ahead of Nvidia Earnings and US Economic Data,-0.8419687338173389,negative
2025-11-17,Warren Buffett's Berkshire Hathaway Just Bought Google Stock. Should You?,-0.007555721327662468,neutral
2025-11-18,Netflix Stock Price Lowers After 10-for-1 Split: Hold or Fold Now? (revised),-0.145395215600729,neutral
2025-11-18,Stocks Retreat on Tech Weakness,-0.8965925052762032,negative
2025-11-18,"Apple Watch May Not See A Major Redesign Until 2028, Speculation Says",-0.0069181956350803375,neutral
2025-11-19,"Everyone's Bullish, Cash Is Gone—What Happens If The Fed Doesn't Cut?",-0.6947669982910156,negative
2025-11-19,4 tips for investors looking to protect themselves from bursting bubbles in AI and credit,0.07926188968122005,neutral
2025-11-19,Two Paths to the Total US Market: Vanguard’s Total Stock Market ETF vs. iShares’ Core S&amp;P Total US Stock Market ETF,0.08182122372090816,neutral
2025-11-20,"Foxconn to spend up to $3 billion a year on AI, chair sees China EV shakeout",0.8885272201150656,positive
2025-11-20,Peter Thiel Dumps NVIDIA and Slashes Tesla Stake—Is the AI Bubble About to Pop?,-0.7034415379166603,negative
2025-11-20,Stocks Reverse Sharply Lower as Tech Stocks Get Crushed,-0.9192321617156267,negative
2025-11-21,"Heard on the Street Recap: Stocks Gain, Bitcoin Pain",0.5881294310092926,positive
2025-11-21,A Caller Asks About Student Loan Forgiveness After 19 Years Of Payments. Dave Ramsey Doesn't Let It Slide—Not While He's Earning $90K A Year,-0.2265196442604065,neutral
2025-11-21,Why GoDaddy (GDDY) Stock Is Up Today,0.23582426458597183,neutral
2025-11-22,The Hits Keep on Coming for Tesla Investors,0.13313288986682892,neutral
2025-11-22,Goldman's 20 S&amp;P 500 stocks with least concentrated hedge fund ownership ranked by SA Quant,0.020862465724349022,neutral
2025-11-22,Billionaire Warren Buffett Owns 6 Dow Jones Stocks. Here's My Top Buy for 2026.,0.04163670353591442,neutral
2025-11-23,Her Retirement Advisor Told Her To Save Less For The Future And Enjoy Life More. Should She Listen To This Advice?,0.003665551543235779,neutral
2025-11-23,Prediction: These 2 AI Stocks Will Be Worth More Than Apple by Year-End 2026,0.400957933627069,neutral
2025-11-23,"Dow Jones Futures, Bitcoin Rise; Nvidia, Apple, Eli Lilly In Focus",0.2562251538038254,neutral
2025-11-24,Stocks Finish Sharply Higher as Tech Stocks Soar,0.7955463528633118,positive
2025-11-24,"Dow Jones Futures: What To Do As Stock Market Roars To Key Level; Tesla, Palantir, Broadcom Jump",0.07961953151971102,neutral
2025-11-24,"Stock Market Roars To Key Level As Tesla, Palantir, Broadcom Jump; What To Do Now",0.11122563853859901,neutral
2025-11-25,Wedbush’s Ives lists top 10 tech stocks to own into year-end,0.08784953132271767,neutral
2025-11-25,Finance experts answer your pre-budget questions,0.009011674672365189,neutral
2025-11-25,"As Alphabet nears $4T, here are top 10 information technology stocks by marketcap",-0.01844845712184906,neutral
