Date,Close,High,Low,Open,Volume,returns,sma_5,sma_20,rsi,volume_z,USD_KRW,NASDAQ,VIX,sentiment_mean,sentiment_vol
2021-12-23,172.65806579589844,173.2163614776015,171.66882311821325,172.23690795484498,68356600,0.003643971972912441,169.60216064453124,166.7881866455078,66.1088948188667,0.06904962191450062,1187.77001953125,15653.3701171875,17.959999084472656,0.012683132786523258,0.008051642861420176
2021-12-27,176.62484741210938,176.71299463822913,173.43183445537653,173.4514127643316,74919600,0.022974783123657305,171.40239868164062,167.94002532958984,66.53442460802144,0.296771854247346,1185.9200439453125,15871.259765625,17.68000030517578,0.013979184794464658,0.00973478249256474
2021-12-28,175.606201171875,177.6042945644057,174.86182193569553,176.45833582983963,79144300,-0.0057672873050393925,173.27118835449218,168.87295455932616,59.99505598308256,0.44336001742524817,1185.6500244140625,15781.7197265625,17.540000915527344,0.006950489263843451,0.014653547201222614
2021-12-29,175.69435119628906,176.91866791508298,174.4798236309474,175.6453755384828,62348900,0.0005019755784581026,174.52293090820314,169.56248931884767,55.84873263048876,-0.13940487377131916,1187.8499755859375,15766.2197265625,16.950000762939453,0.005903157132358672,0.01511311433046434
2021-12-30,174.5386199951172,176.85993507638065,174.4308795065752,175.7825301909609,59773000,-0.006578078312151736,175.0244171142578,170.22019424438477,54.86371791739167,-0.22878316087571904,1183.6700439453125,15741.5595703125,17.329999923706055,-0.003947796679577675,0.003874880691788009
2021-12-31,173.92153930664062,175.54742051646397,173.61789621276182,174.43084429030958,64062300,-0.0035354965479492684,175.27711181640626,170.8965057373047,47.16522054294057,-0.07995351419809087,1189.8900146484375,15644.9697265625,17.219999313354492,-0.0032038664272143005,0.003551658017914766
2022-01-03,178.27032470703125,179.12245940789794,174.05868664745196,174.17621628400974,104487900,0.025004294567122498,175.60620727539063,171.884285736084,59.2504882532999,1.322729386212495,1187.780029296875,15832.7998046875,16.600000381469727,0.004963573235673831,0.01742231929341068
2022-01-04,176.00779724121094,179.1812320747434,175.43971239750775,178.8776038701533,99310400,-0.012691554074064415,175.6865264892578,172.58851013183593,57.71777401594675,1.1430810763079837,1194.6800537109375,15622.7197265625,16.90999984741211,0.0029257479817029384,0.01966100231038052
2022-01-05,171.3260040283203,176.46813489136744,171.05175824457976,175.9196433238863,94537600,-0.026599919357404578,174.81285705566407,172.77166900634765,43.67051438374805,0.977475001269403,1196.5,15100.169921875,19.729999542236328,-0.004762392954782165,0.026700232596996994
2022-01-06,168.46600341796875,171.69820298422886,168.11339955718992,169.15161788468467,96904000,-0.016693324674045384,173.59833374023438,172.62083435058594,49.573499158757734,1.0595840810488402,1199.25,15080.8603515625,19.610000610351562,-0.018661599368504794,0.007160044355193719
2022-01-07,168.63247680664062,170.56200104833394,167.51590061636946,169.33768439473522,86709100,0.0009881720067808075,172.54052124023437,172.50378875732423,51.74393831988731,0.705842592947343,1205.780029296875,14935.900390625,18.760000228881836,-0.014101690674889719,0.013975447090123588
2022-01-10,168.65211486816406,168.95574308768624,164.71470727935647,165.6060136268591,106765600,0.00011645480096911243,170.61687927246095,172.14824829101562,54.33234904084389,1.4017607634156828,1196.8800048828125,14942.830078125,19.399999618530273,-0.0051962326220984885,0.009966309094139699
2022-01-11,171.48269653320312,171.58063290230876,167.3102305884416,168.77941063247667,76138300,0.016783552742589247,169.71185913085938,172.11592559814454,53.75761195510417,0.339058169125304,1198.0899658203125,15153.4501953125,18.40999984741211,0.005962726516779722,0.009381241009514782
2022-01-12,171.9234619140625,173.53955411934612,171.22805833783443,172.50133585944042,74805200,0.0025703198618294287,169.83135070800782,172.1746940612793,49.78523817341315,0.29280241597538537,1189.4300537109375,15188.3896484375,17.6200008392334,0.006490109135129263,0.00899842205107075
2022-01-13,168.65211486816406,172.99108706764017,168.26032446775187,172.16834964468802,84505800,-0.019027926784848326,169.8685729980469,171.82649993896484,42.776400616156785,0.6293927385364093,1185.8800048828125,14806.8095703125,20.309999465942383,0.00010864860652345006,0.018032204122428275
2022-01-14,169.5140380859375,170.20944175765135,167.57470923898,167.81957263372232,80440800,0.005110657630633453,170.04488525390624,171.86616973876954,35.56087564819366,0.4883458279112353,1186.6099853515625,14893.75,19.190000534057617,-0.0037823164307951482,0.013264041815962906
2022-01-18,166.31117248535156,168.99486494876345,165.92918629810023,167.986029250503,90956700,-0.018894397400657792,169.57669677734376,171.800545501709,32.6634685671351,0.8532253377373772,1190.06005859375,14506.900390625,22.790000915527344,-0.010937222184957554,0.013898031963405819
2022-01-19,162.81454467773438,167.56489994287205,162.53050974989438,166.50708841129685,94815000,-0.021024611608249977,167.84306640625,171.62816009521484,28.687194604397035,0.9871001951211676,1192.97998046875,14340.259765625,23.850000381469727,-0.011602783792758106,0.014513400576791496
2022-01-20,161.12986755371094,166.19363965286126,160.8066461501134,163.54911855874857,91420500,-0.010347215154260292,165.6843475341797,171.21287155151367,28.193653380156064,0.8693182177245741,1188.1600341796875,14154.01953125,25.59000015258789,-0.016755408054389354,0.005650942870575174
2022-01-21,159.07302856445312,162.9124840575923,158.96528809380473,161.0417244969125,122848900,-0.012765100725799283,163.7685302734375,170.56496353149413,26.932437771898194,1.959817289284775,1192.4300537109375,13768.919921875,28.850000381469727,-0.014712309162769851,0.005598697552259278
2022-01-24,158.2992706298828,158.96530678454897,151.52145417153005,156.73215398969816,162294600,-0.004864167996001867,161.52557678222655,169.84702377319337,15.097543350194158,3.3284997302312505,1191.5,13855.1298828125,29.899999618530273,-0.009325494625353814,0.004048347703642428
2022-01-25,156.4970703125,159.41583739515477,153.79378418345803,155.71350456711474,115798400,-0.011384767031533016,159.56275634765626,168.84063491821288,15.344432566814248,1.7151798370430065,1195.6600341796875,13539.2900390625,31.15999984741211,-0.009671345251111388,0.004219957955763615
2022-01-26,156.40890502929688,161.01233270214277,154.57733208034693,160.14061983418955,108275300,-0.0005633669884494985,158.28162841796876,167.880770111084,18.336748060711827,1.4541441634085055,1196.0999755859375,13542.1201171875,31.959999084472656,-0.005604100671994794,0.0054485135584728785
2022-01-27,155.9486083984375,160.47367939334515,155.02791959361053,159.1122394434115,121954600,-0.0029429055255719705,157.24537658691406,166.89348297119142,20.416650150842642,1.9287869689472366,1200.6300048828125,13352.7802734375,30.489999771118164,-0.0049636798485181615,0.005686679292110664
2022-01-28,166.83033752441406,166.84993078156614,159.45505293330285,162.3052665652414,179935700,0.0697776609726104,158.79683837890624,166.50806884765626,47.17277608052245,3.9406086244575125,1203.4599609375,13770.5703125,27.65999984741211,0.022090462819529644,0.04131545959663046
2022-01-31,171.1888427734375,171.40432369026982,166.02711981248893,166.66377341050108,115541600,0.026125375718224042,161.3747528076172,166.3714340209961,53.50275229628485,1.7062694196632906,1207.7099609375,14239.8798828125,24.829999923706055,0.030986710388420824,0.036603205174354385
2022-02-01,171.02236938476562,171.2476394960686,168.76962343591478,170.43469133018758,86213900,-0.0009724546645378807,164.27981262207032,166.0090362548828,49.31386964020054,0.6886601993085765,1205.1199951171875,14346.0,21.959999084472656,0.031643527342098854,0.035696389364689496
2022-02-02,172.22708129882812,172.26626780396012,169.7686586589768,171.15948068570833,84914300,0.007044177427761866,167.44344787597657,165.82000045776368,50.44244273142358,0.643566825372912,1202.5,14417.5498046875,22.09000015258789,0.010732366160482676,0.013920314470562809
2022-02-03,169.3474884033203,172.618874147118,168.58351594007854,170.89502658265624,89418100,-0.016719745081852033,170.12322387695312,165.72107467651367,51.025048286278974,0.7998391688104663,1199.9599609375,13878.8203125,24.350000381469727,-0.003549340772876016,0.012089717108859211
2022-02-04,169.0631103515625,170.7401162961765,167.38610440694853,168.3668057872498,82465400,-0.001679257569386139,170.5697784423828,165.75093002319335,49.32373957689785,0.5585951699165803,1200.3299560546875,14098.009765625,23.219999313354492,-0.0037849417411587685,0.012021082839502184
2022-02-07,168.34716796875,170.59296708423147,167.65086354740316,169.52400639061884,77251200,-0.004234764055409346,170.0014434814453,165.73666458129884,53.29938962543134,0.3776734475594384,1197.0899658203125,14015.669921875,22.860000610351562,-0.007544588902215839,0.008047997983384679
2022-02-08,171.4560089111328,171.9659777736799,168.12161553517308,168.41582891603926,74829200,0.018466844318758557,170.08817138671876,165.87685928344726,64.18206360662253,0.29363516526320926,1196.8499755859375,14194.4501953125,21.440000534057617,0.004184274231321024,0.012434890814838333
2022-02-09,172.87803649902344,173.2408912177467,171.524663818335,172.65247937368048,71285000,0.008293833484877666,170.2183624267578,165.94662628173828,69.44835000705314,0.1706589141838141,1196.3599853515625,14490.3701171875,19.959999084472656,0.007508637916075626,0.011371154504027828
2022-02-10,168.7982940673828,172.09345086021537,168.23930213729957,170.77931477893978,90865900,-0.02359896325907007,170.1085235595703,165.7903678894043,65.08896138121,0.8500747695984434,1194.030029296875,14185.6396484375,23.90999984741211,0.0010539048481887174,0.021947561750499476
2022-02-11,165.3854522705078,169.73976805864703,164.7970255558841,169.00424214752385,98670700,-0.020218461423032075,169.37299194335938,165.62703475952148,60.162159390031825,1.1208848379987773,1199.3499755859375,13791.150390625,27.360000610351562,-0.011841197065741493,0.01751917633970385
2022-02-14,165.620849609375,166.3073375649639,163.34561528306318,164.1399809862671,86185500,0.0014233255442694936,168.82772827148438,165.43237533569337,63.69989898320451,0.6876747793179848,1199.239990234375,13790.919921875,28.329999923706055,-0.014131366379277551,0.01357638680920696
2022-02-15,169.45538330078125,169.61229911156767,166.96440840288716,167.67051458711066,62527400,0.02315248171018447,168.42760314941407,165.58958587646484,67.6089278067546,-0.13321130094312886,1197.3599853515625,14139.759765625,25.700000762939453,0.0014524486104739627,0.021685486233444583
2022-02-16,169.22003173828125,169.99477926994211,166.76827820676257,168.5335437423192,61177400,-0.0013888703794217028,167.6960021972656,165.90986022949218,68.02197128500532,-0.1800534483832235,1196.8299560546875,14124.08984375,24.290000915527344,0.0077289789583440864,0.01343095079770331
2022-02-17,165.620849609375,168.59237351767158,165.21875846241755,167.7293515367512,69589300,-0.02126924390649454,167.06051330566407,166.1344093322754,47.952601833220974,0.11182170721035595,1196.75,13716.7197265625,28.110000610351562,0.0001647891414227424,0.02225158017132518
2022-02-18,164.07131958007812,167.24878200376986,162.98274061084325,166.5426908818598,82772700,-0.009355887455906209,166.7976867675781,166.38432388305665,36.685520740001884,0.5692578305894255,1198.6600341796875,13548.0703125,27.75,-0.010671333913940817,0.010005254241245029
2022-02-22,161.14881896972656,163.47307588961104,159.02068432123022,161.7960703511054,91162800,-0.017812379505640408,165.90328063964844,166.52680130004882,33.2563971592017,0.8603765722465649,1194.6800537109375,13381.51953125,28.809999465942383,-0.01614583695601372,0.006129032430325444
2022-02-23,156.98086547851562,162.94351625967545,156.6670338772365,162.34528786351217,90009200,-0.025864002714124368,163.40837707519532,166.5509910583496,26.506548638671802,0.8203490898118292,1192.6800537109375,13037.490234375,31.020000457763672,-0.01767742322522366,0.008254885053280387
2022-02-24,159.5993194580078,159.70719718910948,149.06658313119078,149.6353916256984,141147500,0.016680083725557848,161.48423461914064,166.71051177978515,34.8568104741081,2.5947400442087125,1192.4000244140625,13473.58984375,30.31999969482422,-0.008998766164735642,0.022599992430065524
2022-02-25,161.66864013671875,161.9334187541049,157.76543758855004,160.67812209433018,91974200,0.012965723699438492,160.69379272460938,166.99651336669922,39.1166781848302,0.8885304377524115,1206.0,13694.6201171875,27.59000015258789,0.0012606015702906574,0.023563896871920145
2022-02-28,161.93341064453125,162.22762405787608,159.29532147992174,159.9131681515143,95056600,0.0016377357265366932,160.2662109375,166.75166702270508,40.433050179677466,0.995483204618595,1197.5899658203125,13751.400390625,30.149999618530273,0.010427847717177677,0.007835730291869175
2022-03-01,160.05044555664062,163.3848388800103,158.84418717486,161.52149747345592,83474400,-0.01162802092783699,160.04653625488282,166.19474716186522,32.341347037376494,0.593605337892177,1200.9300537109375,13532.4599609375,33.31999969482422,0.0009918128327127314,0.012309588985278303
2022-03-02,163.34559631347656,164.13016029917193,159.8052642347465,161.21747641613547,79724800,0.020588201084824842,161.319482421875,165.81090850830077,36.0504922367979,0.4635021408244889,1205.3699951171875,13752.01953125,30.739999771118164,0.0035326386278415147,0.016191486434120536
2022-03-03,163.02197265625,165.65025991761865,162.35510295615475,165.21874895199736,76678400,-0.001981220580966836,162.00401306152344,165.35065307617188,40.503068828712706,0.35779849789004115,1203.1500244140625,13537.9404296875,30.479999542236328,0.002326319858673672,0.016534431307778114
2022-03-04,160.0210418701172,162.35511593567728,158.97169917829748,161.31557487047283,83737200,-0.018408136874043413,161.67449340820312,164.88433074951172,41.05919679278165,0.6027239425938488,1205.989990234375,13313.4404296875,31.979999542236328,6.628120993819782e-05,0.019578630984785093
2022-03-07,156.2257080078125,161.8353202073776,155.9707161123603,160.2073525837716,96418800,-0.023717717482337197,160.53295288085937,164.24246063232422,36.0022892855999,1.04274866628,1216.7099609375,12830.9599609375,36.45000076293945,-0.014702358312449149,0.011332185157616331
2022-03-08,154.401611328125,159.73662866525098,152.7932618336368,155.75498387793954,131148300,-0.011676034008412217,159.40318603515624,163.54518280029296,26.142348210583137,2.24778893259168,1232.300048828125,12795.5498046875,35.130001068115234,-0.017933962788264275,0.006034829410950088
2022-03-09,159.80528259277344,160.2564117997747,156.33360638496927,158.36365040568722,91454900,0.0349975056488554,158.69512329101562,162.962646484375,37.17945968369796,0.8705118250371217,1233.1099853515625,13255.5498046875,32.45000076293945,-0.0001320819472980054,0.031013166215793104
2022-03-10,155.46078491210938,157.29469168011647,152.96979505950804,157.10835602606574,105342000,-0.027186195663725377,157.1828857421875,162.0917839050293,36.43978139379594,1.352364851492928,1223.22998046875,13129.9599609375,30.229999542236328,-0.0012882413410940652,0.03236715703622202
2022-03-11,151.743896484375,156.20609005481433,151.51833939243923,155.8628386400447,96970100,-0.02390884897330048,155.52745666503907,161.23906402587892,34.44690416641741,1.0618776113790551,1228.5999755859375,12843.8095703125,30.75,-0.005365846329390152,0.03499407646334039
2022-03-14,147.7132110595703,151.14566528522778,147.2032572060636,148.52719485737234,108732100,-0.026562422068947766,153.82495727539063,160.35545196533204,33.50986252843521,1.469994158186754,1236.8900146484375,12581.2197265625,31.770000457763672,-0.02588582223532454,0.0017402846989657585
2022-03-15,152.09698486328125,152.5677323353664,147.4778893963599,147.9878433779772,92964300,0.02967760142959075,153.36403198242186,159.67925872802735,44.03736685611466,0.9228848156638468,1242.050048828125,12948.6201171875,29.829999923706055,-0.006931223204219165,0.031731922307752986
2022-03-16,156.51010131835938,156.9121924028267,151.47911432517643,154.01912684826212,102300200,0.029015147532642116,152.70499572753906,159.03199462890626,46.386764872894425,1.2468208188386467,1241.6800537109375,13436.5498046875,26.670000076293945,0.010710108964428366,0.03228065811777829
2022-03-17,157.520263671875,157.8929350151505,154.5879758844706,155.54905912498893,75615400,0.006454294930528626,153.11689147949218,158.44700622558594,45.02467950052833,0.3209146440168407,1223.0,13614.7802734375,25.670000076293945,0.021715681297587164,0.01322089810394419
2022-03-18,160.81539916992188,161.30574983268542,156.67683837905244,157.41236437319773,123511700,0.02091880384933109,154.93119201660156,158.20673370361328,48.74997279614551,1.9828150487835117,1210.3299560546875,13893.83984375,23.8700008392334,0.018796082104167278,0.011429237867815844
2022-03-21,162.18838500976562,163.13966646337798,159.8641127641069,160.3544634117704,95811400,0.008537651536672852,157.82622680664062,158.11258697509766,52.417917029820856,1.021673169720657,1210.3699951171875,13838.4599609375,23.530000686645508,0.011970250105510857,0.007819370452064546
2022-03-22,165.56199645996094,166.1504082464849,161.72745088254396,162.31586266906788,81532000,0.020800573666185596,160.51922912597655,158.33324584960937,52.50221252255304,0.5262081621976289,1219.780029296875,14108.8203125,22.940000534057617,0.016752343017396514,0.007114377111642066
2022-03-23,166.9251708984375,169.30826781804822,164.41456305995604,164.74801286692667,98062700,0.008233619234026435,162.60224304199218,158.83046112060546,54.30548174270128,1.0997885227072384,1214.949951171875,13922.599609375,23.56999969482422,0.012523948145628294,0.007169379779026773
2022-03-24,170.710693359375,170.77933467330854,166.92518550141648,167.75877268098228,90131400,0.0226779606728138,165.24032897949218,159.38602981567382,61.59078141950242,0.8245891716023326,1218.010009765625,14191.83984375,21.670000076293945,0.017237384524341943,0.007853788101641225
2022-03-25,171.34812927246094,171.89731959636083,169.4161465488256,170.52434378661113,80546200,0.0037340127940552748,167.346875,159.87000427246093,67.60270939586638,0.492002985200262,1217.550048828125,14169.2998046875,20.809999465942383,0.011548530900298504,0.009897462797336977
2022-03-28,172.21115112304688,172.33863211398676,168.68062052174977,168.84733794398963,90371900,0.005036657559380986,169.35142822265624,160.3838912963867,71.20499875699514,0.832934013424068,1224.3800048828125,14354.900390625,19.6299991607666,0.010482877008750021,0.010581317027019543
2022-03-29,175.50628662109375,175.55530970776783,172.93683939967303,173.28009079226467,100589400,0.019134274851298372,171.3402862548828,161.15668334960938,69.68274616094784,1.1874596737715992,1223.6600341796875,14619.6396484375,18.899999618530273,0.00930164840157821,0.008540177282759395
2022-03-30,174.33926391601562,176.14375060919454,173.28990640459241,175.1042096873483,92633200,-0.006649463831444713,172.82310485839844,161.70636672973632,75.71459413518085,0.9113963452805762,1209.1300048828125,14442.26953125,19.329999923706055,0.005840489526411548,0.012910650815834594
2022-03-31,171.24024963378906,174.59424618696573,171.0342957824536,174.40791055107027,103049300,-0.01777576784836865,172.92901611328125,162.11728057861328,77.01086273829588,1.2728130059848501,1210.43994140625,14220.51953125,20.559999465942383,-0.001763652276171664,0.018933863286134726
2022-04-01,170.94606018066406,171.5050671665747,168.62180263029362,170.67146498333403,78751300,-0.001717992433170057,172.84860229492188,162.6635314941406,85.9048746652294,0.4297237478371317,1214.5,14261.5,19.6299991607666,-0.00871440803766114,0.008225632726564526
2022-04-04,174.99635314941406,175.0453912102986,171.0735477076942,171.20104367313095,76468400,0.02369339758090616,173.4056427001953,163.6020637512207,85.75807646526977,0.350511941621582,1218.780029296875,14532.5498046875,18.56999969482422,0.0013998790997891513,0.020909657159364624
2022-04-05,171.6815643310547,174.85904187741096,171.05391610805626,174.0744778575844,73401800,-0.018942045126672857,172.6406982421875,164.4660614013672,74.53219494205099,0.24410740136988252,1213.9000244140625,14204.169921875,21.030000686645508,0.0010111200070210824,0.02144833990665053
2022-04-06,168.51390075683594,170.27916603294383,166.8467115933005,169.0336712319797,89058800,-0.01845080796276133,171.47562561035156,164.9014923095703,66.61721965087055,0.7873722180140026,1218.75,13888.8203125,22.100000381469727,-0.004566485169509342,0.024475008851647547
2022-04-07,168.8179168701172,170.01437362269277,166.5721175347958,167.8568338106809,77594700,0.0018041010973921523,170.99115905761718,165.5693489074707,63.298546140598056,0.389592171741418,1217.5999755859375,13897.2998046875,21.549999237060547,-0.011862917330680678,0.011838533398304197
2022-04-08,166.8074493408203,168.46483662226115,165.9346259455677,168.46483662226115,76575500,-0.011909088600137507,170.16343688964844,166.32252655029296,57.51667135717664,0.35422808531849614,1222.6600341796875,13711.0,21.15999984741211,-0.009518598488502228,0.010336883838427399
2022-04-11,162.55125427246094,165.76795361235142,162.3060789266503,165.45413695115786,72246700,-0.025515617468996443,167.6744171142578,167.0644287109375,45.23734417717172,0.20402787210465784,1228.239990234375,13411.9599609375,24.3700008392334,-0.0118735349905806,0.013659893984985171
2022-04-12,164.4243621826172,166.5917033939569,163.42404279659993,164.7774152033108,79265200,0.011523183370930168,166.2229766845703,167.6807975769043,46.10680704707217,0.4475549919626611,1235.050048828125,13371.5703125,24.260000228881836,-0.00863384089940126,0.01873535768382394
2022-04-13,167.11151123046875,167.73915952284898,163.55157535283024,164.1596054273598,70618900,0.016342767046084727,165.94249877929687,168.21086807250975,44.19849704298511,0.14754665165800146,1228.5999755859375,13643.58984375,21.81999969482422,0.0007834443160061507,0.02290278552445077
2022-04-14,162.10006713867188,167.96467008953368,161.85489188045455,167.3272054395825,75329400,-0.02998862289555526,164.59892883300782,168.43985824584962,36.93535515380961,0.3109910483369392,1223.1199951171875,13351.080078125,22.700000762939453,-0.0007075574928467887,0.025472390740539495
2022-04-18,161.88433837890625,163.38480987049905,160.41328672328103,160.75652313100682,69023900,-0.0013308369550586452,163.614306640625,168.49330520629883,35.139644218171256,0.09220352190470445,1228.0899658203125,13332.3603515625,22.170000076293945,-0.00499223093484306,0.023381697497989233
2022-04-19,164.1693878173828,164.58129552240263,160.7467499371193,161.8353289533827,67723800,0.014115321230940614,163.93793334960938,168.59235534667968,33.19767534174521,0.047092799025543655,1235.3499755859375,13619.66015625,21.3700008392334,-0.005734712873224431,0.022379344588374744
2022-04-20,164.00267028808594,165.62083637298807,162.89448802131358,165.50314204406817,67929800,-0.0010155214167109072,163.8535949707031,168.51438903808594,34.212092809074406,0.05424056374603217,1239.5999755859375,13453.0703125,20.31999969482422,0.0039229876197236875,0.008828227698917675
2022-04-21,163.2083282470703,168.21971309344158,162.7081759108626,165.6502801659303,87227800,-0.004843470168017894,163.07295837402344,168.32854690551758,36.8031095226681,0.7238403869304372,1234.0899658203125,13174.650390625,22.68000030517578,0.0027521098820706045,0.010025229525051985
2022-04-22,158.6676483154297,164.63031369845396,158.38325153783305,163.2475363117759,84882400,-0.02782137394831219,162.386474609375,167.7263946533203,32.29634440388327,0.642459962777846,1242.489990234375,12839.2900390625,28.209999084472656,-0.011226788511013663,0.01449822393562427
2022-04-25,159.73666381835938,160.02106066676262,155.4019650190896,158.01061961513787,96046400,0.006737450981844084,161.95693969726562,167.14582138061525,25.928317932704687,1.0298271731639326,1243.1600341796875,13004.849609375,27.020000457763672,-0.008642464378161999,0.017589836920643382
2022-04-26,153.77395629882812,159.20703454434567,153.69549840448505,159.11877502482716,95623200,-0.037328358918974236,159.8778533935547,166.2239616394043,23.92926476152735,1.0151430273886377,1249.2099609375,12490.740234375,33.52000045776367,-0.01947076062848078,0.023189403995505665
2022-04-27,153.54840087890625,156.70624511583344,152.38136400484169,152.9011344667558,88063200,-0.001466798574679018,157.78699951171876,165.1260673522949,26.171225758450518,0.7528270017241075,1260.7099609375,12488.9296875,31.600000381469727,-0.010685902170603057,0.023434863001264784
2022-04-28,160.48194885253906,161.34497072445453,155.8628394699356,156.17667104674604,130216800,0.045155455439102044,157.2417236328125,164.4332015991211,39.040751205825366,2.2154678508580146,1266.280029296875,12871.5302734375,29.989999771118164,0.0021200993151495964,0.04135872683144925
2022-04-29,154.6075897216797,162.99259076908385,154.21531509666804,158.71673151345885,131747600,-0.03660448525744853,156.4297119140625,163.60156860351563,35.440153945491275,2.2685833762663825,1272.2900390625,12334.6396484375,33.400001525878906,0.0023613905356581664,0.04101418351709863
2022-05-02,154.91160583496094,155.17638444909122,150.31211369335705,153.6857290366365,123055300,0.001966372503630298,155.4647003173828,162.79984588623046,39.932826908974924,1.9669789331600604,1262.530029296875,12536.01953125,32.34000015258789,0.0035057808950946048,0.04090170301249875
2022-05-03,156.4022216796875,157.6084949183751,153.3032172904116,155.09788730053197,88966500,0.009622363906772957,155.9903533935547,161.87013931274413,39.321148509395734,0.7841696030445798,1266.75,12563.759765625,29.25,-0.008338582949015091,0.024776490390563306
2022-05-04,162.81605529785156,163.26716957480116,156.1865040661354,156.58859524312854,108256500,0.04100858382497674,157.84388427734376,161.42686386108397,44.79811477000564,1.4534918431330435,1261.06005859375,12964.8603515625,25.420000076293945,0.01753244007846,0.020688174037275166
2022-05-05,153.7445526123047,160.91347698312873,151.9596689981739,160.68791986588977,130525300,-0.05571626624261161,156.49640502929688,160.68839645385742,40.787260217781395,2.226172148995251,1251.5,12317.6904296875,31.200000762939453,-0.0016951061702873045,0.049345597593485765
2022-05-06,154.47129821777344,156.5927286121708,151.42665191176067,153.2239736359336,116124600,0.004726968163232259,156.46914672851562,159.97106552124023,41.917505532723986,1.726498287780013,1268.699951171875,12144.66015625,30.190000534057617,-0.0033269047514675374,0.048862795732990585
2022-05-09,149.3445587158203,153.0472394567593,148.7847453865434,152.1633023773659,131577900,-0.033188945526472224,155.3557373046875,159.09792098999023,34.77954451133678,2.2626951448437276,1270.1300048828125,11623.25,34.75,-0.02805941453528386,0.030546361690095256
2022-05-10,151.75079345703125,153.9409814618481,150.19900690567323,152.74276671948687,115366700,0.01611196793443037,154.42545166015626,158.55789794921876,37.9741729813873,1.700200759228274,1274.8599853515625,11737.669921875,32.9900016784668,-0.004116669809603198,0.025812835304665483
2022-05-11,143.8838348388672,152.67400468671187,143.20615431110124,150.75883036017825,142689800,-0.051841301379367155,150.63900756835938,157.53087158203124,33.34453895419145,2.6482545953174963,1276.550048828125,11364.240234375,32.560001373291016,-0.022972759657136337,0.03510967876378234
2022-05-12,140.01419067382812,143.58918770892123,136.32134136947613,140.22044713133192,182602000,-0.026894224562283853,147.89293518066407,156.1760055541992,33.73475166207959,4.033123600546049,1278.1500244140625,11370.9599609375,31.770000457763672,-0.02087451933574021,0.03437425404091313
2022-05-13,144.48291015625,145.4552361308918,140.55434215796848,142.00790812116932,113990900,0.03191618978701971,145.89525756835937,155.29514770507814,37.44363869711257,1.6524634063037686,1290.75,11805.0,28.8700008392334,-0.015606445384877099,0.04300453232730554
2022-05-16,142.94094848632812,144.88560055074495,141.60523468837948,142.95077949813634,86643800,-0.01067227721433861,144.61453552246093,154.3479782104492,40.38269217709118,0.7035768209267221,1277.5699462890625,11662.7900390625,27.469999313354492,-0.001883437329867584,0.030374314623878254
2022-05-17,146.5749053955078,147.0954395557584,144.06060880808,146.2016865687997,78336300,0.025422784357187034,143.57935791015626,153.46825408935547,44.16236083865382,0.41532412473517666,1279.8499755859375,11984.51953125,26.100000381469727,0.015555565643289379,0.02294484439350953
2022-05-18,138.3052978515625,144.72850245560213,137.40171366939953,144.22761523431257,109742900,-0.05641898605788731,142.46365051269532,152.1833854675293,31.841727814394275,1.5050667823589374,1266.6600341796875,11418.150390625,30.959999084472656,-0.013889492971679629,0.041015627559387625
2022-05-19,134.89723205566406,139.13026237954173,134.160625433561,137.38205052865445,136095600,-0.024641614231988296,141.4402587890625,150.767830657959,33.18187961400403,2.41944978891048,1275.5799560546875,11388.5,29.350000381469727,-0.018545938644229525,0.04125999020627409
2022-05-20,135.13294982910156,138.18741285426975,130.24188557508393,136.60616321771064,137426100,0.0017473877695297624,139.5702667236328,149.5910957336426,33.10391033494858,2.4656153275542176,1263.550048828125,11354.6201171875,29.43000030517578,-0.02643773750678195,0.02912475416499511
2022-05-23,140.5543670654297,140.70168239695178,135.19186420352216,135.3293635083762,117726300,0.04011913632599917,139.09295043945312,148.6319808959961,37.313813152869585,1.7820738933761608,1273.2099609375,11535.26953125,28.479999542236328,0.005741636621180213,0.03256461609055374
2022-05-24,137.85348510742188,139.43473470985077,134.87759532556828,138.29544611720485,104132700,-0.019215923449397487,137.34866638183593,147.8359573364258,28.754584888818584,1.310404696752701,1258.8199462890625,11264.4501953125,29.450000762939453,0.007550200215377149,0.030090144629907226
2022-05-25,138.01065063476562,139.257960660006,135.86957246588344,135.9579616828589,92482700,0.001140091070031879,137.28973693847655,147.05906982421874,34.213619733087185,0.9061743132881804,1260.989990234375,11434.740234375,28.3700008392334,0.007347767982211188,0.030150684388948402
2022-05-26,141.21241760253906,141.7624148884754,134.69099338044722,134.93652895354754,90601500,0.023199419414713596,138.55277404785156,146.09559326171876,37.32633757384122,0.8409006482775834,1266.5999755859375,11740.650390625,27.5,0.0017078623451159958,0.021213370800880114
2022-05-27,146.96774291992188,147.0070220098635,142.66595573580807,142.79363900414174,90978500,0.040756510051275674,140.91973266601562,145.71360092163087,47.755057763565894,0.8539817516738172,1258.8900146484375,12131.1298828125,25.719999313354492,0.02169867351200705,0.019850802047341336
2022-05-31,146.1820526123047,147.9695587462053,144.21776806233134,146.40795612568894,103718400,-0.005346005130154929,142.04526977539064,145.27712326049806,44.57415045065187,1.2960293621716408,1236.1700439453125,12081.3896484375,26.190000534057617,0.019536641445278113,0.02326848584144542
2022-06-01,146.05438232421875,149.0302721781197,145.04276200731988,147.2231190270911,74286600,-0.0008733649979901781,143.68544921875,144.7597312927246,52.49042310634257,0.27480809178099047,1241.739990234375,11994.4599609375,25.690000534057617,0.011512379974376855,0.025424702267753226
2022-06-02,148.5097198486328,148.5686459793301,144.2373955374819,145.1900746138875,72348100,0.0168111184706774,145.78526306152344,144.04441452026367,60.07453818484891,0.20754623784571383,1246.949951171875,12316.900390625,24.719999313354492,0.0035305827808440973,0.01171668035727974
2022-06-03,142.78384399414062,145.327588805216,141.88027492949882,144.27668941243508,88570300,-0.03855556296468832,146.09954833984375,143.49637908935546,48.04345650584182,0.7704223002180869,1240.8399658203125,12012.73046875,24.790000915527344,-0.007539269830667032,0.028278844897202688
2022-06-06,143.53025817871094,145.91687147884687,142.31239647541148,144.40436412307008,71598400,0.005227581522465163,145.41205139160155,142.94932708740234,50.69125744928558,0.1815332319673146,1250.530029296875,12061.3701171875,25.06999969482422,-0.0055056209905152515,0.029202201636688373
2022-06-07,146.05438232421875,146.33919698612507,141.52670589855168,141.77224146396463,67808200,0.017586007142584625,145.3865173339844,142.78481826782226,49.37307462590258,0.05002130068772439,1254.47998046875,12175.23046875,24.020000457763672,-0.005247324766546176,0.029500198640858986
2022-06-08,145.3177490234375,147.19362901017018,144.8266779825161,145.9266723185644,53950200,-0.005043554935216132,145.23919067382812,142.4631660461426,60.31783958965489,-0.43082201725659547,1254.5799560546875,12086.26953125,23.959999084472656,0.0059233445766112185,0.011330813502520284
2022-06-09,140.0927734375,145.3079465173713,139.98473718785118,144.45348753415902,69473000,-0.03595552243996558,143.55580139160156,142.27361297607422,57.256523833963676,0.10778634295310927,1256.739990234375,11754.23046875,26.09000015258789,-0.00780435674419903,0.02687732069014949
2022-06-10,134.68115234375,138.24631801246798,134.61239520262438,137.77489399581836,91437900,-0.038628838311665636,141.93526306152344,142.0069610595703,49.4486730427812,0.8699219609582465,1264.02001953125,11340.01953125,27.75,-0.02654263856228245,0.018666670887980137
2022-06-13,129.52490234375,132.78560625742455,129.0927574306163,130.49721341200203,122207100,-0.038284866963712805,139.13419189453126,141.25906066894532,36.45351569302516,1.937548185412884,1278.280029296875,10809.23046875,34.02000045776367,-0.03762307590511468,0.0014543486485029502
2022-06-14,130.3892059326172,131.49903152365633,129.1320649915738,130.75260877313121,84784300,0.006672875819457413,136.00115661621095,140.63147354125977,40.39917040592448,0.6390561000638658,1291.800048828125,10828.349609375,32.689998626708984,-0.02341360981864034,0.026056228480166713
2022-06-15,133.01150512695312,134.88740024350506,129.79991106375064,131.8918636674431,91533000,0.020111321144873795,133.53990783691407,139.95330352783202,43.95335639814897,0.8732217300112487,1289.47998046875,11099.150390625,29.6200008392334,-0.0038335566664605323,0.030582961581397287
2022-06-16,127.7374267578125,130.02582014414816,126.73563740296159,129.7213584251009,108123900,-0.03965129455611205,131.06883850097657,139.42490997314454,34.47959612916209,1.4488909033178163,1278.1600341796875,10646.099609375,32.95000076293945,-0.004289032530593613,0.03135307217581906
2022-06-17,129.21066284179688,130.70352361415718,127.49191349420407,127.74728013136735,134520300,0.011533315813364586,129.97474060058593,139.14058151245118,27.30927149809898,2.3647902075309384,1288.1800537109375,10798.349609375,31.1299991607666,-0.0026688858659578893,0.0323136110371627
2022-06-21,133.4436492919922,134.61240084976376,130.93919879539584,131.0374040187389,81000500,0.03276034931713112,130.75848999023438,139.0561164855957,35.04031464241572,0.5077662352610287,1292.3800048828125,11069.2998046875,30.190000534057617,0.0015474568581278862,0.03722431431755003
2022-06-22,132.9329376220703,135.29988866486136,131.51865061736427,132.38292546422988,73409200,-0.0038271710390981317,131.267236328125,138.67504501342773,34.72787873946528,0.24436416573362824,1291.5999755859375,11053.080078125,28.950000762939453,0.013488831363799192,0.018371981173933488
2022-06-23,135.80081176757812,136.11508949160935,133.20795685254018,134.37670851634957,72433800,0.021573841643830916,131.82509765625,138.57241134643556,35.348728926567645,0.21051984676098504,1297.6800537109375,11232.1904296875,29.049999237060547,0.01683567330728797,0.01874831568017342
2022-06-24,139.13027954101562,139.375815112003,137.27403122380292,137.40169953003104,89116800,0.024517289183336066,134.10366821289062,138.62839279174804,45.54169691066999,0.789384695459577,1299.81005859375,11607.6201171875,27.229999542236328,0.01408798659602295,0.01558462786443369
2022-06-27,139.13027954101562,140.92760171899965,138.45259896728206,140.15170092235036,70207900,0.0,136.08759155273438,138.52428588867187,44.53125969066037,0.1332858201040171,1288.2900390625,11524.5498046875,26.950000762939453,0.015363710275722328,0.013386510595809014
2022-06-28,134.9856414794922,140.85884829692233,134.86778919791305,139.59189131103963,67083400,-0.029789619306425652,136.39598999023437,137.9251808166504,36.775393413245745,0.024872272195442455,1286.199951171875,11181.5400390625,28.360000610351562,-0.0017574433743631952,0.027196075688220328
2022-06-29,136.74366760253906,138.15795490582852,134.22938572393656,135.0052865296894,66242400,0.013023800930071161,137.15813598632812,137.4532615661621,40.00000117450423,-0.004308650765386886,1292.030029296875,11177.8896484375,28.15999984741211,-0.005588606125451497,0.021947018633650332
2022-06-30,134.2784881591797,135.89901685954254,131.38117155043633,134.7990223471169,98964500,-0.01802774114940886,136.85367126464843,136.86446685791014,42.75218170197215,1.1310790771972217,1301.72998046875,11028.740234375,28.709999084472656,-0.01159785317525445,0.022119105601421846
2022-07-01,136.4490203857422,136.5570566364842,133.23742590571564,133.61062978312276,71051600,0.016164407689707172,136.31741943359376,136.2614318847656,52.397441495989845,0.16256042735972662,1287.7099609375,11127.849609375,26.700000762939453,0.003720155823456491,0.018899579883199596
2022-07-05,139.0320587158203,139.08116882706545,134.4847351652157,135.30974606974897,73353800,0.018930427809418227,136.2977752685547,136.0738426208496,63.86026872010952,0.24244190279423472,1295.6800537109375,11322.240234375,27.540000915527344,0.005689031449905513,0.020585837212058047
2022-07-06,140.36778259277344,141.54635041323854,138.56064426897342,138.8258268991265,74064300,0.00960730848187552,137.37420349121095,135.91571884155275,64.35029108892903,0.2670947515025216,1308.6600341796875,11361.849609375,26.729999542236328,0.014900714660333639,0.004788301217891975
2022-07-07,143.7364959716797,143.93292138573145,140.72131266462554,140.73112869012365,66253700,0.02399919209865531,138.77276916503905,135.7998245239258,65.09955289046974,-0.003916564642369797,1304.8499755859375,11621.349609375,26.079999923706055,0.01751230946331635,0.007299991317967224
2022-07-08,144.4141387939453,144.91504075560354,142.4105759062008,142.66592740586253,64547800,0.004714479907727442,140.79989929199218,135.75464401245117,76.96942612068818,-0.06310769006315312,1297.6500244140625,11635.3095703125,24.639999389648438,0.012773660162752757,0.010024687940129423
2022-07-11,142.28297424316406,144.0213706040194,141.21244255201725,143.06869121316626,63141600,-0.014757312328137484,141.96669006347656,135.86415405273436,70.6999244362523,-0.11189985875223542,1293.7900390625,11372.599609375,26.170000076293945,0.004652119892748423,0.019378327467162997
2022-07-12,143.25526428222656,145.79900902596674,142.4597314847581,143.1570440660671,77588800,0.006833495323206096,142.81133117675782,136.2928596496582,67.32579073464082,0.3893874542081613,1310.8599853515625,11264.73046875,27.290000915527344,-0.0010697790324013152,0.011901007620120837
2022-07-13,142.8918914794922,143.8347397140172,139.5820616716197,140.43653568039218,71185600,-0.0025365406608618413,143.31615295410157,136.96120910644532,67.67795699730863,0.16720994421674343,1305.8299560546875,11247.580078125,26.81999969482422,-0.003486785888597743,0.010826724724216266
2022-07-14,145.8186798095703,146.2901039540339,140.69189540633064,141.50707537702388,78140700,0.02048253613115736,143.7325897216797,137.73268280029296,67.74541915580878,0.40853721803941184,1304.8499755859375,11251.1904296875,26.399999618530273,0.008259830264500537,0.011575633788816387
2022-07-15,147.4883270263672,148.16600770138874,145.55350523889854,147.10529207782946,76259900,0.011450160013636967,144.34742736816406,138.45652389526367,65.73023951942578,0.34327743218361184,1316.1800537109375,11452.419921875,24.229999542236328,0.009798718494644162,0.011598056665114613
2022-07-18,144.4436492919922,148.86328884760215,144.08024651562505,148.04810908676706,81420900,-0.020643516648139126,144.7795623779297,139.29183502197264,58.97179290747733,0.5223532269527441,1318.1199951171875,11360.0498046875,25.299999237060547,0.0037630598322183997,0.021613807767275634
2022-07-19,148.30348205566406,148.52937058051154,144.286523787425,145.27848208027842,82982400,0.02672206623545792,145.7892059326172,140.24647598266603,72.70601903896392,0.5765339774917869,1318.9100341796875,11713.150390625,24.5,0.005842903200318587,0.024175516689485765
2022-07-20,150.30702209472656,150.97488652317665,147.6847044563416,148.42131103969578,64823400,0.013509730259135155,147.27223205566406,141.08964462280272,72.93261908114913,-0.05354495240797527,1305.5,11897.650390625,23.8799991607666,0.00652942661548465,0.024442137584382757
2022-07-21,152.5758056640625,152.79187815956976,149.2266969700013,151.7409787508479,65086600,0.015094328513182154,148.6236572265625,142.07178802490233,81.14353885320122,-0.04441246855150645,1312.8699951171875,12059.6103515625,23.110000610351562,0.01844204166925841,0.0072143497987921905
2022-07-22,151.33828735351562,153.48918116011728,150.67043785379852,152.61507520531072,66675400,-0.008110842378716399,149.39364929199218,142.84866180419922,76.1740762372462,0.010715534302436068,1306.8499755859375,11834.1103515625,23.030000686645508,0.006831072131200304,0.01296431042604762
2022-07-25,150.21865844726562,152.27133221190695,149.56062491925485,151.2597268643066,53623900,-0.007398186710244836,150.54865112304688,143.40308074951173,70.73176441565984,-0.4421439377823013,1309.3199462890625,11782.669921875,23.360000610351562,-0.0001382335252596937,0.013196597259016674
2022-07-26,148.8927459716797,150.35612808602866,148.10702930699426,149.5409483577187,55138700,-0.008826549839355713,150.66650390625,143.8912040710449,65.80478107392253,-0.3895835785658158,1310.4000244140625,11562.5703125,24.690000534057617,-0.008111859642772315,0.0007141821079186167
2022-07-27,153.9900665283203,154.5204317003286,149.4427584043403,149.8552563235132,78620700,0.034234848201470935,151.40311279296876,144.84142532348633,67.86450037966006,0.42519220379588996,1310.9000244140625,12032.419921875,23.239999771118164,0.006003370550623462,0.024459605537904255
2022-07-28,154.54006958007812,154.82488420275592,151.65256933071927,154.17666680263463,81378700,0.003571678772258169,151.79596557617188,145.7312454223633,67.72093381245534,0.5208889761216537,1305.949951171875,12162.58984375,22.329999923706055,0.009659992378124463,0.022166904886117052
2022-07-29,159.60789489746094,160.70790415483256,156.6516528008015,158.36058531733204,101786900,0.03279295351136624,153.44988708496095,146.99771575927736,77.49360675695199,1.229010393445313,1295.1500244140625,12390.6904296875,21.329999923706055,0.023533160161698447,0.01730217672780122
2022-08-01,158.62579345703125,160.66865118760447,158.01687004208316,158.1347223194791,67829400,-0.0061532134175482645,155.13131408691407,148.1065544128418,74.38450916216951,0.050756895891968835,1302.280029296875,12368.98046875,22.84000015258789,0.010070472955358714,0.020270094326111186
2022-08-02,157.15255737304688,159.50970748502837,156.77935355303202,157.24096155464215,59907000,-0.009287493867656815,156.7832763671875,149.01257934570313,71.85417949393816,-0.22413364401870223,1306.75,12348.759765625,23.93000030517578,0.005784082075387054,0.02344280871971025
2022-08-03,163.16329956054688,163.61507661089456,157.87936937014717,157.96775857743674,82507500,0.03824781656738674,158.6179229736328,150.1523551940918,74.28482936605047,0.5600559509589714,1314.6300048828125,12668.16015625,21.950000762939453,0.007602369760727219,0.026585964078246854
2022-08-04,162.84901428222656,164.20437546779837,161.49365309665475,163.0454397472784,55474100,-0.001926200801079525,160.2797119140625,151.10798110961915,72.35553005775297,-0.37794590726847677,1307.3800048828125,12720.580078125,21.440000534057617,0.009011373966216799,0.02558562762336774
2022-08-05,162.622802734375,163.1145559751719,160.31155649978248,160.51809946404907,56697000,-0.0013890876088419324,160.8826934814453,152.01841430664064,78.82196321401074,-0.33551386126514954,1302.0799560546875,12657.5498046875,21.149999618530273,0.011644176052488428,0.02304099366628473
2022-08-08,162.1507110595703,165.04222255656555,161.49176350864772,163.62597080235415,60276900,-0.0029029857244300405,161.58767700195312,153.01180114746094,74.59609491712563,-0.21129889562011628,1302.739990234375,12644.4599609375,21.290000915527344,-0.0020727580447838325,0.0007675162183022683
2022-08-09,162.19985961914062,163.08502430663805,160.55740587444882,161.31470993875857,63135500,0.0003031041877592511,162.59713745117188,153.95903091430665,72.70071369177101,-0.11211151586289066,1299.030029296875,12493.9296875,21.770000457763672,-0.001329656381837574,0.0016038709998992989
2022-08-10,166.44863891601562,166.54698055787682,164.14722239112217,164.91435623038078,70170500,0.026194716239899885,163.25420532226562,155.13686828613282,74.6191810599085,0.13198811913049152,1307.56005859375,12854.7998046875,19.739999771118164,0.007864944901076365,0.015954784270914717
2022-08-11,165.71102905273438,168.16979550252623,165.41597407733548,167.25512657950156,57149200,-0.004431456262333433,163.82660827636718,156.13148574829103,75.96707193348612,-0.31982347676706746,1296.699951171875,12779.91015625,20.200000762939453,0.007355454721775234,0.016486125881331696
2022-08-12,169.26148986816406,169.33032752565057,166.60601007376212,167.01909604715942,68039400,0.02142561563780898,165.154345703125,157.22014389038085,81.62655370923827,0.05804345216042801,1306.8299560546875,13047.1904296875,19.530000686645508,0.014396291871791811,0.01647874858688482
2022-08-15,170.33349609375,170.53019439574174,168.52384770403629,168.6910420110852,54091700,0.0063334325275106185,166.79090270996093,158.51463623046874,85.91192212484853,-0.4259122662471337,1301.3800048828125,13128.0498046875,19.950000762939453,0.0077758639676620556,0.012988745057045992
2022-08-16,170.17613220214844,170.84492444042124,168.82873307006977,169.93025557179138,56377100,-0.0009238575806308491,168.3861572265625,159.60826873779297,82.4866131566132,-0.34661371531410234,1313.1800537109375,13102.5498046875,19.690000534057617,0.008945063528229583,0.011401324512896611
2022-08-17,171.67105102539062,173.24465231523857,169.72371248841205,169.9204107737534,79542000,0.008784538724069701,169.4306396484375,160.67647018432618,83.12662578914068,0.4571593670822301,1311.0,12938.1201171875,19.899999618530273,0.004731371223649823,0.0050485829713175015
2022-08-18,171.27764892578125,172.01527879196829,170.26463844345383,170.88425233332873,62290100,-0.00229160418870622,170.54396362304686,161.6115623474121,77.54587669659348,-0.14144510952648773,1314.8299560546875,12965.33984375,19.559999465942383,0.0018563589849108775,0.006038827582365939
2022-08-19,168.69105529785156,170.87444113830458,168.48451230986507,170.17614485304702,70346300,-0.01510175813453929,170.42987670898438,162.4792007446289,72.08563638156684,0.1380880076638016,1326.9100341796875,12705.2197265625,20.600000381469727,-0.0028696078663919358,0.011953633781949411
2022-08-22,164.80618286132812,167.05840602639253,164.38326728455968,166.89121173091766,69026800,-0.02302951054318836,169.3244140625,163.20857696533204,65.18664084889758,0.09230414577698316,1334.8599853515625,12381.5703125,23.799999237060547,-0.013474290955477955,0.010464304900757105
2022-08-23,164.47181701660156,165.92741770035994,163.90138134439152,164.32429701823727,54147100,-0.0020288428438871575,168.1835510253906,163.98753051757814,53.35133476520415,-0.42399000330774017,1343.3599853515625,12381.2998046875,24.110000610351562,-0.013386703840538269,0.010604860648667043
2022-08-24,164.76683044433594,165.33726597260625,163.50794341888323,164.56030249873976,53841500,0.0017937020036971063,166.80270690917968,164.5263687133789,54.91672230517175,-0.4345936775726979,1339.0799560546875,12431.5302734375,22.81999969482422,-0.00775488379445947,0.013365576269382715
2022-08-25,167.22557067871094,167.33375696920737,165.57328734070867,165.99618783539447,51218200,0.014922543741020977,165.99229125976564,165.16064376831054,60.5881603413815,-0.52561664452055,1340.0,12639.26953125,21.780000686645508,0.004895800966943642,0.008891267641404249
2022-08-26,160.9213409423828,168.22880259575382,160.86233294904275,167.75672364191396,78961000,-0.037698957825298085,164.43834838867187,165.22631607055663,47.7702307516075,0.4369998947394931,1334.43994140625,12141.7099609375,25.559999465942383,-0.006994237360193334,0.027389350402503
2022-08-29,158.71824645996094,160.2131651834025,157.18397908178346,158.49202921301617,73314000,-0.013690505370637429,163.22076110839845,165.23093872070314,44.14290785810094,0.24106092689192674,1341.1800537109375,12017.669921875,26.209999084472656,-0.012155639818304845,0.02634430613949308
2022-08-30,156.2890167236328,159.87880933569366,155.118641623387,159.45590875707995,77906200,-0.015305295960039045,161.58420104980468,165.18776168823243,31.794016462434882,0.40040056353963244,1345.72998046875,11883.1396484375,26.209999084472656,-0.022231586385324853,0.013419447515023856
2022-08-31,154.6269073486328,157.93149009277647,154.54822502054373,157.66593911136576,87991100,-0.01063484440457596,159.55621643066405,164.7609420776367,30.774342217717077,0.7503252840719367,1350.18994140625,11816.2001953125,25.8700008392334,-0.013210215245084145,0.00237197984530013
2022-09-01,155.3546905517578,155.8070951296429,152.11894582091065,154.05645479166745,74229900,0.0047067047747653135,157.18204040527343,164.38622589111327,23.259971751154737,0.27284072158850653,1342.260009765625,11785.1298828125,25.559999465942383,-0.00707781186328323,0.010469450975448243
2022-09-02,153.2401580810547,157.71511602884905,152.41401615420267,157.11517641377614,76957800,-0.013610998568457489,155.64580383300782,163.91709365844727,18.399790081099454,0.36749308751579113,1355.0999755859375,11630.8603515625,25.469999313354492,-0.0065130460660893785,0.009829876911739135
2022-09-06,151.9812469482422,154.4990209999667,151.15510515135455,153.88925181756636,73714800,-0.008215282133464119,154.29840393066405,163.40862045288085,17.679725623209606,0.25496783999858597,1361.81005859375,11544.91015625,26.90999984741211,-0.005706525309052098,0.009413020744989594
2022-09-07,153.38768005371094,154.08596126340717,151.07643378022465,152.26648324611122,87449600,0.009253991092385894,153.7181365966797,162.96801147460937,17.42012677013315,0.7315363782654097,1378.1099853515625,11791.900390625,24.639999389648438,-0.004190763203178571,0.011951966470534831
2022-09-08,151.9124298095703,153.7810862700933,150.1617743268103,152.0894537868935,84923800,-0.009617788362298985,153.17524108886718,162.2412010192871,16.773415267253498,0.6438964552993423,1374.31005859375,11862.1298828125,23.610000610351562,-0.00285969313445907,0.010514169729049677
2022-09-09,154.7744140625,155.21700399593914,152.19763181879884,152.9057577037595,68028800,0.018839697689763346,153.05918579101564,161.6943702697754,26.345545683884254,0.05767565455830578,1383.0,12112.3095703125,22.790000915527344,0.006158633473283419,0.014479055811531093
2022-09-12,160.73446655273438,161.5507787814024,156.672594749297,156.95780504262976,104956000,0.038507995823053864,154.55804748535155,161.2680191040039,43.53524158159477,1.3389714671137602,1379.06005859375,12266.41015625,23.8700008392334,0.015909968383506074,0.024196286103857892
2022-09-13,151.30264282226562,157.89213365235918,150.84039354694787,157.26269006575274,122656600,-0.058679534842480896,154.42232666015624,160.31647644042968,33.77747323419241,1.9531448856160858,1375.81005859375,11633.5703125,27.270000457763672,-0.00044394710988789515,0.05138334600612734
2022-09-14,152.7484130859375,154.5088983666351,151.07645480780434,152.23698543372632,87965400,0.009555485857376755,154.29447326660156,159.44509048461913,35.60320637298969,0.7494335483762252,1393.469970703125,11719.6796875,26.15999984741211,-0.003538684387350092,0.0498993687336271
2022-09-15,149.8568878173828,152.6795618131171,148.88322594006283,152.09928154477043,90481100,-0.018929985655090853,153.88336486816405,158.35438232421876,29.40767493043738,0.8367230226836667,1391.1800537109375,11552.3603515625,26.270000457763672,-0.02268467821339833,0.03427211402340185
2022-09-16,148.21444702148438,148.85373533906042,145.92287475909458,148.71604501032593,162278800,-0.01096006209537681,152.57137145996094,157.20122222900392,33.06240393940739,3.327951503616766,1398.6300048828125,11448.400390625,26.299999237060547,-0.006778187297696969,0.014695971537788946
2022-09-19,151.93206787109375,152.0107501857091,146.64081352548533,146.84734147012324,81474200,0.025082715783235843,150.8108917236328,156.363272857666,41.30543374601597,0.524202624329453,1385.22998046875,11535.01953125,25.760000228881836,-0.0016024439890772735,0.023451081732882375
2022-09-20,154.31219482421875,155.47274053089146,150.55520704373188,150.86992138320707,107689800,0.01566573131318405,151.41280212402344,155.83857345581055,47.46405900962709,1.4338285505743016,1390.1099853515625,11425.0498046875,27.15999984741211,0.009929461667014361,0.01869355641369313
2022-09-21,151.18460083007812,156.12180702361462,151.06658486761725,154.74488909740035,101696800,-0.020267963900736152,151.10003967285155,155.17421264648436,45.74411230830475,1.225884113827274,1392.510009765625,11220.1904296875,27.989999771118164,0.00682682773189458,0.023932523881510195
2022-09-22,150.2207794189453,151.9222413623521,148.42096082844884,149.8667164993867,86652500,-0.006375129516107858,151.17281799316407,154.44691009521483,43.689540252462834,0.7038786925435583,1397.56005859375,11066.8095703125,27.350000381469727,-0.0036591207012199867,0.018120158411107753
2022-09-23,147.94883728027344,148.97169217939165,146.10968540379915,148.69631163127085,96029900,-0.015124020441511177,151.11969604492188,153.48307342529296,43.521128260032675,1.0292546580285535,1403.6600341796875,10867.9296875,29.920000076293945,-0.013922371286118396,0.00702393638419153
2022-09-26,148.2832489013672,151.2337677983502,147.17188198122673,147.1915563091989,93339400,0.002260319359321805,150.38993225097656,152.85116882324218,45.367154984853855,0.9358999930747945,1421.81005859375,10802.919921875,32.2599983215332,-0.006412943532765743,0.008692231589332971
2022-09-27,149.2569122314453,152.16809751273013,147.47676821114496,150.2207592205518,84442700,0.006566239526662798,149.37887573242188,152.37810211181642,44.768253842310244,0.6272033018671722,1429.77001953125,10829.5,32.599998474121094,-0.0020991538518421913,0.011483492473149648
2022-09-28,147.3685760498047,148.15538406805365,142.45104469464212,145.2048652549561,146691400,-0.012651582787083782,148.61567077636718,151.932080078125,44.30466363142691,2.7871016599073357,1426.260009765625,11051.6396484375,30.18000030517578,-0.0012750079670330594,0.010084893559132746
2022-09-29,140.1300048828125,144.30007793360352,138.35969014393336,143.69030869298015,128138200,-0.049118824114483095,146.59751586914064,151.20723495483398,33.45925078142142,2.143344822955066,1421.949951171875,10737.509765625,31.84000015258789,-0.018401389124968026,0.028284302764466328
2022-09-30,135.92059326171875,140.739784043771,135.72389496609006,138.9497950371784,124925300,-0.030039331152624915,144.19186706542968,150.23553009033202,20.818914203413485,2.0318639818363398,1430.1700439453125,10575.6201171875,31.6200008392334,-0.03060324601806393,0.018240159607012564
2022-10-03,140.1005096435547,140.71029392940602,135.41902371449189,135.930451339268,114311700,0.030752634913735255,142.5553192138672,149.57854766845702,34.969680283373975,1.6635944884510148,1439.22998046875,10815.4296875,30.100000381469727,-0.01613517345112425,0.04171158943105909
2022-10-04,143.69029235839844,143.80830832520158,141.88062916042142,142.6379332973476,87830100,0.02562290975226933,141.4419952392578,149.16399993896485,38.50758238474226,0.7447389242661179,1433.3399658203125,11176.41015625,29.06999969482422,0.008778737837793224,0.033715135772627254
2022-10-05,143.98533630371094,144.94918341662517,140.65125008419213,141.69377951288206,79471000,0.002053332486627424,140.76534729003907,148.69388275146486,42.02508105172275,0.4546958171057511,1416.530029296875,11148.6396484375,28.549999237060547,0.01947629238421067,0.0153051680406534
2022-10-06,143.03135681152344,145.1065563258667,142.82482883069895,143.40509411965112,68402200,-0.0066255322706977315,141.34561767578126,148.2498291015625,42.82600158186775,0.07063184556136604,1416.760009765625,11073.3095703125,30.520000457763672,0.0070169033227330075,0.0166873688702247
2022-10-07,137.7794189453125,140.73978304959337,137.1499753994762,140.18900681575843,85925600,-0.036718786588395225,141.7173828125,147.40007934570312,31.209231546888446,0.6786567984885917,1408.449951171875,10652.400390625,31.360000610351562,-0.013763662124155177,0.02034782488978978
2022-10-10,138.10397338867188,139.5497290653031,136.28449546728626,138.10397338867188,74899000,0.002355609029590866,141.31807556152344,146.2685546875,27.2375299833613,0.29605707777529716,1415.97998046875,10542.099609375,32.45000076293945,-0.013662903276500696,0.020465716240403345
2022-10-11,136.68772888183594,139.0186494867963,135.9402693459634,137.5925530590874,77033700,-0.01025491498966613,139.91756286621094,145.5378089904785,28.612882300228605,0.3701266571385342,1428.3499755859375,10426.1904296875,33.630001068115234,-0.01487269751615683,0.019942292617053693
2022-10-12,136.0582733154297,138.04496046792565,135.88124936484056,136.8352517842159,70433700,-0.004605062733542109,138.3321502685547,144.70330200195312,28.89798213083337,0.14112060298696033,1430.800048828125,10417.099609375,33.56999969482422,-0.004168122897872458,0.006316606393076898
2022-10-13,140.63160705566406,141.22170198168052,132.1537703856876,132.76355465182596,113224000,0.033613051443272646,137.85220031738282,144.24203796386718,39.79710211860929,1.6258535967690955,1423.9000244140625,10649.150390625,31.940000534057617,0.006251024573354802,0.023864002041811553
2022-10-14,136.09762573242188,142.1363546632189,135.9107571080086,141.92981170804703,88598000,-0.03224013021089611,137.51584167480468,143.63619689941407,34.79009394514044,0.7713834316877836,1430.300048828125,10321.3896484375,32.02000045776367,-0.001077380500388525,0.03306801762954376
2022-10-17,140.06114196777344,140.5430504714938,137.95643899314493,138.743247069302,85250900,0.029122596474564055,137.907275390625,143.04265060424805,39.31917005630381,0.6552461341346423,1440.760009765625,10675.7998046875,31.3700008392334,0.010165172568980196,0.036792639540351516
2022-10-18,141.37905883789062,144.2804000004446,138.2908490399077,143.0903655439518,99136600,0.00940958249805246,138.84554138183594,142.39599380493163,42.949786747107424,1.1370505835486588,1430.1500244140625,10772.400390625,30.5,0.0020973495872401346,0.03132806440198781
2022-10-19,141.48724365234375,142.55926212019432,139.16616774549112,139.35303637893844,61758300,0.0007652110244782406,139.93133544921875,141.91112594604493,51.91984364608251,-0.15989744582918575,1425.02001953125,10680.509765625,30.760000228881836,0.013099129999031586,0.014534266337268951
2022-10-20,141.02499389648438,143.4837601022304,140.29719369702107,140.6611013003117,64522000,-0.003267077256768114,140.0100128173828,141.4513366699219,58.07653259313097,-0.06400289554756382,1435.010009765625,10614.83984375,29.979999542236328,0.002302572088587529,0.006476653064349691
2022-10-21,144.84097290039062,145.41140833908693,140.29716371825512,140.5135362986956,86548600,0.027058884375540382,141.75868225097656,141.29594345092772,57.588075950975345,0.7002735820850207,1430.31005859375,10859.7197265625,29.690000534057617,0.008185672714416836,0.01646855871046235
2022-10-24,146.9850616455078,147.75219561004096,143.59196680128503,144.7623420825169,75981900,0.014803054012842765,143.14346618652343,141.23103408813478,55.52987943292564,0.3336314195996516,1428.1099853515625,10952.6103515625,29.850000381469727,0.012864953710538344,0.01525559444326588
2022-10-25,149.82737731933594,149.97491229930705,146.89653213741997,147.6144876838341,74732300,0.01933744587380648,144.8331298828125,141.2595573425293,59.03282796052265,0.29027294001362025,1443.9599609375,11199.1201171875,28.459999084472656,0.02039979475406321,0.0061965944943445225
2022-10-26,146.88668823242188,149.48314455270017,145.59828223025528,148.47013415168624,88194300,-0.019627181223671797,145.91301879882812,141.23546295166017,55.615991100240066,0.7573758947088457,1426.9300537109375,10970.990234375,27.280000686645508,0.004837772887659149,0.02130822991567669
2022-10-27,142.41175842285156,146.59166146526223,141.75281080290236,145.62782920100577,109180200,-0.030465182811457603,146.19037170410155,141.34955062866212,56.90413874059902,1.485542281348166,1412.68994140625,10792.669921875,27.389999389648438,-0.01025163938710764,0.026191621647722478
2022-10-28,153.1713104248047,154.90227649289278,145.3819406077306,145.75566287950778,164762400,0.07555241309503158,147.85643920898437,142.21208648681642,67.12878960554053,3.4141271757517435,1420.6500244140625,11102.4501953125,25.75,0.008486683019967392,0.05833287822900767
2022-10-31,150.8108673095703,151.6960320711127,149.41429002672785,150.63384336153183,97943200,-0.015410478037224618,148.62160034179686,142.7476043701172,65.7179808741362,1.095642125211615,1421.6500244140625,10988.150390625,25.8799991607666,0.009892250748783119,0.057359425759517545
2022-11-01,148.16525268554688,152.88608702918296,146.6703335656384,152.52219441549875,80379300,-0.017542599357861732,148.28917541503907,142.97135238647462,62.89544200662271,0.48621190786118657,1424.6700439453125,10890.849609375,25.809999465942383,0.01419977856664841,0.05314363374865792
2022-11-02,142.63790893554688,149.66014289619363,142.6084049488852,146.4932515995182,93604600,-0.03730526320992922,147.43941955566407,142.90398101806642,52.09438531592199,0.9451018727052487,1416.5999755859375,10524.7998046875,25.860000610351562,-0.023419446868338523,0.012072630489490154
2022-11-03,136.58938598632812,140.44472962212055,136.4615253404881,139.7169294177421,97918500,-0.0424047365413347,146.2749450683594,142.58188247680664,50.497604447207735,1.0947850874028964,1423.0999755859375,10342.9404296875,25.299999237060547,-0.032417533036375214,0.013131979897165462
2022-11-04,136.3234100341797,140.54964571240953,132.38285778027205,139.97826383175124,140814800,-0.0019472666212516643,142.90536499023438,142.50908203125,45.91179875020561,2.583196057206254,1423.6500244140625,10475.25,24.549999237060547,-0.027219088790838526,0.02203406235565388
2022-11-07,136.85536193847656,137.08193945756335,133.6536636073325,135.07226465763827,83374600,0.003902131733379388,140.11426391601563,142.44665145874023,44.965583288325995,0.5901424887703092,1402.1099853515625,10564.51953125,24.350000381469727,-0.013483290476402324,0.02521688714220854
2022-11-08,137.42677307128906,139.32808250128076,135.44665078479818,138.32325240295035,89908500,0.004175292255405916,137.96656799316406,142.48360366821288,45.52722203741952,0.816855012591668,1392.699951171875,10616.2001953125,25.540000915527344,0.0020433857891778797,0.0034587041161896225
2022-11-09,132.86553955078125,136.49085472450093,132.5897021500865,136.44159482466026,74917800,-0.03319028322189965,136.01209411621093,142.32396697998047,41.756458289895875,0.2967093980507592,1374.1500244140625,10353.169921875,26.09000015258789,-0.008370953077704782,0.021494604340917784
2022-11-10,144.6872100830078,144.6872100830078,137.42674799216064,139.14089348616804,118854000,0.08897469255155,137.63165893554688,142.52674713134766,49.86627115986709,1.8212027005377867,1370.550048828125,11114.150390625,23.530000686645508,0.01998656719501875,0.0625984635421981
2022-11-11,147.47518920898438,147.78057965347278,142.2244006682819,143.65286311949495,93979700,0.01926900881133231,139.8620147705078,143.0956253051758,50.42149685047971,0.9581170501161965,1349.3699951171875,11323.330078125,22.520000457763672,0.025017806046994218,0.0612850457181395
2022-11-14,146.07627868652344,148.04655491917902,145.23890527483894,146.75602639191197,73374100,-0.009485734718933436,141.7061981201172,143.3963821411133,46.691921282010725,0.24314626990018576,1313.030029296875,11196.2197265625,23.729999542236328,0.032919322214649625,0.05062965757911193
2022-11-15,147.81008911132812,151.3073317859871,146.35208917690562,149.9576976256643,89868300,0.011869212718140343,143.782861328125,143.71793365478516,50.83203953235907,0.815460157534563,1324.0799560546875,11358.41015625,24.540000915527344,0.007217495603513073,0.014931097513536142
2022-11-16,146.5786895751953,147.64264051462695,145.10098244243153,146.9136479496193,64218300,-0.008330957267777217,146.5254913330078,143.97250595092774,53.98779855325724,-0.07454064382723548,1316.260009765625,11183.66015625,24.110000610351562,-0.001982493089523437,0.012009816529696548
2022-11-17,148.48001098632812,149.22871050736455,143.97792279490108,144.2537602517047,80389400,0.012971335851364785,147.28405151367187,144.34525680541992,44.59371667474485,0.4865623565198125,1336.4300537109375,11144.9599609375,23.93000030517578,0.00550319710057597,0.011993395647845701
2022-11-18,149.04151916503906,150.4305673318375,147.74114484123723,150.0463641188946,74829600,0.0037817088979246183,147.59731750488282,144.55528411865234,47.87278332277761,0.2936490444180063,1342.75,11146.0595703125,23.1200008392334,0.0028073624938373953,0.010684518530089568
2022-11-21,145.8102569580078,148.13518303183807,145.52457357758468,147.92831248822412,58724100,-0.02168028228062513,147.5441131591797,144.49654388427734,47.20800477813942,-0.26517777454232294,1339.030029296875,11024.509765625,22.360000610351562,-0.001642412510445242,0.01795130857572403
2022-11-22,147.94802856445312,148.1844671134609,144.7463298277078,145.92850754073268,51804100,0.01466132528016173,147.5717010498047,144.4025764465332,56.84561146682271,-0.5052871525315489,1359.75,11174.41015625,21.290000915527344,-0.0010790827008462605,0.01865203960028418
2022-11-23,148.82481384277344,149.5735133563615,147.1205141770319,147.22887996484198,58301400,0.0059263059253158445,148.02092590332032,144.49948272705078,68.20041637935628,-0.2798445713741215,1352.68994140625,11285.3203125,20.350000381469727,-0.00036421702504918496,0.01896987399186826
2022-11-25,145.90878295898438,146.66734339247978,144.9334909730617,146.10580754336945,35195900,-0.019593714304052212,147.50668029785157,144.67433395385743,63.21642306916539,-1.0815565992830898,1317.8900146484375,11226.3603515625,20.5,0.0003313056338084541,0.017799717846794363
2022-11-28,142.07659912109375,144.46063120272478,141.24908683464577,142.9829242489195,69246000,-0.02626424372937075,146.1136962890625,144.11959838867188,56.5985701549493,0.09990992260577483,1334.56005859375,11049.5,22.209999084472656,-0.013310550702702373,0.01699018776820033
2022-11-29,139.07191467285156,142.6578160052338,138.26410941652946,142.14554009146167,83763800,-0.021148341576512908,144.76602783203126,143.53265075683595,51.958645405214064,0.6036469063878536,1340.1199951171875,10983.7802734375,21.889999389648438,-0.022335433203311956,0.00349011183220825
2022-11-30,145.82997131347656,146.50971891238402,138.4611435666205,139.29850181511986,111380900,0.048593971374611744,144.34241638183593,143.41588668823243,64.66782494337068,1.5619019212529188,1325.3699951171875,11468.0,20.579999923706055,0.00039379535624269507,0.04182087803789778
2022-12-01,146.10580444335938,146.9136247638141,144.43107296360157,146.00729966926298,71250400,0.0018914707820238963,143.79861450195312,143.58928146362305,52.17256778356047,0.16945836729386796,1279.800048828125,11482.4501953125,19.84000015258789,0.009779033526707578,0.03553389633127279
2022-12-02,145.61325073242188,145.80042936443078,143.48534896644694,143.79075438457457,65447400,-0.0033712124772459218,143.73950805664063,144.04047470092775,46.93274782823275,-0.03189347092455374,1303.25,11461.5,19.059999465942383,0.01570474322646324,0.028604194708251637
2022-12-05,144.4508056640625,148.67704153557165,143.60358628944576,145.57386250650663,68826400,-0.007983099494808132,144.21434936523437,144.44684448242188,47.301259539213795,0.08535068922365356,1299.1700439453125,11239.9404296875,20.75,-0.0031542803966767194,0.004940858142439111
2022-12-06,140.78607177734375,145.11082689130228,139.81077976944414,144.8842493657544,64727200,-0.025370117320366647,144.55718078613282,144.64337997436525,39.04090468345637,-0.056882889136669425,1304.3699951171875,11014.8896484375,22.170000076293945,-0.0122414764308069,0.011601219081241114
2022-12-07,138.84535217285156,141.23923029830829,137.91932004741116,140.07677467327488,69721100,-0.013784883547013682,143.1602569580078,144.71430892944335,38.195484655674576,0.11639488871598888,1319.7099609375,10958.5498046875,22.68000030517578,-0.01571270012072949,0.008852370008816312
2022-12-08,140.52992248535156,141.38700272319693,139.00297068921475,140.24423909407787,62128300,0.012132709421939003,142.04508056640626,145.09752807617187,37.78378996017397,-0.14705922764190055,1314.0999755859375,11082.0,22.290000915527344,-0.009007430481813775,0.019202435958973748
2022-12-09,140.04721069335938,143.40653461732074,138.80592729031733,140.22452830407295,76097000,-0.0034349395734030175,140.93187255859374,144.86552810668945,36.14568127527197,0.33762514639250707,1316.6300048828125,11004.6201171875,22.829999923706055,-0.0016957045661592323,0.01304603810104398
2022-12-12,142.34259033203125,142.35243630018152,138.9635592869445,140.5791849523235,70462700,0.016390041810241618,140.5102294921875,144.6088981628418,44.50001823392658,0.14212684170974754,1303.1700439453125,11143.740234375,25.0,0.008362603886259201,0.010436366394875411
2022-12-13,143.30804443359375,147.7411660018872,142.09632874722436,147.2781498799709,93886200,0.006782608770224519,141.0146240234375,144.47048645019532,42.35639458395892,0.9548727976823825,1305.9200439453125,11256.8095703125,22.549999237060547,0.006579237002354373,0.009914055263737294
2022-12-14,141.08160400390625,144.48032672192886,139.06206832067184,143.18979848966035,82291200,-0.015536046413076154,141.46187438964844,144.13406219482422,37.787411072005945,0.5525507980024584,1288.97998046875,11170.8896484375,21.139999389648438,0.0025455347224633273,0.016379358188751598
2022-12-15,134.47134399414062,139.69257867211073,134.00832790749715,139.01283101163355,98931900,-0.04685415973568463,140.25015869140626,143.5286949157715,33.8435983696107,1.1299479260812608,1295.6800537109375,10810.5302734375,22.829999923706055,-0.018535865792845423,0.026943921785303443
2022-12-16,132.5109100341797,135.60424282446493,131.74250357896327,134.6585187405124,160156900,-0.01457882327736948,138.7428985595703,142.73023986816406,35.733176037958245,3.2543260572070354,1317.0999755859375,10705.41015625,22.6200008392334,-0.02565634314204342,0.01836408560985597
2022-12-19,130.40272521972656,133.19066784085936,129.36834224245627,133.1020090197244,79592600,-0.015909518800446998,136.35492553710938,141.79830017089844,36.71500098388704,0.45891508016405885,1308.8599853515625,10546.0302734375,22.420000076293945,-0.025780833937833703,0.018262159860776596
2022-12-20,130.33377075195312,131.26964891983806,127.95958437581338,129.43729149310985,77432800,-0.0005287808798263294,133.76007080078125,141.02447586059571,20.129148382789182,0.3839745838373059,1301.3299560546875,10547.1103515625,21.479999542236328,-0.010339040985880935,0.008521947556463705
2022-12-21,133.43692016601562,134.77670825725167,130.77705094971176,131.00362844860888,85928000,0.023809250635188794,132.23113403320312,140.29892044067384,27.979392368797278,0.6787400734173742,1283.6400146484375,10709.3701171875,20.06999969482422,0.002456983651638489,0.020027013101017142
2022-12-22,130.26480102539062,132.56017450128888,128.3634917913713,132.35330392731453,77852100,-0.023772424728316643,131.38982543945312,139.37091979980468,25.595189728879745,0.3985234078533294,1280.77001953125,10476.1201171875,21.969999313354492,-0.0001639849909847261,0.023792935183156578
2022-12-23,129.90029907226562,130.4519739547497,127.71329147955147,128.974266934376,63814900,-0.002798161516048836,130.86770324707032,138.57049560546875,26.261587328836114,-0.08853777144007562,1290.199951171875,10497.8603515625,20.8700008392334,-0.000920445203058895,0.02384634817982734
2022-12-27,128.0974884033203,129.45698360544398,126.80696007412172,129.42743066905106,69007800,-0.01387841815469859,130.40665588378906,137.87154006958008,27.960245060486827,0.09164488592412258,1275.1300048828125,10353.23046875,21.649999618530273,-0.01348300146635469,0.010492721052826887
2022-12-28,124.16678619384766,129.08262238361158,123.99931454878694,127.74283419111387,85438400,-0.030685240268698122,129.17325897216796,137.12628364562988,26.152311367264062,0.6617519879457665,1272.280029296875,10213.2900390625,22.139999389648438,-0.015787273313148515,0.014041192483228401
2022-12-29,127.68374633789062,128.54081165179434,125.83168946503402,126.08781995267968,75703700,0.028324483961051694,128.02262420654296,136.21897239685057,30.302134578100677,0.32397846743829284,1274.3199462890625,10478.08984375,21.440000534057617,-0.0054130581541150065,0.030402033293389925
2022-12-30,127.99894714355469,128.0186541085182,125.53611015946498,126.50154851054427,77034200,0.0024686055563403198,127.56945343017578,135.31362953186036,31.430228992071207,0.3701440060820306,1260.260009765625,10466.48046875,21.670000076293945,3.594974956463067e-05,0.02957998054636714
2023-01-03,123.2112045288086,128.9545531314731,122.32457886036785,128.34377240566315,112117500,-0.03740454684659633,126.23163452148438,134.1935272216797,22.61695412233756,1.5874603848117141,1270.0999755859375,10386.98046875,22.899999618530273,-0.0022038191097347726,0.033112686948106373
2023-01-04,124.48204040527344,126.7478608503369,123.22106494631889,125.00416235162118,89113600,0.010314288228289392,125.508544921875,133.19508895874023,23.28757003882923,0.7892736622212005,1279.0799560546875,10458.759765625,22.010000228881836,-0.008207217687322207,0.025588116512816613
2023-01-05,123.16194915771484,125.87107865122056,122.9058186898535,125.24059093401247,80962700,-0.010604672314663222,125.30757751464844,132.3138828277588,23.90235198669518,0.506454655132706,1271.0799560546875,10305.240234375,22.459999084472656,-0.01256497697765672,0.02391973873195211
2023-01-06,127.69358825683594,128.35362894146016,123.03388952483932,124.13724683818648,87754700,0.036794148924341075,125.3095458984375,131.756294631958,39.49291817547814,0.7421227035868712,1274.1800537109375,10569.2900390625,21.1299991607666,0.012167921612655749,0.023753716156730036
2023-01-09,128.21568298339844,131.4272419402479,127.95955255827974,128.53093430540028,70790800,0.004088652638630341,125.35289306640625,131.14058265686035,43.03060054204346,0.1535112184320402,1252.8800048828125,10635.650390625,21.969999313354492,0.010092709749436065,0.02426311171416667
2023-01-10,128.7870635986328,129.3091854431004,126.21585327519355,128.32404761851848,63896200,0.00445640191542207,126.46806488037109,130.57757530212402,47.24082117828178,-0.08571683322757213,1239.280029296875,10742.6298828125,20.579999923706055,0.015113067826131163,0.01877726732176463
2023-01-11,131.5060577392578,131.52574967331964,128.52109123972087,129.29934353146365,69458900,0.021112323432567637,127.87286834716797,130.03574867248534,51.83579350141658,0.10729710274651272,1240.1600341796875,10931.669921875,21.09000015258789,0.009885792662206683,0.009724199439338919
2023-01-12,131.42727661132812,132.26463497127472,129.4865533653131,131.89029271765745,71379600,-0.0005990684329225671,129.52593383789062,129.44171028137208,46.523549151010485,0.17394133429331998,1241.5999755859375,11001.099609375,18.829999923706055,0.008323218971689047,0.011360472692374847
2023-01-13,132.7572021484375,132.91482784880117,129.70328312196565,130.06777940104425,57809700,0.01011909834396385,130.53865661621094,129.02549018859864,54.60501270624034,-0.2969055224084137,1239.1300048828125,11079.16015625,18.350000381469727,0.01021078444786964,0.010855986318177347
2023-01-17,133.9196319580078,135.24955893921694,132.13653498479533,132.82612842305298,63646600,0.008756058358857066,131.6794464111328,128.997904586792,57.21352515347294,-0.09437742582094075,1240.7099609375,11095.1103515625,19.360000610351562,0.00609202942329945,0.005834600448308546
2023-01-18,133.20050048828125,136.54996329562516,133.0231678517452,134.7865730896908,69672800,-0.005369873402519931,132.5621337890625,129.03238410949706,59.52907954692561,0.11471898077424328,1237.0,10957.009765625,20.34000015258789,0.004501761100100328,0.008576208096544777
2023-01-19,133.25962829589844,134.22505937639417,131.78192122019502,132.0873116107182,58280400,0.0004439007916670068,132.91284790039063,129.17522926330565,69.84956676421544,-0.2805732270009674,1237.8800048828125,10852.26953125,20.520000457763672,0.001276695249334714,0.007099693443262856
2023-01-20,135.82095336914062,135.96873306889344,132.22520615532028,133.26944989272516,80223600,0.019220562941649977,133.7915832519531,129.44958839416503,68.53683329545498,0.480809446856429,1232.1800537109375,11140.4296875,19.850000381469727,0.004764863443599017,0.012852059312760337
2023-01-23,139.01283264160156,141.18999437445396,135.85053284595898,136.06726442233395,81760300,0.023500639579416616,135.04270935058594,129.72838401794434,72.18267351551506,0.5341296897980538,1230.030029296875,11364.41015625,19.809999465942383,0.0143883677709112,0.012264415334931819
2023-01-24,140.41172790527344,141.03236969957698,138.21487421828232,138.22472018745663,66435100,0.01006306566875348,136.34112854003905,130.23573036193847,90.11959325252558,0.002377632058099219,1229.280029296875,11334.26953125,19.200000762939453,0.01759475606327336,0.006864731178674387
2023-01-25,139.75167846679688,140.31319931491353,136.74700453490559,138.7960933961296,65799300,-0.004700814157930222,137.6513641357422,130.72829933166503,86.66042695877866,-0.019683284491835734,1232.6600341796875,11313.3603515625,19.079999923706055,0.009620963696746624,0.014105923891761426
2023-01-26,141.82049560546875,142.10617905673,139.79109837644856,141.0422280440059,54105100,0.01480352265796503,139.36353759765626,131.41444969177246,93.24212805742859,-0.425447314561432,1232.5899658203125,11512.41015625,18.729999542236328,0.006721924722929429,0.01017237463780539
2023-01-27,143.7611541748047,145.04183634112735,140.95352042033858,141.03233324940567,70555800,0.013683907682389362,140.95157775878906,132.3941680908203,92.31977385796198,0.14535721498876444,1231.8499755859375,11621.7099609375,18.510000228881836,0.007928872060808057,0.010951945713489548
2023-01-30,140.87472534179688,143.38683009380475,140.7269606636837,142.8056023172103,64015300,-0.0200779469918424,141.32395629882814,133.05371704101563,79.6494387419196,-0.08158431488674601,1228.949951171875,11393.8095703125,19.940000534057617,0.002803161116170664,0.019823526820707694
2023-01-31,142.14556884765625,142.19482875871702,140.1654466919342,140.57920288721874,65874500,0.00902108950186764,141.67072448730468,133.76104812622071,80.29507162059326,-0.017074003389987498,1231.5,11584.5498046875,19.399999618530273,0.0008756833974715347,0.018295530552983
2023-02-01,143.26861572265625,144.43108640849707,139.21971287170524,141.83032262446247,77663600,0.007900681562600154,142.37411193847657,134.7639186859131,78.75737260103574,0.39198285615521244,1232.1500244140625,11816.3203125,17.8700008392334,-0.0010520586424582017,0.016486423174843494
2023-02-02,148.57852172851562,148.93315698101298,145.96789698553212,146.68704352311798,118339000,0.037062590289407504,143.72571716308593,135.9687427520752,83.39091873602956,1.8033332887365654,1221.949951171875,12200.8203125,18.729999542236328,0.017994787117958433,0.016522701559564465
2023-02-03,152.20382690429688,155.0410292646019,145.632957993241,145.8299825944814,154357300,0.02439992761810794,145.41425170898438,137.42083663940429,84.75357296873277,3.0530921918043887,1224.9000244140625,12006.9501953125,18.329999923706055,0.023121066490038533,0.01462295607893028
2023-02-06,149.47499084472656,150.82464018350336,148.5391127115985,150.3025182240104,69858300,-0.017928826857199542,147.13430480957032,138.50990676879883,76.32549016897812,0.12115543881138222,1246.75,11887.4501953125,19.43000030517578,0.0145112303501053,0.028798502394945597
2023-02-07,152.35157775878906,152.9229595728958,148.4011799958932,148.4011799958932,83322600,0.019244603380178082,149.17550659179688,139.71670150756836,80.20508557771295,0.5883381986466908,1261.22998046875,12113.7900390625,18.65999984741211,0.00857190138036216,0.023094605210749332
2023-02-08,149.6621551513672,152.28262569889247,148.9233016908853,151.5930321421785,64120100,-0.017652738796574252,150.45421447753907,140.76045608520508,73.8880720856426,-0.07794797632991496,1255.3499755859375,11910.51953125,19.6299991607666,-0.005445654091198571,0.021382835795479893
2023-02-09,148.62774658203125,152.036330247997,148.1844375441137,151.49450140964842,56007100,-0.006911624173056574,150.46405944824218,141.61654052734374,69.51949529868868,-0.35945193350138754,1260.469970703125,11789.580078125,20.709999084472656,-0.001773253196484248,0.01897776612635812
2023-02-10,148.99281311035156,149.3184067990407,147.22673043469464,147.46352995054943,57450700,0.002456247482153895,149.8218566894531,142.49481735229492,66.64532562069246,-0.3093620638387796,1264.550048828125,11718.1201171875,20.530000686645508,-0.007369371829158977,0.010062305003179835
2023-02-13,151.79489135742188,152.19940317198714,148.90402220916044,148.9336202674222,62199000,0.018806801405883533,150.28583679199218,143.44670181274415,68.13673803034126,-0.14460608703151928,1266.8699951171875,11891.7900390625,20.34000015258789,0.0047838082383269516,0.013016240158745002
2023-02-14,151.15359497070312,151.71598829923826,148.84485563822165,150.08801949687324,61707600,-0.004224756057229384,150.046240234375,144.30839996337892,68.17747977600781,-0.16165662869971376,1272.93994140625,11960.150390625,18.90999984741211,0.005679430943602681,0.011849254977161394
2023-02-15,153.25511169433594,153.4228390365263,150.83784167870803,151.06476513520522,65573800,0.013903187178843757,150.76483154296875,145.31113052368164,68.21062420820287,-0.027507658008681175,1272.25,12070.58984375,18.229999542236328,0.00949507750916597,0.012132053945606094
2023-02-16,151.65676879882812,154.24176636818623,151.3015770289575,151.4594283283723,68167900,-0.010429295818175865,151.37063598632812,146.23098754882812,62.713063744205144,0.06250213063898516,1283.719970703125,11855.830078125,20.170000076293945,-0.0002502882321871643,0.012643762417464286
2023-02-17,150.5122528076172,150.95623873407766,148.83496427712012,150.314927401964,59144100,-0.0075467517887654045,151.67452392578124,146.96555252075194,66.43999206691396,-0.2506046620054046,1288.9599609375,11787.26953125,20.020000457763672,-0.0013576201426991712,0.013294602103835765
2023-02-21,146.49661254882812,149.27895045459564,146.42755543146694,148.19363813923312,58867200,-0.02667982296379423,150.6148681640625,147.3397415161133,56.786610893868755,-0.2602125069136729,1296.1099853515625,11492.2998046875,22.8700008392334,-0.014885290190245168,0.010315547369389224
2023-02-22,146.9208984375,147.9469997349945,145.19427453082793,146.88142431742384,51011300,0.002896216378589944,149.76832885742186,147.66520004272462,55.82364835363608,-0.5327956373393319,1305.8299560546875,11507.0703125,22.290000915527344,-0.01044345279132323,0.014999289427143774
2023-02-23,147.4043426513672,148.3317887532872,145.27320688340583,148.0851281966049,48394200,0.0032905067897663898,148.59817504882812,148.04783325195314,47.78711002475696,-0.6236034773878295,1302.8299560546875,11590.400390625,21.139999389648438,-0.006831033265145965,0.017190686595012977
2023-02-24,144.75027465820312,145.22385866894857,143.77349352201168,145.1449254913303,55469600,-0.01800535822368088,147.2168762207031,148.19432220458984,35.41919940130364,-0.3781020477599437,1298.0799560546875,11394.9404296875,21.670000076293945,-0.003939545018441515,0.01218294677307585
2023-02-27,145.944091796875,147.17739437262094,145.48036882399748,145.736905394929,44998500,0.008247425723307389,146.3032440185547,148.30346908569337,42.65143414518708,-0.7414270922488142,1313.699951171875,11466.98046875,20.950000762939453,-0.0021558085702023666,0.01394807977794733
2023-02-28,145.44090270996094,147.08859306462728,144.8686485359811,145.08571098317904,50547000,-0.0034478208793433662,146.09210205078125,148.53177795410156,34.04079477536857,-0.5489058662700252,1318.3499755859375,11455.5400390625,20.700000762939453,-0.004401917793238952,0.013152372102880845
2023-03-01,143.3689422607422,145.26329303666353,143.0729466587316,144.8686422706239,55479000,-0.014246064281866144,145.3817108154297,148.59294662475585,35.040093909561165,-0.3777758876222127,1321.5999755859375,11379.48046875,20.579999923706055,-0.0031488198126340405,0.011249725524724091
2023-03-02,143.96096801757812,144.7502847940671,141.97780754659183,142.4514066454644,52238100,0.0041293863754621185,144.6930358886719,148.62756423950196,38.66802660154292,-0.49022826957673327,1305.72998046875,11462.98046875,19.59000015258789,-0.00452149959524913,0.009234656799454786
2023-03-03,149.01255798339844,149.0914911594904,145.36198515518814,146.0624926286878,70732300,0.03508999720815642,145.54549255371094,148.6492660522461,50.03902808938743,0.15148139204296943,1311.06005859375,11689.009765625,18.489999771118164,0.008324439767250799,0.024934125121142483
2023-03-06,151.77516174316406,154.21216902598104,151.41010897005816,151.7356876269036,87558000,0.01853940229704265,146.71170654296876,148.62783279418946,49.96088562613782,0.7352976292154144,1294.780029296875,11675.740234375,18.610000610351562,0.019252928626887062,0.015492633593128106
2023-03-07,149.574951171875,151.9724842932115,149.1112281718285,151.64689058754286,56182000,-0.014496512775998838,147.53851623535155,148.63283081054686,47.0544378813614,-0.3533832730663708,1299.0,11530.330078125,19.59000015258789,0.013044295576400078,0.02524584404423071
2023-03-08,150.8279571533203,151.41994837307152,149.80185610137525,150.76876104233762,47204800,0.008377111084632682,149.0303192138672,148.55664978027343,45.323142901064635,-0.6648731441769025,1317.9000244140625,11576.0,19.110000610351562,0.004140000201892165,0.016920630976792188
2023-03-09,148.57843017578125,152.47566345847628,148.2232384177023,151.50875841619168,53833600,-0.014914522612358705,149.9538116455078,148.50246353149413,44.21360070778403,-0.43486779087993993,1316.449951171875,11338.349609375,22.610000610351562,-0.00701130810124162,0.013328400760629902
2023-03-10,146.51638793945312,148.92379766523285,145.63827685635812,148.2035529702143,68572400,-0.01387847639720352,149.45457763671874,148.39689559936522,42.739366105365775,0.07653742592751724,1325.550048828125,11138.8896484375,24.799999237060547,-0.006805295974976515,0.013158550871305541
2023-03-13,148.46005249023438,151.09438534791173,145.72704939093524,145.83558063473313,84457100,0.013265850858843464,148.79155578613282,148.37025756835936,53.858108329237716,0.6277029514398665,1319.5400390625,11188.83984375,26.520000457763672,-0.005175716050239587,0.015979264391286063
2023-03-14,150.5517120361328,151.35088971565344,148.09498288130473,149.25921331444258,73695900,0.014089039514761259,148.98690795898438,148.30809860229493,56.69572420045769,0.25431204993442463,1296.3800048828125,11428.150390625,23.729999542236328,0.004492137992133734,0.01591474205484022
2023-03-15,150.94635009765625,151.20287157254486,147.91735223031125,149.17039166199476,77167900,0.0026212791351634124,149.01058654785157,148.29773635864257,56.553417960589826,0.3747831135729496,1304.5799560546875,11434.0498046875,26.139999389648438,0.009992056502922711,0.006396536495996163
2023-03-16,153.76815795898438,154.3700101664544,149.6143886164517,150.1274466592856,76161100,0.018694111248814815,150.04853210449218,148.323388671875,66.5819914674976,0.33984928094873673,1311.739990234375,11717.2802734375,22.989999771118164,0.011801476632913163,0.008276997704011477
2023-03-17,152.9295196533203,154.64628226147335,152.21913616408204,153.99509488717774,98944600,-0.005453913975400293,151.33115844726564,148.38702621459962,63.01472581194204,1.1303885892460677,1301.6199951171875,11630.509765625,25.510000228881836,0.005287158802859311,0.01229276072976719
2023-03-20,155.29745483398438,155.7118577491849,152.0908681263484,152.99859207349292,73641400,0.015483833245746093,152.69863891601562,148.62628631591798,67.17087754792936,0.2524210150933245,1307.6500244140625,11675.5400390625,24.149999618530273,0.009574676839720206,0.013113747657725012
2023-03-21,157.15234375,157.2707359778321,154.44893912645242,155.21853377224946,73938300,0.011944103771684755,154.01876525878907,149.15907287597656,74.19475092501713,0.26272281774144607,1304.93994140625,11860.1103515625,21.3799991607666,0.007324674347343518,0.011207214677564017
2023-03-22,155.7217254638672,159.97415053377057,155.7019884063488,157.17209056471103,75701800,-0.009103384982973362,154.97384033203124,149.59911422729493,70.05389273631704,0.32391254145300674,1303.43994140625,11669.9599609375,22.260000228881836,0.006108184011485829,0.01329196353599712
2023-03-23,156.80702209472656,159.39203464017027,155.57371946683134,156.70836691747317,67622100,0.006969461888676642,155.58161315917968,150.0692481994629,65.3696970710927,0.04356402391838986,1298.25,11787.400390625,22.610000610351562,0.003270060225796012,0.01100060794760254
2023-03-24,158.109375,158.19816916372028,155.74144030435596,156.73794326990517,59196500,0.008305450150610572,156.61758422851562,150.73720321655273,63.253514673795735,-0.24878649272698908,1286.2900390625,11823.9599609375,21.739999771118164,0.002057175685437951,0.009688384900692772
2023-03-27,156.16571044921875,158.62245469903792,155.76118357485748,157.8035399490982,52390300,-0.012293164467832796,156.7912353515625,151.24828414916993,63.93996164271928,-0.48494725117645004,1294.8299560546875,11768.83984375,20.600000381469727,0.0009939158571514728,0.011526321782378909
2023-03-28,155.54409790039062,156.37288858285143,153.8964076451378,155.8598305517969,45992200,-0.003980467588179382,156.46958618164064,151.7534439086914,60.24872401329999,-0.7069478019442053,1297.800048828125,11716.080078125,19.969999313354492,-0.0026560606351338687,0.010362975990647753
2023-03-29,158.62246704101562,158.89872564622954,157.2214369560123,157.24115895998125,51305700,0.019790973634990383,157.04973449707032,152.51612014770507,71.06795621725976,-0.522580579408692,1296.97998046875,11926.240234375,19.1200008392334,0.0011724471929927354,0.016651197479664107
2023-03-30,160.1912384033203,160.29976965443572,159.1158019499735,159.37232351853436,49501700,0.009889969507907326,157.72657775878906,153.3276336669922,79.28991686936453,-0.5851755675434556,1307.1300048828125,12013.4697265625,19.020000457763672,0.00856682518490611,0.011940828599024018
2023-03-31,162.69729614257812,162.7959663866168,159.74724553838644,160.27016471086742,68749800,0.015644162341439616,158.6441619873047,154.01187057495116,79.77711888256918,0.0826928310800156,1296.5,12221.91015625,18.700000762939453,0.015108368494779109,0.004972200414878399
2023-04-03,163.9503173828125,164.06870961825848,162.02636828199599,162.07570339841976,56976200,0.007701549257071338,160.20108337402343,154.6206283569336,79.04190503322013,-0.3258262112167981,1305.47998046875,12189.4501953125,18.549999237060547,0.011078560368806093,0.004102540289619597
2023-04-04,163.41754150390625,164.61137005549932,162.90448337873613,164.37458557847017,46278300,-0.0032496178562573252,161.77577209472656,155.31275787353516,76.8707913848496,-0.6970207364756045,1308.050048828125,12126.330078125,19.0,0.006698697914084543,0.009486728395596526
2023-04-05,161.57252502441406,162.84530192290984,159.6387146980463,162.53944524256352,51511700,-0.0112901984848921,162.36578369140625,155.84998626708983,67.5544141022383,-0.5154328146882035,1312.4100341796875,11996.8603515625,19.079999923706055,-0.0022794223613593623,0.0095329733057075
2023-04-06,162.4604949951172,162.75649064193277,159.83602334429725,160.26027222926052,45390100,0.005495798066960544,162.81963500976562,156.54408950805663,71.39062138198105,-0.7278393997024876,1316.2099609375,12087.9599609375,18.399999618530273,-0.0030146727580629604,0.008395464219391002
2023-04-10,159.8656005859375,159.8656005859375,157.94165171461705,159.26374836927192,47716900,-0.015972464008912945,162.2532958984375,157.21155014038087,60.14900238730125,-0.6471043562479599,1315.449951171875,12084.3603515625,18.969999313354492,-0.007255621475614833,0.011288486518237802
2023-04-11,158.65203857421875,160.191197704471,158.36590395989919,160.18133670413533,47644200,-0.00759113910228848,161.19364013671876,157.72114944458008,53.42956691229724,-0.6496268926323265,1320.8800048828125,12031.8798828125,19.100000381469727,-0.006022601681413627,0.010819741280183582
2023-04-12,157.96141052246094,159.89522066020655,157.64567781550258,159.06644488688698,50133100,-0.004353099134208338,160.1024139404297,158.09163436889648,55.30124579840375,-0.5632673216962882,1322.0899658203125,11929.33984375,19.09000015258789,-0.009305567415136587,0.005996403785003082
2023-04-13,163.3484649658203,163.58526449148977,159.26376724154565,159.47096870837692,68445600,0.03410361065744838,160.45760192871094,158.71174011230468,62.8637799883997,0.0721377338568476,1322.8299560546875,12166.26953125,17.799999237060547,0.007386457473650521,0.023194308168031433
2023-04-14,163.00314331054688,164.0983166124722,161.63171143290737,162.39141498863978,49386500,-0.002114018367700532,160.56613159179688,159.17348937988282,60.0000155587589,-0.5891727641250103,1301.4300537109375,12123.4697265625,17.06999969482422,0.009212164385179836,0.021585676820837896
2023-04-17,163.02285766601562,163.18072400329442,161.83889024634973,162.88472838463733,41516200,0.0001209446337557818,161.1975830078125,159.67815628051758,65.2078046825086,-0.8622555441233636,1303.3800048828125,12157.7197265625,16.950000762939453,0.010703512307834543,0.020295866992645777
2023-04-18,164.24632263183594,165.17376867697192,163.43726882906975,163.8812698478859,49923000,0.007504867620016897,162.31643981933593,160.12559967041017,68.79800339602548,-0.5705573477534467,1316.0699462890625,12153.41015625,16.829999923706055,0.0018372646286907157,0.005033890906141603
2023-04-19,165.39083862304688,165.91375779040226,163.3287449605883,163.5852815705882,47720200,0.006968289900629365,163.8023254394531,160.5375244140625,65.95348833794463,-0.6469898532208841,1315.9000244140625,12157.23046875,16.459999084472656,0.0048647007181340145,0.004116964324996128
2023-04-20,164.4238739013672,165.62757827712016,163.34843779588732,163.87135682166968,52456400,-0.005846543434510076,164.0174072265625,160.9726318359375,60.267882306240125,-0.48265372084623503,1326.760009765625,12059.5595703125,17.170000076293945,0.002875538028712062,0.007558307198079911
2023-04-21,162.81568908691406,164.226580111448,162.29276996055185,162.84528714652217,58337300,-0.009780725732187912,163.97991638183595,161.27306518554687,50.30025446628175,-0.2785989172310849,1323.5999755859375,12072.4599609375,16.770000457763672,-0.0028863264220228744,0.00875811308090114
2023-04-24,163.12152099609375,163.3879185471219,161.70075413055952,162.79592733482866,41949600,0.001878393359355135,163.99964904785156,161.52367248535157,47.79171320455145,-0.8472174799007436,1329.3800048828125,12037.2001953125,16.889999389648438,-0.004582958602447618,0.005931378378468017
2023-04-25,161.58238220214844,164.08844653165775,161.54290808705858,162.98341218856248,48714100,-0.009435534836523374,163.46686096191405,161.79450607299805,45.3592260988263,-0.6125036233388766,1332.800048828125,11799.16015625,18.760000228881836,-0.005779289069785383,0.006633993090724939
2023-04-26,161.57252502441406,163.07222541881754,160.62535692108122,160.8818784792827,45498800,-6.10040376929355e-05,162.7031982421875,162.0959274291992,49.99996097477708,-0.7240677393863851,1341.0,11854.349609375,18.84000015258789,-0.002539381838287058,0.006050455371063429
2023-04-27,166.16038513183594,166.30837541189834,162.98339664348885,162.98339664348885,64902300,0.028395051118552672,163.05050048828124,162.47282333374022,58.549879534902864,-0.05080728912425418,1337.8299560546875,12142.240234375,17.030000686645508,0.006299504081445455,0.01970102423927032
2023-04-28,167.41342163085938,167.5811640335514,165.63747792316207,166.23933019675923,55275900,0.007541126593015868,163.9700469970703,162.83393249511718,68.5951008777941,-0.3848230284704225,1339.3900146484375,12226.580078125,15.779999732971191,0.011958391224625201,0.014733327488489205
2023-05-01,167.3246307373047,168.17314354860417,166.387323749872,167.0187740939811,52472900,-0.0005303690271050154,164.8106689453125,163.0652992248535,72.61973653109229,-0.4820812057108561,1337.1700439453125,12212.599609375,16.079999923706055,0.011801936228154508,0.014926012753273096
2023-05-02,166.28868103027344,168.07451617943886,165.30203876342605,167.81797955488014,48425700,-0.006191256496227759,165.7519287109375,163.18221740722657,71.3347625061143,-0.6225104939475606,1342.7900390625,12080.509765625,17.780000686645508,0.00027316702322769765,0.006901365007415031
2023-05-03,165.21319580078125,168.6368446604595,164.92707625204469,167.23581486172367,65136000,-0.006467579289394898,166.48006286621094,163.27200012207032,56.1322704233442,-0.04269839293406891,1342.300048828125,12025.330078125,18.34000015258789,-0.004396401604242557,0.0033509318833901693
2023-05-04,163.5753936767578,164.8086963510818,162.11516752574818,162.68742177323023,81235400,-0.009913264591760229,165.96306457519532,163.3721435546875,51.73440580053087,0.5159167689156051,1335.22998046875,11966.400390625,20.09000015258789,-0.0075240334591276286,0.002073742420205517
2023-05-05,171.25146484375,171.9717093122383,168.478988085668,168.69605053726107,113453200,0.04692680845482733,166.73067321777344,163.81169204711915,67.03433123236323,1.633806352467814,1320.1500244140625,12235.41015625,17.190000534057617,0.010181988191224067,0.03186855109593334
2023-05-08,171.18240356445312,171.5277343198539,169.8109716539451,170.1760244116815,55962800,-0.0004032740938004764,167.50222778320312,164.3775321960449,65.07934757893324,-0.3609890498951625,1316.9599609375,12256.919921875,16.979999542236328,0.012203423256422208,0.030444951790821323
2023-05-09,169.47547912597656,171.2218244055863,169.30775181378038,170.73837952189152,45326900,-0.009971377915802382,168.13958740234375,164.9187042236328,58.66820425200842,-0.7300323061604238,1322.4100341796875,12179.5498046875,17.709999084472656,0.012184052148408156,0.030466071120388533
2023-05-10,171.2415771484375,171.70530007668728,169.60374787227713,170.7087971111727,53724500,0.010420964918164577,169.345263671875,165.58271255493165,63.99355405396692,-0.4386533303508394,1326.050048828125,12306.4404296875,16.940000534057617,1.543763618723955e-05,0.010202617370024772
2023-05-11,171.42906188964844,172.25783762602444,169.87016559220018,171.5277321199156,49514700,0.0010948552584775229,170.91599731445314,165.98674240112305,68.77415389264998,-0.5847244950125509,1318.050048828125,12328.509765625,16.93000030517578,0.0005148140869465726,0.010208537965106094
2023-05-12,170.50033569335938,171.97245613352067,168.94915782664347,171.5377307421917,45533100,-0.0054175539786065485,170.765771484375,166.36160202026366,65.65806517024758,-0.7228776018625368,1329.8800048828125,12284.740234375,17.030000686645508,0.002032755399345184,0.007960804778194353
2023-05-15,170.00634765625,171.13267487374878,169.4135375098661,171.0832715155854,37266700,-0.002897284835836289,170.5305603027344,166.71077651977538,68.70563458568367,-1.009704214898684,1341.52001953125,12365.2099609375,17.1200008392334,-0.0024066611853217714,0.0032838090980819683
2023-05-16,170.00634765625,171.0635071571624,169.73958158279842,169.92730529834625,42110300,0.0,170.63673400878906,166.9987777709961,68.73572455111145,-0.8416415294610227,1335.4000244140625,12343.0498046875,17.989999771118164,-0.0027716129381476127,0.002710962531496644
2023-05-17,170.6189422607422,170.85605430754907,168.37616200468153,169.65069955943412,57951600,0.003603363126951198,170.51220703125,167.26018295288085,62.02929162436729,-0.2919818922441549,1342.4300537109375,12500.5703125,16.8700008392334,0.00023535943037163629,0.0032567086959260317
2023-05-18,172.9506072998047,173.13833101906644,170.51022910097907,170.92519018134206,65496700,0.013665921310772378,170.81651611328124,167.68651962280273,64.11776285279143,-0.03018286509581547,1334.1500244140625,12688.83984375,16.049999237060547,0.005756428145907859,0.007082804391619549
2023-05-19,173.0592803955078,174.27452457823847,172.84191768629904,174.27452457823847,55809500,0.0006283475808486205,171.32830505371095,168.1986991882324,64.60641514563918,-0.3663082359711377,1334.739990234375,12657.900390625,16.809999465942383,0.005965877339524066,0.006832326634774899
2023-05-22,172.11077880859375,172.61467191708667,171.36977372037438,171.89341610998645,43570900,-0.005480790078095543,171.7491912841797,168.6481620788574,64.89550503258928,-0.7909617957195395,1324.2099609375,12720.7802734375,17.209999084472656,0.0029378262711751515,0.009780051539636882
2023-05-23,169.50242614746094,171.3006055683709,169.2257854789803,171.05360389467134,50747300,-0.015155080229074969,171.64840698242188,169.04416427612304,60.175614678068676,-0.5419558795053948,1313.8299560546875,12560.25,18.530000686645508,-0.006669174242107297,0.007958538876497431
2023-05-24,169.779052734375,170.35209837892356,168.47489184481773,169.03804777473567,45143500,0.001631991902425023,171.48042907714844,169.4544906616211,65.73348675318934,-0.7363958986348782,1319.8399658203125,12484.16015625,20.030000686645508,-0.006334626134915163,0.00842604442760588
2023-05-25,170.91529846191406,171.81437317497037,169.63088663153601,170.34225271987503,56058300,0.006692496566798267,171.0733673095703,169.692236328125,48.72416886472971,-0.3576754016873632,1318.52001953125,12698.08984375,19.139999389648438,-0.0022768639199505594,0.011436280791541565
2023-05-26,173.3260040283203,173.66193775593948,171.0338363781654,171.24132441358356,54835000,0.014104679850782675,171.1267120361328,169.98786544799805,56.907397309688164,-0.4001213268454875,1330.8900146484375,12975.6904296875,17.950000762939453,0.007476389440001989,0.006273185171168604
2023-05-30,175.17361450195312,176.84334846181008,174.45237373510062,174.8376957969301,55964400,0.01065974193538155,171.7392791748047,170.38031463623048,68.19638873765665,-0.3609335332759742,1324.5899658203125,13017.4296875,17.459999084472656,0.010485639450987497,0.003709157453539424
2023-05-31,175.12420654296875,177.19902686801004,174.64007778024913,175.20324889662425,99625300,-0.00028205137585846085,172.86363525390624,170.82209091186525,63.925571467072906,1.1540074409219732,1319.7900390625,12935.2900390625,17.940000534057617,0.008160790136768589,0.007511862546382518
2023-06-01,177.93016052246094,177.95979952365096,174.8080550736066,175.568824614325,68901800,0.01602265063684216,174.49385681152344,171.45793914794922,69.62998644894824,0.08796690990290033,1321.739990234375,13100.98046875,15.649999618530273,0.00880011373212175,0.008309903111439317
2023-06-02,178.7798309326172,179.5998784017098,177.11009699591673,178.8588732872537,61996900,0.004775302892221056,176.06676330566407,172.2181610107422,75.11977048600377,-0.15161852999273642,1312.8499755859375,13240.76953125,14.600000381469727,0.006838634051068253,0.008345886923152123
2023-06-05,177.42625427246094,182.7318457046313,175.90471543246178,180.43967788018574,121946500,-0.007571193311321722,176.88681335449218,172.52690048217772,71.39580302320039,1.928505916062596,1305.1400146484375,13229.4296875,14.729999542236328,0.004408920072580498,0.011801188302051263
2023-06-06,177.0607147216797,177.95978950011875,175.30204865399,177.81159450251565,64848400,-0.0020602337138895255,177.2642333984375,172.82081604003906,69.92176820290383,-0.05267750523315871,1299.7900390625,13276.419921875,13.960000038146973,-0.0016187080443300639,0.006185078885000763
2023-06-07,175.6873779296875,179.03672040758232,175.19337452542106,176.29993732672585,61944600,-0.007756304351029697,177.37686767578126,173.13141098022462,63.72374791928004,-0.1534332294824527,1299.199951171875,13104.900390625,13.9399995803833,-0.005795910458746982,0.0032365146501762143
2023-06-08,178.40440368652344,178.67115468077665,175.3317017878174,175.76641213704826,50214900,0.015465116440654736,177.47171630859376,173.48955230712892,64.46531409433159,-0.5604290345402885,1308.3399658203125,13238.51953125,13.649999618530273,0.0018828594585785046,0.012102461886789392
2023-06-09,178.78970336914062,180.04446105377914,178.46365934119785,179.3232203666376,48900000,0.002159698273447308,177.47369079589845,173.85758438110352,64.97921554904684,-0.6060532861469407,1296.3299560546875,13259.1396484375,13.829999923706055,0.003289503454357449,0.011651864258831092
2023-06-12,181.5857696533203,181.68457636718009,178.79959821677159,179.09600328256303,54274900,0.01563885521084374,178.30559387207032,174.41185607910157,72.58589192275375,-0.41955561335007785,1286.68994140625,13461.919921875,15.010000228881836,0.011087889974981927,0.007732528796233411
2023-06-13,181.1115264892578,181.94144859403625,180.2519653861507,180.6076484418825,54929100,-0.0026116758211169877,179.11575622558593,174.96711502075195,80.80751439829339,-0.3968562556794779,1284.5799560546875,13573.3203125,14.609999656677246,0.005062292554391353,0.009465160374075316
2023-06-14,181.7438507080078,182.1785761189824,179.8370047903456,181.17080494588566,57462900,0.003491352709610762,180.32705078125,175.55399017333986,81.16312800901792,-0.30893874961746914,1267.6199951171875,13626.48046875,13.880000114440918,0.005506177366445837,0.009290592528761646
2023-06-15,183.77914428710938,184.28303741690132,181.57589328622848,181.7537423543279,65433200,0.011198692947094413,181.4019989013672,176.2120002746582,82.00584257530204,-0.03238618091984955,1273.989990234375,13782.8203125,14.5,0.004026123278529396,0.006920697656272218
2023-06-16,182.7022247314453,184.7474061455162,182.0600263098281,184.49051471623886,101256200,-0.005859857275108626,182.18450317382812,176.69958114624023,74.98685040001888,1.2105962248183066,1270.050048828125,13689.5703125,13.539999961853027,0.0029433961271988496,0.008542466051030618
2023-06-20,182.79112243652344,183.8680612460024,182.19832743508823,182.19832743508823,49799100,0.0004865715522008873,182.42557373046876,177.18617324829103,72.39969091528565,-0.5748564159518377,1283.239990234375,13667.2900390625,13.880000114440918,0.0019418024080622247,0.008621879525587354
2023-06-21,181.7537384033203,183.1863452547994,180.40015882951445,182.6824521359612,49515700,-0.005675242973374517,182.55401611328125,177.66832122802734,68.423981162405,-0.5846897971255582,1287.5400390625,13502.2001953125,13.199999809265137,-0.003682842898760752,0.0036119985130139954
2023-06-22,184.7572479248047,184.8066512736315,181.46718389330616,181.5363515968208,51245300,0.01652515952557443,183.1566955566406,178.43106231689453,68.76693475559738,-0.5246763317830488,1288.3800048828125,13630.6103515625,12.90999984741211,0.0037788293681335996,0.011460527427817646
2023-06-23,184.44114685058594,185.310597869378,182.79117690413537,183.3247091477727,53117000,-0.0017108994519522414,183.28909606933593,179.16416702270507,66.03265779032968,-0.45973229669888205,1298.2099609375,13492.51953125,13.4399995803833,0.00304633903341589,0.011840099504811342
2023-06-26,183.0480194091797,185.79467703737228,183.0084906957425,184.5893075659166,48088700,-0.007553235626618693,183.3582550048828,179.77080307006835,65.88506632109656,-0.6342036818640879,1307.6700439453125,13335.7802734375,14.25,0.002420341482334498,0.012559563767071388
2023-06-27,185.80458068847656,186.13062478419894,183.4432447307805,183.6606074612621,50730800,0.015059224831790896,183.96094665527343,180.39473190307618,71.76592316891436,-0.5425283946407737,1302.6600341796875,13555.669921875,13.739999771118164,0.001931696584406654,0.011738067192210813
2023-06-28,186.98028564453125,187.6224840299043,185.3500804657921,185.67610944091012,51216800,0.006327642470913553,185.00625610351562,180.98506546020508,78.39055099804045,-0.5256652215623397,1296.5999755859375,13591.75,13.430000305175781,0.004611210558695252,0.011403527782127061
2023-06-29,187.31622314453125,187.7904773075337,186.67402469467498,186.8123450566035,46347300,0.0017966466295737948,185.51805114746094,181.59466629028321,75.4515622108172,-0.6946265822731108,1309.010009765625,13591.330078125,13.539999961853027,0.0077278379774260815,0.006741246600950221
2023-06-30,191.64369201660156,192.14757008838143,188.96618679019105,189.33175958026345,85213200,0.023102477721490766,186.95856018066405,182.28034286499025,79.9632690174344,0.6539380237950189,1323.0699462890625,13787.919921875,13.59000015258789,0.010408922273992705,0.011223958448452524
2023-07-03,190.1518096923828,191.5547776450248,189.46019281962833,191.45597092726317,31458200,-0.007784666995924505,188.3793182373047,182.84894180297852,71.26053373248263,-1.2112468914955652,1315.300048828125,13816.76953125,13.569999694824219,0.005704819118380018,0.015810100769771625
2023-07-05,189.0353546142578,190.66555990536892,188.33386310926684,189.27248168829453,46920300,-0.005871388128943611,189.02547302246094,183.42939682006835,69.05900949259328,-0.674744693026315,1295.5,13791.650390625,14.180000305175781,0.00314880753220755,0.0173068447304159
2023-07-06,189.5095977783203,189.71708585705593,186.93089921117289,187.56322301313529,45094300,0.0025087537991517195,189.53133544921874,184.05184097290038,68.821912888576,-0.7381030346749171,1302.969970703125,13679.0400390625,15.4399995803833,-0.003715767108572132,0.005474820033912137
2023-07-07,188.39312744140625,190.35926638037827,187.95841711755844,189.11438325252212,46815000,-0.005891365661701564,189.74671630859376,184.68712844848633,61.704238244403825,-0.6783983805266425,1309.219970703125,13660.7197265625,14.829999923706055,-0.0030846666638311517,0.004844054513755875
2023-07-10,186.3479766845703,187.71143099184326,184.79679865953796,186.9901751208951,59922200,-0.01085576095376417,188.6875732421875,185.08430709838868,58.81511234913737,-0.22360623613641376,1297.3699951171875,13685.48046875,15.069999694824219,-0.004746124272104672,0.0067554605339354345
2023-07-11,185.8243408203125,187.02971045254367,184.36209481962464,186.8913900886379,46638100,-0.002809989534494184,187.82207946777345,185.43603897094727,57.18304255633595,-0.6845364367356445,1299.5400390625,13760.7001953125,14.84000015258789,-0.006519038716653307,0.004059444485482959
2023-07-12,187.4940643310547,189.4009103170613,186.20965240962747,187.40513225686783,60750200,0.008985494060526511,187.51382141113282,185.731453704834,63.19855538462965,-0.19487638570648902,1291.510009765625,13918.9599609375,13.539999961853027,-0.0015600854759106146,0.009979506262950827
2023-07-13,188.2548065185547,188.89701997543003,187.5039267878899,188.21529288043007,41342300,0.004057420112013599,187.2628631591797,186.08861770629883,58.96658318579652,-0.8682895066713876,1274.699951171875,14138.5703125,13.609999656677246,0.003410974879348642,0.005924253276930797
2023-07-14,188.4030303955078,188.88714410801785,187.35574553686786,187.94854060692288,41616200,0.0007873577291026557,187.26484375,186.42157669067382,60.24515035578268,-0.8587857554240973,1266.8299560546875,14113.7001953125,13.34000015258789,0.0046100906338809216,0.004126916931131161
2023-07-17,191.6634521484375,191.9894962144421,189.5095893997432,189.598506397075,50520200,0.0173055695870985,188.32793884277345,186.81579208374023,70.31685814607144,-0.5498357696414286,1268.3399658203125,14244.9501953125,13.479999542236328,0.007383449142738252,0.00874698134108701
2023-07-18,191.4065704345703,191.9993805984401,190.1122838217696,191.0311380681889,48288200,-0.0013402748984623347,189.444384765625,187.2510093688965,64.97617750286138,-0.6272814534090517,1265.449951171875,14353.6396484375,13.300000190734863,0.005584217472579607,0.01020658006845929
2023-07-19,192.76011657714844,195.85256735078863,190.33948805911442,190.784103142532,80507300,0.007071576171627791,190.49759521484376,187.74945907592775,65.30607237555864,0.49065323739624744,1264.93994140625,14358.01953125,13.760000228881836,0.007678956953421319,0.009337749338330797
2023-07-20,190.8137664794922,194.11370571807572,190.1913173439326,192.7502514500073,59581200,-0.010097265618104423,191.00938720703124,188.20246047973632,58.534218793814425,-0.23543821560091174,1265.0899658203125,14063.3095703125,13.989999771118164,-0.0014553214483129888,0.008584999061251344
2023-07-21,189.6380157470703,192.63167495782974,188.93652432958442,191.77211391982547,71951700,-0.0061617709985732905,191.25638427734376,188.4464988708496,44.216409792026425,0.19379199544182232,1278.4000244140625,14032.8095703125,13.600000381469727,-0.0030624868150166407,0.008994245601385663
2023-07-24,190.4383087158203,192.57240699977407,189.94430532096735,191.09039681521514,45377800,0.004220108323730765,191.0113555908203,188.74635696411133,50.86042379477646,-0.7282661837124973,1285.6500244140625,14058.8701171875,13.90999984741211,-0.004012976097648983,0.0073966065727644505
2023-07-25,191.29788208007812,192.10805493602857,190.60628029804008,191.01136672601527,37283200,0.004513657835202078,190.98961791992187,189.15885009765626,56.90168580412387,-1.0091316997633049,1280.530029296875,14144.5595703125,13.859999656677246,0.0008573317201198508,0.006080492994864279
2023-07-26,192.16732788085938,193.29365506077994,191.00148706119938,191.34728040522955,47471900,0.004544983934622326,190.87106018066407,189.47698745727538,57.91636119002432,-0.6556053385611623,1274.1199951171875,14127.2802734375,13.1899995803833,0.004426250031185057,0.0001792097480289029
2023-07-27,190.90267944335938,194.83494237556206,190.24071668140024,193.66910156142774,47460200,-0.006580975296092251,190.8888427734375,189.6731071472168,57.409585881640595,-0.6560113038389764,1275.1700439453125,14050.1103515625,14.40999984741211,0.0008258888245773847,0.0064145516139221944
2023-07-28,193.4813995361328,194.27180809784448,191.81166540691163,192.33530787544035,48291400,0.01350803509040599,191.65751953125,189.9813659667969,70.41853927454056,-0.6271704201706753,1283.8800048828125,14316.66015625,13.329999923706055,0.0038240145763120217,0.010063892496888247
2023-07-31,194.09393310546875,194.13346181996275,192.91820259976402,193.70861105598286,38824100,0.003165852484034559,192.38864440917968,190.10387802124023,73.55083540048837,-0.9556657256963109,1272.3900146484375,14346.01953125,13.630000114440918,0.003364304092782766,0.010045975406000548
2023-08-01,193.26400756835938,194.37057034188453,192.93796352063418,193.88645666636083,35175100,-0.004275896334474338,192.78186950683593,190.25948791503907,67.25759700291421,-1.082278315332537,1277.9300537109375,14283.91015625,13.930000305175781,0.004132663746655403,0.00893129874342795
2023-08-02,190.27037048339844,192.83917937620112,189.54912966810338,192.7008590133255,50389300,-0.015489884136351995,192.40247802734376,190.32123870849608,55.31808355995074,-0.5543777230487681,1289.050048828125,13973.4501953125,16.09000015258789,-0.005533309328930591,0.009391216257294728
2023-08-03,188.8772735595703,190.06287880115997,188.40303447809214,189.2724853572926,61235200,-0.007321670317290252,191.99739685058594,190.28962249755858,51.174134595498266,-0.17804791051504762,1295.3699951171875,13959.7197265625,15.920000076293945,-0.009029150262705529,0.0057987064443856765
2023-08-04,179.80735778808594,185.13271368389906,179.73819007769725,183.295020485719,115956800,-0.04802015404263971,189.26258850097656,189.86033401489257,27.20359005538451,1.720675982342644,1296.4000244140625,13909.240234375,17.100000381469727,-0.023610569498760652,0.021530229735236467
2023-08-07,176.7050323486328,180.93370048918646,175.2230220636036,179.9456936325003,97576100,-0.017253606735656568,185.78480834960936,189.3781867980957,24.520509093644165,1.0829045308966088,1303.050048828125,13994.400390625,15.770000457763672,-0.024198477031862176,0.021219450086158477
2023-08-08,177.64364624023438,178.10801069610721,175.45026968400623,177.53496487660905,67823000,0.005311755297097154,182.66073608398438,188.9691520690918,23.419083132536556,0.050534829415215796,1307.75,13884.3203125,15.989999771118164,-0.019987335160399706,0.02677084406178973
2023-08-09,176.0529327392578,178.76006170176663,174.88707688488682,178.70078370635215,60378500,-0.008954519537531791,179.81724853515624,188.39709548950196,23.715697028663826,-0.20777359030166176,1316.6700439453125,13722.01953125,15.960000038146973,-0.0069654569920304015,0.011413420533509945
2023-08-10,175.83558654785156,178.58224448237493,175.4700288246158,177.32747151707323,54686900,-0.0012345502459090163,177.2089111328125,187.7761344909668,24.553770742132343,-0.40526008390910084,1313.6400146484375,13737.990234375,15.850000381469727,-0.0016257714954478846,0.007141179171807564
2023-08-11,175.8949432373047,176.71609814181758,174.66816996475507,175.42996682009903,52036700,0.0003375692635287919,176.42642822265626,187.15073013305664,22.434698273441924,-0.49721642401705557,1318.3299560546875,13644.849609375,14.84000015258789,-0.0032838335066373383,0.004973469612224766
2023-08-14,177.54714965820312,177.77469387045335,175.42005736478495,176.0730260741773,43675600,0.009393143375755919,176.5948516845703,186.4449150085449,24.69731024009704,-0.7873289269514078,1329.6099853515625,13788.330078125,14.819999694824219,0.0028320541311252314,0.005736184184193659
2023-08-15,175.5585479736328,177.56690888775307,175.1628176334086,176.97331337741676,43622600,-0.01120041458507548,176.17783203125,185.65251388549805,20.64718594747825,-0.7891679149620189,1334.739990234375,13631.0498046875,16.459999084472656,-0.000489900648596923,0.010321685289386318
2023-08-16,174.68795776367188,176.63694575843348,174.61869664349865,175.24198634047178,46964900,-0.0049589736302199094,175.90483703613282,184.74890594482423,20.938830905137294,-0.6731971672664423,1338.739990234375,13474.6298828125,16.780000686645508,-0.0022554149465131568,0.010559620236481687
2023-08-17,172.14535522460938,175.61793712814787,171.6308936142582,175.25188574378228,66062900,-0.014555110561784046,175.1667907714844,183.81548538208008,11.71047135764627,-0.010536921480569842,1343.3299560546875,13316.9296875,17.889999389648438,-0.010238166259026479,0.004869897574186612
2023-08-18,172.63014221191406,173.23364091556027,170.12711031715548,170.46348268413263,61172200,0.0028161491006954975,174.51383056640626,182.96509170532227,11.303793844552843,-0.18023387739558536,1339.0799560546875,13290.7802734375,17.299999237060547,-0.005565978363769486,0.008701523235918768
2023-08-21,173.96572875976562,174.25264612165492,171.88812158676677,173.20394701107267,46311900,0.00773669378208619,173.79754638671875,182.14146270751954,15.830901171821239,-0.695854887472651,1339.1700439453125,13497.58984375,17.1299991607666,-0.0013340892263341193,0.011711084230535853
2023-08-22,175.34091186523438,175.78611232307705,174.3713618531986,175.17272569654475,42038900,0.007904908140659028,173.75401916503907,181.34361419677734,21.959155701519805,-0.8441189585922988,1339.739990234375,13505.8701171875,16.969999313354492,0.006152583674480239,0.002890660956678515
2023-08-23,179.189453125,179.61487764306722,176.4291981302873,176.61717535249278,52722800,0.02194890638371705,174.6543182373047,180.69472045898436,33.340716722455866,-0.47341020375138965,1339.68994140625,13721.0302734375,15.979999542236328,0.012530169435487423,0.008157299080735326
2023-08-24,174.49996948242188,179.16966018527063,174.13390304899033,178.74423570753817,54945800,-0.026170533816556762,175.1252410888672,179.8745849609375,39.25450964200848,-0.3962768009667005,1327.780029296875,13463.9697265625,17.200000762939453,0.0012277602359397715,0.02474486531390003
2023-08-25,176.70620727539062,177.2404448053197,173.9459523611551,175.4893219988908,51449600,0.012643198732427141,175.9404541015625,179.03582534790038,50.002438935649344,-0.5175875534704478,1326.6199951171875,13590.650390625,15.680000305175781,0.002807190433195809,0.025523135108051303
2023-08-28,178.26937866210938,178.66510907128173,176.64685983066678,178.17043851174256,43820700,0.008846160023584293,176.80118408203126,178.2445976257324,51.28092780030938,-0.7822942635487724,1323.6099853515625,13705.1298828125,15.079999923706055,-0.0015603916868484429,0.021397399315628157
2023-08-29,182.15748596191406,182.92917084382844,177.58673472347547,177.78459993235006,53003900,0.02181029254145872,178.16449890136718,177.68927154541015,61.42238850455269,-0.4636566277177522,1322.8199462890625,13943.759765625,14.449999809265137,0.014433217099156717,0.0066648561349944065
2023-08-30,185.6498565673828,185.84773686983334,182.7708853589575,182.96875056526045,60813900,0.019172259580915396,179.45657958984376,177.45824584960937,66.35881640082391,-0.19266613030505642,1321.0699462890625,14019.3095703125,13.880000114440918,0.01660957071531947,0.006851475290157418
2023-08-31,185.8674774169922,187.10415359099386,185.48163505454943,185.8377983965077,60794500,0.0011722112455840872,181.7300811767578,177.30775604248046,66.53537668097955,-0.19333926931271406,1323.030029296875,14034.9697265625,13.569999694824219,0.0140515877893194,0.011231587581090935
2023-09-01,187.44053649902344,187.8956248663274,186.27310636870047,187.47021551879786,45766500,0.00846333691021206,183.87694702148437,177.68941497802734,66.44731178972788,-0.7147791150384493,1324.6400146484375,14031.8095703125,13.09000015258789,0.009602602578903848,0.009053942771878945
2023-09-05,187.67800903320312,187.95502334145587,185.61028969797815,186.2731464424506,45280000,0.0012669219722432068,185.75867309570313,178.23806381225586,71.39368176718216,-0.7316596370603797,1317.949951171875,14020.9501953125,14.010000228881836,0.0036341567093464513,0.004182460829435065
2023-09-06,180.96035766601562,186.83704535292617,179.5357042757167,186.39182984634905,81755800,-0.03579349227857087,185.51924743652344,178.4038993835449,59.177698520476504,0.5339735493065868,1331.72998046875,13872.4697265625,14.449999809265137,-0.008687744465371868,0.023748437219623744
2023-09-07,175.66738891601562,176.31046963604499,171.69023379276553,173.312752460059,112488800,-0.02924932741218833,183.52275390625,178.3846221923828,54.76950780942942,1.6003437102520899,1333.4599609375,13748.830078125,14.399999618530273,-0.021258632572838665,0.019780216862365054
2023-09-08,176.28077697753906,178.3188321743013,175.89493458078306,176.4489782367689,65551300,0.003491758289961844,181.60541381835938,178.4068817138672,54.92649985944799,-0.028288360466016085,1334.02001953125,13761.5302734375,13.84000015258789,-0.02051702046693245,0.021048102444109328
2023-09-11,177.44821166992188,178.3781946740771,175.44973851819339,178.15065045906456,58953100,0.006622586491841664,179.60694885253906,178.48454513549805,54.721005365530026,-0.25723195842100316,1335.3199462890625,13917.8896484375,13.800000190734863,-0.006378327543461608,0.01986863099345028
2023-09-12,174.42083740234375,178.21001559327632,172.95661681425068,177.57683789873767,90370200,-0.017060607368697855,176.95551452636718,178.32822952270507,48.806161988036514,0.8328750270161804,1320.43994140625,13773.6103515625,14.229999542236328,-0.0023154208622981156,0.012865298874833973
2023-09-13,172.3531036376953,175.4101637291933,172.12554433664133,174.62857587906927,84267900,-0.011854855162050981,175.23406372070312,178.1679573059082,40.699859741694596,0.6211381112208548,1324.0999755859375,13813.58984375,13.479999542236328,-0.007430958679635724,0.012445945642028044
2023-09-14,173.86679077148438,174.22295413122683,171.72981061302968,172.14533201670497,60895800,0.008782476798160799,174.8739440917969,178.12689895629882,49.05713977544074,-0.18982437336035735,1329.77001953125,13926.0498046875,12.819999694824219,-0.006710995244196012,0.013667871851708275
2023-09-15,173.14454650878906,174.61866989320765,171.96724351151664,174.59887884816905,109259500,-0.004154009281994386,174.24669799804687,178.1768585205078,44.45123435912591,1.4882938237866843,1327.06005859375,13708.330078125,13.789999961853027,-0.002408795881961523,0.010428767662947213
2023-09-18,176.07302856445312,177.46800307348116,174.2922116482627,174.59890495957814,67257600,0.016913510212782867,173.97166137695314,178.34900283813477,46.71788735545998,0.0309166441095643,1328.4200439453125,13710.240234375,14.0,0.0071806592429830935,0.01062470983254412
2023-09-19,177.1613006591797,177.71532920549458,175.24197669791334,175.62781908525017,51826900,0.006180799544367455,174.5197540283203,178.50878143310547,41.8521914403031,-0.5044960407081162,1329.6600341796875,13678.1904296875,14.109999656677246,0.006313433491718645,0.01053438599248649
2023-09-20,173.6194610595703,177.78457830053213,173.5304088946865,177.3492658362857,58436200,-0.019992174286545317,174.7730255126953,178.42270889282227,30.412396200115694,-0.2751672962075105,1328.530029296875,13469.1298828125,15.140000343322754,0.001034045156868335,0.018983524373385397
2023-09-21,172.07608032226562,174.42082885900223,172.006834299268,172.68948203416045,63149100,-0.008889445502743176,174.41488342285157,178.06704025268556,28.474465334678527,-0.11163962459979045,1332.3399658203125,13223.98046875,17.540000915527344,-0.007566940081640346,0.013136510390131927
2023-09-22,172.92691040039062,175.19250979208792,172.19480770645978,172.8081943086496,56725400,0.004944499412885106,174.37135620117186,177.98838729858397,26.824729139284102,-0.3345284412745579,1341.1700439453125,13211.8095703125,17.200000762939453,-0.007979040125467796,0.01249324026268579
2023-09-25,174.2031707763672,175.08368369125543,172.29373473406022,172.3432048049037,46172700,0.007380345679116829,173.99738464355468,177.8632354736328,29.17434006295956,-0.7006848333420297,1334.6600341796875,13271.3203125,16.899999618530273,0.0011451331964195861,0.0087751304269763
2023-09-26,170.12709045410156,173.3325457352886,169.83028512536117,172.95660640862047,64588900,-0.023398427847781678,172.59054260253907,177.45612106323242,31.768285448193794,-0.06168160690775468,1338.449951171875,13063.6103515625,18.940000534057617,-0.003691194251926581,0.017110366119968818
2023-09-27,168.61337280273438,171.19555331579562,167.24809254140138,170.7800319235512,66921800,-0.008897569736405764,171.58932495117188,176.77891540527344,36.39832423072193,0.01926509365742816,1353.75,13092.849609375,18.219999313354492,-0.008305217301690204,0.015397934472201467
2023-09-28,168.87062072753906,170.19633406818943,165.83333655703308,167.53500431517824,56294400,0.001525667392382024,170.94823303222657,175.93995361328126,35.51263646143923,-0.34948323056839553,1352.8199462890625,13201.2802734375,17.34000015258789,-0.010256776730601805,0.012517516272207894
2023-09-29,169.38507080078125,171.22524557281096,168.52433390834895,170.18643455541363,51861100,0.0030464154808325095,170.2398651123047,175.1158332824707,33.822968370837756,-0.5033093729729671,1347.8499755859375,13219.3203125,17.520000457763672,-0.0014418289543970768,0.006501478419829617
2023-10-02,171.89797973632812,172.44212024536975,169.108031178775,169.39494849088058,52164500,0.01483548062215223,169.77882690429686,174.33870544433594,44.83169528524984,-0.49278203405939325,1351.93994140625,13307.76953125,17.610000610351562,0.006469187831788921,0.00728521173183686
2023-10-03,170.56239318847656,171.77929356494764,168.9992475938596,170.42388604353025,49594600,-0.0077696465653650515,169.8658874511719,173.4829246520996,46.2181112701107,-0.5819521338418372,1354.18994140625,13059.4697265625,19.780000686645508,0.0033707498458732297,0.011306053174128281
2023-10-04,171.8089599609375,172.3531005247124,169.14763028223018,169.26634637027362,53020300,0.007308567552071432,170.5050048828125,173.0253547668457,45.60437620859343,-0.4630875823710725,1359.219970703125,13236.009765625,18.579999923706055,0.00479146720295287,0.01151085528605959
2023-10-05,173.045654296875,173.5798918450903,170.83941278902026,171.93758200671277,48527900,0.007198078238868755,171.3400115966797,172.89426803588867,49.79327639554306,-0.6189643698969105,1351.1600341796875,13219.830078125,18.489999771118164,0.0022456664085250453,0.008673691396735857
2023-10-06,175.59812927246094,176.09279974358,171.33405713065292,171.947458780219,57266700,0.014750298041041443,172.58262329101564,172.86013565063476,48.99153412773865,-0.3157464750454296,1346.06005859375,13431.33984375,17.450000762939453,0.009752314610660543,0.004328733157616983
2023-10-09,177.0821533203125,177.1415113656987,173.92615307401468,174.9253820623563,42390800,0.00845125203782171,173.6194580078125,172.8418327331543,49.834681550552226,-0.8319087721595808,1343.3599853515625,13484.240234375,17.700000762939453,0.01013320943924397,0.004047312875258082
2023-10-10,176.488525390625,177.80435062036204,176.05321297222847,176.20162316730602,43698000,-0.0033522741764593356,174.8046844482422,172.94521713256836,56.833068543974015,-0.786551694282772,1346.8900146484375,13562.83984375,17.030000686645508,0.006616425300801272,0.009189707399510593
2023-10-11,177.88351440429688,177.9329844734106,175.70696722860302,176.300562769531,47551100,0.007904134337257007,176.01959533691405,173.22173767089845,63.929691320471065,-0.6528572659113434,1341.8900146484375,13659.6796875,16.09000015258789,0.004334370732873127,0.006662448267430748
2023-10-12,178.78382873535156,180.39644439001881,177.13161588848607,178.1506510638416,56743100,0.0050612578353295135,177.16723022460937,173.46758956909179,64.0151144327406,-0.3339142886747878,1338.260009765625,13574.2197265625,16.690000534057617,0.0032043726653757285,0.005853434893949905
2023-10-13,176.9436492919922,179.9908063804386,176.24121051823693,179.48624788964275,51427100,-0.010292762250233123,177.43633422851562,173.65754470825195,56.38538681316311,-0.5183682559277828,1348.3399658203125,13407.23046875,19.31999969482422,0.0008908766407844659,0.009789066392399834
2023-10-16,176.8150177001953,177.17118104988546,174.6285675347915,174.86601479996662,52517000,-0.0007269635972332322,177.38290710449218,173.69464416503905,69.09585388669296,-0.48055102889447965,1352.0699462890625,13567.98046875,17.209999084472656,-0.001986156004045614,0.00775407359618116
2023-10-17,175.26174926757812,176.51821654411026,172.93680701299223,174.7670787756051,57549400,-0.00878470874714321,177.1375518798828,173.59966659545898,68.94014775185502,-0.3059373823926038,1347.760009765625,13533.75,17.8799991607666,-0.006601478198203188,0.005143053343083316
2023-10-18,173.96572875976562,175.68718764266174,173.24351401125745,173.7085055181981,54764400,-0.0073947710394800525,176.35399475097657,173.61697998046876,63.704040600352734,-0.4025709976671695,1352.989990234375,13314.2998046875,19.219999313354492,-0.005635481127952165,0.004307335599860479
2023-10-19,173.58978271484375,175.9444040866048,173.32265641144056,174.16358722416024,59302900,-0.002161035093532826,175.315185546875,173.69266510009766,61.39407524742428,-0.24509463755096977,1354.56005859375,13186.1796875,21.399999618530273,-0.00611350496005203,0.00349277758268414
2023-10-20,171.0372772216797,173.55019672394363,170.7998299466356,173.44136860989997,64244000,-0.014704238079248366,174.1339111328125,173.59818344116212,47.67258720201561,-0.07364890813152404,1356.22998046875,12983.8095703125,21.709999084472656,-0.008086681404087082,0.0063001619224986516
2023-10-23,171.15597534179688,172.15520421409377,168.11869153900426,169.08825648819888,55980100,0.0006939897667064265,173.00210266113282,173.4458236694336,51.71810147688959,-0.3603887764501894,1349.3399658203125,13018.330078125,20.3700008392334,-0.005390427802024922,0.008191342267798909
2023-10-24,171.59130859375,171.81885280099095,169.62251453312876,171.20546620053886,43816600,0.0025434884822674864,172.26801452636718,173.519034576416,49.33891438627184,-0.7824365248854424,1334.43994140625,13139.8701171875,18.969999313354492,-0.003822253276758151,0.009469337690986348
2023-10-25,169.27626037597656,171.21536038795298,168.83104482476435,170.04794519039626,57157000,-0.013491640321098175,171.3301208496094,173.55217895507812,39.25548224767154,-0.3195528332485247,1343.6400146484375,12821.2197265625,20.190000534057617,-0.0034180540240414206,0.008772856834458252
2023-10-26,165.11111450195312,169.55326090861308,163.90411730631092,168.55401686361284,70625300,-0.024605611352544687,169.63438720703124,173.36420364379882,22.624079367139927,0.1477687181347545,1352.6800537109375,12595.6103515625,20.68000030517578,-0.011851254397125125,0.01364868326780369
2023-10-27,166.4269256591797,167.1590433521086,165.05174242645685,165.13089150916355,58499100,0.007969246414425868,168.71231689453126,173.21629638671874,21.93852437145405,-0.272984799115672,1350.3399658203125,12643.009765625,21.270000457763672,-0.010042668419738998,0.016559042696269084
2023-10-30,168.47486877441406,169.34549366723184,167.0700063949142,167.21841659954197,51131000,0.012305359286803652,168.17609558105468,173.04514083862304,30.39694232794257,-0.5286423002663102,1355.219970703125,12789.48046875,19.75,-0.001443668550438389,0.020175657721287082
2023-10-31,168.94976806640625,169.07837213199355,166.1103491096919,167.54490564738762,44846000,0.002818813841179324,167.64778747558594,172.96450958251953,27.11610989665843,-0.7467185200151953,1348.0699462890625,12851.240234375,18.139999389648438,0.007697806514136281,0.004749094212328696
2023-11-01,172.1156463623047,172.37286957481675,168.30667766450742,169.1773025316942,56934900,0.018738577342432894,168.21566467285157,172.9798439025879,34.695667760660726,-0.32725923394959505,1350.1600341796875,13061.4697265625,16.8700008392334,0.011287583490138623,0.008008534083286858
2023-11-02,175.67727661132812,175.88502975328987,173.5897666401313,173.64912468069178,77334800,0.020693239251045048,170.32889709472656,173.11142501831054,47.30633667583026,0.380574190912025,1347.8399658203125,13294.1904296875,15.65999984741211,0.014083543478219088,0.009804375356999772
2023-11-03,174.76707458496094,174.9352758328065,171.50226149314057,172.38277434389337,79829200,-0.005181102780759339,171.9969268798828,173.06987228393555,45.78407422785392,0.46712460022652286,1333.6800537109375,13478.2802734375,14.90999984741211,0.011416904604239534,0.014407482870321266
2023-11-06,177.31956481933594,177.517429979593,174.33176617832314,174.49995231934884,63841300,0.014605097902088637,173.7658660888672,173.0817428588867,54.06880116799788,-0.08762174722346933,1307.8399658203125,13518.7802734375,14.890000343322754,0.010039078124124782,0.013528000456618325
2023-11-07,179.88194274902344,180.4953291844102,177.06231556777055,177.27006867182138,70530000,0.014450621578607104,175.95230102539062,173.25141372680665,61.139973408121904,0.14446200950435376,1297.1099853515625,13639.8603515625,14.8100004196167,0.007958205566645468,0.011379236952439442
2023-11-08,180.94058227539062,181.4946108426327,179.65443590363796,180.40634475587757,49340300,0.005885190643311056,177.7172882080078,173.40426712036134,63.49430734928892,-0.5907758065040712,1304.550048828125,13650.41015625,14.449999809265137,0.0116469700413356,0.004990445081077653
2023-11-09,180.46568298339844,182.15744752284814,179.87207238589124,181.00982351508927,53763500,-0.002624614589055496,178.6749694824219,173.48835983276368,68.7376044279988,-0.4373001127581256,1308.1199951171875,13521.4501953125,15.289999961853027,0.005903732544287554,0.008537633184725734
2023-11-10,184.65611267089844,184.8245355233408,181.81296804065445,182.2488540012565,66133400,0.023220091588745273,180.65277709960938,173.87398300170898,73.09233761512994,-0.008090720447587121,1315.199951171875,13798.1103515625,14.170000076293945,0.00882688921433361,0.013171082044246721
2023-11-13,183.07110595703125,184.28959445510736,182.4866293320066,184.08156757584422,43627500,-0.008583559411824315,181.80308532714844,174.1867874145508,68.8933942019554,-0.7889978953157548,1319.6199951171875,13767.740234375,14.760000228881836,0.004003972529288487,0.016906261550993836
2023-11-14,185.68637084960938,186.3501007196846,184.55703694714765,185.94393292700153,60108400,0.014285514248173925,182.96397094726564,174.70801849365233,76.74341310926948,-0.21714548957837995,1319.0699462890625,14094.3798828125,14.15999984741211,0.009640682141698295,0.016402710239912056
2023-11-15,186.25103759765625,187.72710311138576,186.0231936311185,186.09254599086609,53790500,0.003040970349429628,184.02606201171875,175.32228393554686,89.0321077038937,-0.4363632698093237,1304.239990234375,14103.83984375,14.180000305175781,0.002914308395259746,0.011435062962423071
2023-11-16,187.93515014648438,189.1734556093977,186.88505441646575,187.79646053927942,54412900,0.009042164653418894,185.51995544433595,176.0395523071289,89.17927409491857,-0.4147673049450904,1301.8599853515625,14113.669921875,14.319999694824219,0.008789549750340816,0.0056265266896761215
2023-11-17,187.9153594970703,188.5989066274509,186.80584248313986,188.47011800403556,50922700,-0.0001053057365726362,186.17180480957032,176.88345642089843,88.23809146117644,-0.5358698701268818,1292.449951171875,14125.48046875,13.800000190734863,0.0039926097554252955,0.004647393549423566
2023-11-20,189.65887451171875,190.1145776039652,188.10357060538217,188.11347160798348,46505100,0.009278193221217812,187.4893585205078,177.80860137939453,88.79717528045336,-0.6891512557056686,1294.5,14284.5302734375,13.40999984741211,0.006071684046021357,0.005350731674444647
2023-11-21,188.85646057128906,189.72823253932046,187.9648865974642,189.61926104331656,38134500,-0.004230827281325622,188.12337646484374,178.67185897827147,84.41004756857626,-0.9795933885664511,1288.1500244140625,14199.98046875,13.350000381469727,0.0016473534011065178,0.006922952352443311
2023-11-22,189.52017211914062,191.12501116236683,189.04466705374648,189.69849596618437,39617700,0.0035143703627815714,188.77720336914064,179.68405456542968,82.301619547136,-0.9281294825789338,1295.18994140625,14265.8603515625,12.850000381469727,0.002853912100891254,0.00677868442777115
2023-11-24,188.19273376464844,189.1140258787283,187.47946852715137,189.0843077535022,24048300,-0.00700420614676156,188.82872009277344,180.83813552856446,80.72965409083949,-1.4683547643224966,1300.1800537109375,14250.849609375,12.460000038146973,-0.0025735543551018703,0.005451607846385489
2023-11-27,188.01437377929688,188.88614559455414,187.13270096287798,188.1431623745596,40552600,-0.0009477517106192268,188.84852294921876,181.91750793457032,77.46390078467084,-0.8956904280294934,1289.7900390625,14241.01953125,12.6899995803833,-0.0014791958315330718,0.005279387993604615
2023-11-28,188.61868286132812,189.29232889633607,187.62803848681267,188.0044881862593,38415400,0.003214164267784314,188.64048461914064,182.92469863891603,74.94415474947634,-0.9698467521102121,1302.530029296875,14281.759765625,12.6899995803833,-0.001579264529865491,0.005138373265233744
2023-11-29,187.5983123779297,190.29286617117475,187.2020606914072,189.11399699712592,43014200,-0.005409699972025672,188.38885498046875,183.85712585449218,69.05001912017714,-0.8102781094083549,1287.530029296875,14258.490234375,12.979999542236328,-0.001047762471620195,0.004312801899102643
2023-11-30,188.1728973388672,188.53944603911236,186.42936866830843,188.06392585220516,48794400,0.003062847174125638,188.11940002441406,184.6599884033203,71.92786318114852,-0.6097173830133659,1288.3599853515625,14226.2197265625,12.920000076293945,0.00028910382329476,0.004935888748632332
2023-12-01,189.45083618164062,189.76783452208102,187.45963130874318,188.54934617033052,45704800,0.006791301302397912,188.3710205078125,185.34866638183593,66.3513632362415,-0.7169199746658965,1296.6600341796875,14305.0302734375,12.630000114440918,0.0014814828348326259,0.006252330997700792
2023-12-04,187.6577606201172,188.27197042434886,185.69628894913777,188.2026180609542,43389500,-0.009464595657969421,188.29969787597656,185.99320068359376,65.42291306355378,-0.7972559924200086,1299.18994140625,14185.490234375,13.079999923706055,0.00012985093951804286,0.00851559725918768
2023-12-05,191.61045837402344,192.58128575658978,188.4007647355339,188.43049797744138,66628400,0.021063332210959462,188.89805297851564,186.70774536132814,68.27628097986906,0.009084733613780921,1307.800048828125,14229.91015625,12.850000381469727,0.006130012618462651,0.015274703664400655
2023-12-06,190.52076721191406,192.9379272177151,190.31272520524868,192.63082982561934,41089700,-0.005687012970775784,189.4825439453125,187.23968658447265,62.75911283331884,-0.8770541929257343,1313.3699951171875,14146.7099609375,12.970000267028809,0.0019705745274047524,0.016642342975430092
2023-12-07,192.4525146484375,193.1756809137271,191.77886851619465,191.8185027618749,47477700,0.010139301162769288,190.33846740722657,187.815283203125,63.30224170494028,-0.6554040908166049,1313.719970703125,14339.990234375,13.0600004196167,0.008505206800984322,0.013449830486772223
2023-12-08,193.87901306152344,194.15639227120218,191.8580901155405,192.38313041357762,53406400,0.007412209789473545,191.22410278320314,188.48594970703124,66.21755867801058,-0.44969072820320544,1312.760009765625,14403.9697265625,12.350000381469727,0.003954832660489016,0.008460682432429967
2023-12-11,191.37269592285156,191.67980841318465,189.6291670567547,191.3033586686724,60943700,-0.012927222493527735,191.96708984375,188.8217788696289,54.474887242589645,-0.1881623445734088,1316.510009765625,14432.490234375,12.630000114440918,0.001541429486238366,0.012604192731915287
2023-12-12,192.88836669921875,192.89826770087802,189.92633467152928,191.27361158280868,52696900,0.007919994903443195,192.22267150878906,189.3126419067383,60.14954625790269,-0.47430887902449964,1313.6199951171875,14533.400390625,12.069999694824219,0.0008016607331296685,0.011892272172250622
2023-12-13,196.10797119140625,196.1475903161728,193.02706651664724,193.26481149731427,70404200,0.016691543130789244,193.3401123046875,189.83372192382814,64.69286175256606,0.14009701532067678,1310.1400146484375,14733.9599609375,12.1899995803833,0.003894771846901568,0.015214126158548806
2023-12-14,196.25657653808594,197.75244424587422,194.32482284497263,196.16742216364264,66831600,0.0007577731072168081,194.10092468261718,190.3339988708496,68.98310766027716,0.016135344250689986,1292.010009765625,14761.5595703125,12.479999542236328,0.008456437047149748,0.007980418812392002
2023-12-15,195.7216033935547,196.5438248679527,195.15692888170386,195.68196915621468,128538400,-0.0027258864592872856,194.46944274902344,190.72332153320312,67.84399987907955,2.1572309173295294,1291.9200439453125,14813.919921875,12.279999732971191,0.0049078099262395885,0.010352596156077296
2023-12-18,194.0573272705078,194.79040955452615,192.5713606983871,194.25545312358386,55751900,-0.00850328269435019,195.0063690185547,191.030419921875,62.00259236669872,-0.3683068342619151,1276.469970703125,14904.8095703125,12.5600004196167,-0.003490465348806889,0.004677630201144244
2023-12-19,195.09751892089844,195.1074199235508,194.0573392330858,194.32481746504553,40714100,0.005360228675831635,195.4481994628906,191.30235214233397,66.5356102899236,-0.8900867192801784,1302.9300537109375,15003.2197265625,12.529999732971191,-0.0019563134926019465,0.0069637216192979644
2023-12-20,193.00726318359375,195.8305908429342,193.00726318359375,195.05788936850126,52242800,-0.010713902200633174,194.82805786132812,191.50989227294923,59.9918160063055,-0.49006518950786776,1297.760009765625,14777.9404296875,13.670000076293945,-0.004618985406383909,0.008712648559674867
2023-12-21,192.85862731933594,195.236182736706,191.68967428738756,194.26535554386368,46482500,-0.0007701050302776347,194.14846801757812,191.67681503295898,57.38821333107808,-0.6899354279517028,1296.97998046875,14963.8701171875,13.649999618530273,-0.0020412595183597246,0.008112107997176583
2023-12-22,191.78875732421875,193.58182122700063,191.164646529934,193.35396213687642,37149600,-0.0055474313490041505,193.36189880371094,191.8566162109375,59.24610241416496,-1.0137673374655245,1291.7099609375,14992.9697265625,13.029999732971191,-0.005677146193304987,0.004973167501393327
2023-12-26,191.24391174316406,192.0760494430794,191.02596875756228,191.7986702097743,28919300,-0.0028408629820444453,192.7992156982422,192.01809310913086,49.031860918397165,-1.2993413567812364,1294.5799560546875,15074.5703125,12.989999771118164,-0.0030527997871087433,0.0023957044049512724
2023-12-27,191.3429718017578,191.6897034098951,189.3022466284661,190.68915794498034,48087700,0.000517977579996387,192.04830627441407,192.15430755615233,52.29142882376972,-0.6342383797510805,1293.9200439453125,15099.1796875,12.430000305175781,-0.002623438917017403,0.0030385442710346585
2023-12-28,191.76893615722656,192.83883387512188,191.3627683436117,192.32369457775746,34049900,0.002226182396237064,191.80064086914064,192.3628387451172,47.9202874030769,-1.1213203777766811,1294.760009765625,15095.1396484375,12.470000267028809,-3.223433527033137e-05,0.0025779424121118587
2023-12-29,190.72879028320312,192.5812907184497,189.93627163544917,192.08596845310797,42672100,-0.005423953925314806,191.37467346191406,192.490633392334,40.18521826966462,-0.8221482565485447,1277.8399658203125,15011.349609375,12.449999809265137,-0.0008932646496937849,0.00401557591233505
2024-01-02,183.9032440185547,186.67705163638013,182.16961614691823,185.3991117688797,82488700,-0.0357866594472368,189.79757080078124,192.2132537841797,31.66341598806214,0.5594036306835093,1293.5400390625,14765.9404296875,13.199999809265137,-0.01299481032543818,0.02010553247809429
2024-01-03,182.52622985839844,184.1409850600839,181.7138941984477,182.49651173581816,58414500,-0.007487710004818182,188.0540344238281,191.95667724609376,24.38788500499571,-0.2759202403552513,1307.6199951171875,14592.2099609375,14.039999961853027,-0.016232774459123262,0.016965570602994726
2024-01-04,180.20816040039062,181.37711375703753,179.1877976853389,180.44590542694291,71983600,-0.012699925154900482,185.8270721435547,191.3865623474121,8.867283833683032,0.19489885803688828,1309.530029296875,14510.2998046875,14.130000114440918,-0.01865809820231849,0.01506095961196939
2024-01-05,179.48497009277344,181.05019027633338,178.4844245514249,180.2874048658164,62379700,-0.004013083014722474,183.37027893066406,190.83477249145508,7.864596169747415,-0.13833617885194513,1311.25,14524.0703125,13.350000381469727,-0.008066906058147047,0.00437228860475093
2024-01-08,183.823974609375,183.86360885082058,179.80196071659407,180.38643729162627,59144500,0.024174751314044673,181.98931579589845,190.40334548950196,24.905929610440495,-0.25059078285060754,1313.1300048828125,14843.76953125,13.079999923706055,0.002487247714807239,0.01927760788758017
2024-01-09,183.40789794921875,183.41779895114087,181.0204413910758,182.19931060924736,42841800,-0.002263451549453288,181.89024658203124,189.87978973388672,26.290190357953207,-0.8162600251258899,1311.800048828125,14857.7099609375,12.760000228881836,0.005966072249956304,0.015793425768663688
2024-01-10,184.4480743408203,184.65610118978807,182.19930742900604,182.62529236075727,46792900,0.005671382766131217,182.2746154785156,189.53355865478517,26.290140276512915,-0.6791652038291803,1319.7900390625,14969.650390625,12.6899995803833,0.009194227510240868,0.013566593860700308
2024-01-11,183.8536834716797,185.3000308909078,181.90211286972462,184.7947925921475,49128400,-0.003222537677689763,183.00372009277345,189.0818244934082,28.16622505113746,-0.5981282887578165,1317.5,14970.1904296875,12.4399995803833,6.179784632938852e-05,0.004881653795558701
2024-01-12,184.1806182861328,184.99295400827782,183.45745205458948,184.31930790747037,40477800,0.001778233692573794,183.9428497314453,188.48545684814454,29.47516904717925,-0.8982858299765446,1311.989990234375,14972.759765625,12.699999809265137,0.0014090262603384158,0.004458440401223869
2024-01-16,181.91201782226562,182.53611345296787,179.23726611684987,180.45576949057303,65603000,-0.012317259465069341,183.56045837402343,187.76822891235352,27.89350783641845,-0.026494479708495423,1319.7099609375,14944.349609375,13.84000015258789,-0.004587187816728437,0.007146148217100775
2024-01-17,180.97091674804688,181.2185778549055,178.613193289656,179.57411959355028,47317400,-0.005173385933953223,183.07306213378905,187.03069458007812,27.407349267102035,-0.6609661621015287,1337.7900390625,14855.6201171875,14.789999961853027,-0.005237470568816256,0.007047965094238764
2024-01-18,186.86526489257812,187.3704881134165,184.0914574471942,184.34901955890965,78005800,0.03257069285192138,183.55650024414064,186.67109146118165,42.15276849545658,0.40385647308410166,1344.050048828125,15055.650390625,14.130000114440918,0.005026682484299605,0.02411976601474162
2024-01-19,189.76783752441406,190.15418823308323,187.0534815615711,187.5587047602819,68903000,0.01553297041857693,184.7393310546875,186.40460739135742,46.773146946266344,0.08800854736729152,1337.6600341796875,15310.9697265625,13.300000190734863,0.01431009244551503,0.018901731236882106
2024-01-22,192.07603454589844,193.50256484427592,190.4612794003693,190.5009136397872,60133900,0.012163267767581587,186.31841430664062,186.35804595947266,52.0870958622994,-0.21626069346006704,1333.2099609375,15360.2900390625,13.1899995803833,0.0200889770126933,0.010940002134709872
2024-01-23,193.35398864746094,193.91866327514697,192.0166276255296,193.1954970136862,42355600,0.006653376120471233,188.6068084716797,186.3828140258789,67.67969225301556,-0.8331301377817225,1338.739990234375,15425.9404296875,12.550000190734863,0.01144987143554325,0.004482577324448473
2024-01-24,192.68032836914062,194.542744606446,192.5218216434054,193.59171936806808,53631300,-0.003484077484166015,190.94869079589844,186.427392578125,69.50885927067914,-0.4418871734185556,1336.780029296875,15481.919921875,13.140000343322754,0.005110855467962268,0.007936899950825077
2024-01-25,192.35342407226562,194.43378338829353,191.30334341188293,193.39360373027958,54822100,-0.0016966148004933235,192.04632263183595,186.48286819458008,75.26772815161982,-0.40056892958769286,1329.8900146484375,15510.5,13.449999809265137,0.0004908946119372981,0.005411181892031092
2024-01-26,190.6197967529297,192.93790105900956,190.14429166563914,192.45249496932922,44594000,-0.009012718789370933,192.21671447753906,186.44670944213868,72.23088792342405,-0.7554623875373463,1336.030029296875,15455.3603515625,13.260000228881836,-0.004731137024676757,0.0038141463680880796
2024-01-29,189.93624877929688,190.4018528619721,187.8063693410428,190.2136280052267,47145600,-0.0035859233158179737,191.78875732421875,186.35507507324218,64.28892338152917,-0.6669272590868681,1336.760009765625,15628.0400390625,13.600000381469727,-0.00476508563522741,0.003797915510599416
2024-01-30,186.28076171875,190.00559424490717,185.71610228505008,189.15363947733223,55859400,-0.019245863199048974,190.37411193847657,186.13267364501954,55.83260146504485,-0.3645768114102038,1333.2099609375,15509.900390625,13.3100004196167,-0.010614835101412626,0.007951950188135137
2024-01-31,182.67481994628906,185.34957189909602,182.62529981948686,185.2901205380725,55467800,-0.019357564029640617,188.37301025390624,186.07125244140624,46.739510136876326,-0.3781645039565305,1326.6199951171875,15164.009765625,14.350000381469727,-0.014063116848169188,0.009073687646411628
2024-02-01,185.11183166503906,185.2009860420896,182.10027903950464,182.2686867903897,64885400,0.013340709570517362,186.92469177246093,186.20053253173828,52.16651468972246,-0.05139368341443019,1333.9100341796875,15361.6396484375,13.880000114440918,-0.008420905886057409,0.018846194568898036
2024-02-02,184.11126708984375,185.5774165638072,177.57300802816712,178.1773017145222,102551700,-0.005405189750409045,185.62298583984375,186.39568786621095,49.88326104349439,1.2555473374173012,1328.949951171875,15628.9501953125,13.850000381469727,-0.0038073480698441,0.016407592682499392
2024-02-05,185.92413330078125,187.47945226083425,184.10135123689923,186.3897373769733,69668800,0.009846579405989653,184.82056274414063,186.71764602661133,56.857402676178715,0.11458018922627262,1337.72998046875,15597.6796875,13.670000076293945,0.005927366408699323,0.009968568514394224
2024-02-06,187.5289764404297,187.53887744205016,185.02264747144727,185.11180183413052,43490800,0.008631709671880872,185.07020568847656,186.90289611816405,60.960202006334974,-0.7937410964676518,1333.3900146484375,15609.0,13.0600004196167,0.004357699775820493,0.008476702545431963
2024-02-07,187.6379852294922,189.26264166421876,186.84546657732497,188.8564737765281,53439000,0.0005812903751283294,186.06283874511718,187.11440048217773,51.600986044429774,-0.44855957708724464,1326.7900390625,15756.6396484375,12.829999923706055,0.006353193150999618,0.0050353871110664266
2024-02-08,186.5581512451172,187.76672344534998,185.59722501634783,187.6181328392653,40962000,-0.00575487944540809,186.35210266113282,187.21990432739258,42.80641495421775,-0.8814851130946972,1327.6199951171875,15793.7099609375,12.789999961853027,0.0011527068672003704,0.007210296402574638
2024-02-09,187.32191467285156,188.45268968737696,186.4787864459619,187.12352087688578,45155200,0.0040939697495763205,186.99423217773438,187.39331588745117,38.55254679987016,-0.735989933357064,1331.469970703125,15990.66015625,12.930000305175781,-0.00035987310690114666,0.00499142255687827
2024-02-12,185.63568115234375,187.14338640307878,185.27859346494134,186.8954092628083,41781900,-0.009001795243512967,186.93654174804686,187.46606903076173,31.773463384762366,-0.8530363155494132,1330.06005859375,15942.5498046875,13.930000305175781,-0.0035542349797815787,0.006819596193076444
2024-02-13,183.54273986816406,184.70328611762721,182.02512109310902,184.26684396147397,56529500,-0.011274455811445483,186.13929443359376,187.54760513305663,29.777433937842048,-0.3413257573364205,1328.5,15655.599609375,15.850000381469727,-0.00539409376846071,0.008295104490359681
2024-02-14,182.65992736816406,184.0287658151745,180.96377246543662,183.82047352517276,54630500,-0.004809847017834157,185.14368286132813,187.6320556640625,29.062332668138495,-0.40721704473548703,1340.7900390625,15859.150390625,14.380000114440918,-0.008362032690930868,0.0032794456553465866
2024-02-15,182.37229919433594,182.99720639873473,179.8826142837668,182.06480997798818,65434500,-0.0015746648866687973,184.30651245117187,187.40740737915038,30.998704598742975,-0.03234107366675909,1326.0,15906.169921875,14.010000228881836,-0.005886322571982812,0.004938682588515117
2024-02-16,180.8348388671875,183.35429496994237,180.2000180232841,181.9358579237584,49752500,-0.008430339113672747,183.00909729003905,186.96075744628905,29.82519444214317,-0.5764733374856957,1327.6600341796875,15775.650390625,14.239999771118164,-0.004938283672725234,0.0034296412724130264
2024-02-20,180.0908966064453,180.95385211869663,178.543521838827,180.31903131312703,53665600,-0.004113932168173462,181.90014038085937,186.36150054931642,34.24555501754739,-0.44069703589470727,1333.3399658203125,15630.7802734375,15.420000076293945,-0.004706312056171669,0.0034660139534453275
2024-02-21,180.84475708007812,181.41013702999714,179.19818540957374,180.46782702325083,41371400,0.004185999891378467,181.36054382324218,185.73603897094728,44.5510023109546,-0.8672797981599012,1333.75,15580.8701171875,15.34000015258789,-0.002786090463489247,0.006412127195176007
2024-02-22,182.878173828125,183.463411373256,180.98364000764028,181.99537582737872,52292200,0.01124399059656711,181.40419311523436,185.24593124389648,43.18553291334714,-0.48835111389043023,1332.8699951171875,16041.6201171875,14.539999961853027,0.0037720194399240383,0.007687326113322596
2024-02-23,181.04315185546875,183.54275049121756,180.75548990166286,183.51299444569602,45119700,-0.010034122357219455,181.13836364746095,184.68041763305663,41.09326477785089,-0.7372217083453035,1327.1700439453125,15996.8203125,13.75,0.001798622710242041,0.010838090241010203
2024-02-26,179.69415283203125,181.28119739799624,179.18826979539264,180.7654158601022,40867400,-0.007451256839112297,180.91022644042968,184.1341354370117,31.413853260167784,-0.8847675332042032,1330.0,15976.25,13.739999771118164,-0.002080462866588214,0.011611356236030235
2024-02-27,181.15225219726562,182.43180748858953,178.1070858709482,179.6346334198553,54318900,0.008114339516641644,181.12249755859375,183.69493560791017,30.808028404576163,-0.4180289063224007,1331.719970703125,16035.2998046875,13.430000305175781,-0.003123679893230036,0.009817719122262755
2024-02-28,179.9520263671875,181.6382676787398,178.67247114624934,181.03320292829392,48953900,-0.006625508739307007,180.94395141601564,183.37849884033204,28.293427829562035,-0.6041830700380362,1331.7900390625,15947.740234375,13.84000015258789,-0.0019874753539258863,0.00875816548944441
2024-02-29,179.28746032714844,181.09274105155225,178.07733075339527,179.80325698202418,136682600,-0.003693017819555,180.2258087158203,183.209130859375,28.973013915664666,2.439817448575173,1333.3800048828125,16091.919921875,13.399999618530273,-0.0007347290140734541,0.0078025243443755905
2024-03-01,178.20628356933594,179.06923911535185,175.94473341504965,178.0971730296413,73563100,-0.006030409242451573,179.65843505859374,182.86385345458984,24.11269198866809,0.24970417054179903,1335.199951171875,16274.9404296875,13.109999656677246,-0.005449645267104526,0.0015501099460684285
2024-03-04,173.68319702148438,175.46862034292982,172.3837840784165,174.72468891388633,81510100,-0.02538118441873982,178.45624389648438,182.3424499511719,20.76664090090516,0.5254482784724895,1330.9000244140625,16207.509765625,13.489999771118164,-0.011701537160248798,0.011904428230852209
2024-03-05,168.7434844970703,170.64794717373948,168.24753020204216,169.37830538929336,95132400,-0.028440935042225335,175.9744903564453,181.48341751098633,18.228306042751,0.9981133044526388,1328.93994140625,15939.58984375,14.460000038146973,-0.01995084290113891,0.012152134520482987
2024-03-06,167.75155639648438,169.85441265484894,167.31511424596866,169.67586125903696,68587700,-0.005878319412108368,173.53439636230468,180.49454650878906,18.143303229863164,0.07706830359850497,1333.4300537109375,16031.5400390625,14.5,-0.019900146291024507,0.0122392499866699
2024-03-07,167.63255310058594,169.34855073763018,167.12668516420615,167.78133333619056,71765100,-0.0007094020374819321,171.2034149169922,179.49427490234376,18.275001236581204,0.18731736972899146,1327.0899658203125,16273.3798828125,14.4399995803833,-0.011676218830605212,0.01474690506338687
2024-03-08,169.3485107421875,172.29447979399498,167.5730014302277,167.6325135104144,76267000,0.010236422519747324,169.4318603515625,178.63379287719727,25.465981176887254,0.3435237871812597,1321.1800537109375,16085.1103515625,14.739999771118164,0.0012162336900523412,0.008228139619558107
2024-03-11,171.35218811035156,172.9690037589795,170.65785520874886,171.54065314121274,60139500,0.01183167988536038,168.96565856933594,177.83530654907227,32.2878661807481,-0.21606638529290814,1315.97998046875,16019.26953125,15.220000267028809,0.007119566789208591,0.00682684232882246
2024-03-12,171.82830810546875,172.62183794587216,169.62626998762764,171.7489536078961,59825400,0.0027786046992908098,169.58262329101564,177.14493789672852,31.51682782928893,-0.2269649915973035,1310.5400390625,16265.6396484375,13.84000015258789,0.00828223570146617,0.004832564243930173
2024-03-13,169.74530029296875,171.78862930722158,169.3782838692582,171.3720295685671,52488700,-0.012122611433858954,169.9813720703125,176.45506591796874,23.133045963408364,-0.481532979096372,1311.1500244140625,16177.76953125,13.75,0.0008292243835974119,0.012095539709451323
2024-03-14,171.6001739501953,172.89957168966941,170.65786388331372,171.51090581587792,72913500,0.010927393300581345,170.77489624023437,175.9020782470703,30.69742647246163,0.2271644231513653,1313.6500244140625,16128.5302734375,14.399999618530273,0.0005277955220044003,0.011688681962858133
2024-03-15,171.22323608398438,171.22323608398438,168.91208752136302,169.78497182252738,121752700,-0.002196605385262229,171.14984130859375,175.34462509155273,31.9678319775866,1.921781465563418,1321.9200439453125,15973.169921875,14.40999984741211,-0.0011306078395132795,0.011561917775182656
2024-03-18,172.31436157226562,176.27208229753154,172.11598288120766,174.14939851903085,75604200,0.00637253163318352,171.34227600097657,174.91860122680663,30.888052444352567,0.32052602768252286,1329.3399658203125,16103.4501953125,14.329999923706055,0.005034439849500878,0.006663535292370909
2024-03-19,174.65524291992188,175.18095319129145,171.62991909909198,172.92931675607417,55215200,0.013584946294070255,171.90766296386718,174.64681854248047,39.08420059148877,-0.3869291902108771,1336.0899658203125,16166.7900390625,13.819999694824219,0.005920290847330516,0.007900489519526599
2024-03-20,177.2242889404297,177.2242889404297,173.67325471299228,174.29816190798687,53423100,0.014709240773755017,173.40346069335936,174.46579513549804,46.057589726201826,-0.44911127349042795,1337.02001953125,16369.41015625,13.039999961853027,0.011555572900336264,0.004523709440494166
2024-03-21,169.98336791992188,176.05385870042272,169.45765758517675,175.61741650508932,106181300,-0.04085738508981518,173.0800994873047,173.8210548400879,37.28135989927151,1.3814867880458699,1330.1099853515625,16401.83984375,12.920000076293945,-0.004187732673996636,0.03176182560467785
2024-03-22,170.88601684570312,171.64979072547655,168.6839784855534,170.3702201223851,71160100,0.005310219092767188,173.01265563964844,173.3131980895996,45.1278333818994,0.16632514809843052,1334.6800537109375,16428.8203125,13.0600004196167,-0.006945975074430992,0.02974177531795204
2024-03-25,169.4675750732422,170.54875171721093,168.078894077347,169.1898419011277,54288300,-0.008300513983784175,172.44329833984375,172.80186920166017,51.437539264470786,-0.4190906616643762,1343.5999755859375,16384.470703125,13.1899995803833,-0.014615893326944055,0.02372287780131037
2024-03-26,168.3367919921875,170.0329469889122,168.20783904863555,168.62443878704727,57388400,-0.00667256305854369,171.1796081542969,172.16109619140624,51.15549390612518,-0.31152374219842255,1339.1300048828125,16315.7001953125,13.239999771118164,-0.003220952649853559,0.007432914941684259
2024-03-27,171.9076690673828,172.19533102381604,168.73356472173438,169.03114031499092,60273300,0.02121269529337977,170.1162841796875,171.758878326416,57.42841955543714,-0.21142380801328986,1343.06005859375,16399.51953125,12.779999732971191,0.0020798727503506345,0.01658949155040708
2024-03-28,170.09246826171875,170.83639964948821,169.13031578937776,170.36028779920613,65672700,-0.01055916129577994,170.1381042480469,171.29912872314452,51.288233684774816,-0.02407603698510683,1349.800048828125,16379.4599609375,13.010000228881836,0.0013269903130187128,0.017330821053512916
2024-04-01,168.6542205810547,169.86435030206175,168.1086678157934,169.80483820681948,46240500,-0.008455681167793161,169.69174499511718,170.82152557373047,45.23478492944079,-0.6983323166039271,1345.31005859375,16396.830078125,13.649999618530273,0.000732617609935556,0.017767423662482365
2024-04-02,167.47384643554688,167.9698007416,166.8687815767491,167.71190995116913,49329500,-0.0069987821321111365,169.29299926757812,170.51105804443358,42.49574581627586,-0.5911505436835921,1355.530029296875,16240.4501953125,14.609999656677246,-0.008671208198561412,0.0017899480084663931
2024-04-03,168.2772979736328,169.29896268174932,167.2159635786926,167.42425592133577,47691700,0.0047974746814880564,169.28110046386718,170.4877487182617,47.35338282804054,-0.647978743000175,1350.72998046875,16277.4599609375,14.329999923706055,-0.00355232953947208,0.0072677411618956795
2024-04-04,167.45399475097656,170.5289019190824,167.45399475097656,168.9120862737285,53704400,-0.004892538878210728,168.39036560058594,170.47287063598634,42.23624866886686,-0.43935075787939193,1344.8399658203125,16049.080078125,16.350000381469727,-0.002364615442944603,0.006291320717784086
2024-04-05,168.20785522460938,169.01129873561936,167.5829479892356,168.21776886148135,42104800,0.004501896026749774,168.01344299316406,170.5016357421875,44.43226264930821,-0.8418323678394823,1351.3599853515625,16248.51953125,16.030000686645508,0.0014689439433423674,0.005511187662561281
2024-04-08,167.0869903564453,167.83092176064616,166.87869803905005,167.6622991252661,37425500,-0.006663570299183519,167.6999969482422,170.3885597229004,40.3585498952606,-1.0041941904442488,1350.27001953125,16253.9599609375,15.1899995803833,-0.0023514043835481577,0.006000827689482321
2024-04-09,168.29708862304688,168.70377468070268,166.98777746600817,167.33493630874918,42373800,0.007242324875324391,167.8646453857422,170.23580474853514,37.76246098553247,-0.8324986362384561,1354.219970703125,16306.6396484375,14.979999542236328,0.0016935502009635488,0.007366042686477311
2024-04-10,166.4224090576172,167.72180678766216,165.75783217031642,167.43415997850798,49709300,-0.011139108708104972,167.49366760253906,169.96550979614258,28.6386772954787,-0.5779722862037787,1348.5400390625,16170.3603515625,15.800000190734863,-0.0035201180439880333,0.009585418311478303
2024-04-11,173.6236572265625,174.040272115757,166.7993370367697,166.97787330186227,91070300,0.04327090449971904,168.72760009765625,170.15942764282227,57.21015253268033,0.8571670176997437,1363.760009765625,16442.19921875,14.90999984741211,0.013124706888979487,0.02767786476473253
2024-04-12,175.12144470214844,176.91679662448954,172.80038249764078,172.8499658132502,101670900,0.008626632450389415,170.11031799316407,170.33549118041992,58.19570379172835,1.2249854385541639,1367.8399658203125,16175.08984375,17.309999465942383,0.013586142747334495,0.02754196690703155
2024-04-15,171.29266357421875,175.200785081753,171.10419855705527,173.94105717912421,73531800,-0.021863576642151328,170.95145263671876,170.33896255493164,53.230269353451995,0.24861812667892869,1379.6099853515625,15885.01953125,19.229999542236328,0.010011320102652377,0.03258931079857183
2024-04-16,168.0094757080078,172.35402488220237,166.9084566077323,170.360294137519,73711200,-0.019167124835958727,170.89393005371093,170.12371826171875,49.46166281895286,0.2548429276054124,1387.6700439453125,15865.25,18.399999618530273,-0.010801356342573546,0.01687906319943135
2024-04-17,166.64064025878906,169.2691919230274,166.64064025878906,168.23761366668208,50901200,-0.008147370518539754,170.9375762939453,169.7229881286621,40.66124997599738,-0.536615874697224,1387.3399658203125,15683.3701171875,18.209999084472656,-0.016392690665549936,0.0072668212672939644
2024-04-18,165.68838500976562,167.27544462394533,165.20235954360626,166.67037984876308,43122900,-0.005714423849696004,169.35052185058595,169.1461929321289,41.944801901518275,-0.8065064490922524,1379.5400390625,15601.5,18.0,-0.011009639734731494,0.007168558415463643
2024-04-19,163.66490173339844,165.05356757276493,162.7523477339115,164.86511767231858,68149400,-0.01221258373812939,167.05921325683593,168.83026962280275,41.06566023579984,0.061860219729620906,1379.4000244140625,15282.009765625,18.709999084472656,-0.008691459368788382,0.003283069446665988
2024-04-22,164.49810791015625,165.9066162144586,163.43677364744048,164.18070504913473,48116400,0.0050909276694832695,165.70030212402344,168.5108741760254,44.60426762651967,-0.6332425503943911,1373.9300537109375,15451.3095703125,16.940000534057617,-0.004278693306114041,0.008740644621746889
2024-04-23,165.54953002929688,165.69832539217154,163.58555534900174,164.01208389352126,49537800,0.006391697342287284,165.20831298828125,168.31497192382812,45.09797781102592,-0.5839229738230204,1378.8399658203125,15696.6396484375,15.6899995803833,-0.00024331957545294566,0.010386070666155052
2024-04-24,167.65237426757812,167.93010742906517,164.86511388137603,165.19243035823263,48251800,0.012702206028063712,165.41065979003906,168.28075103759767,50.34080414211493,-0.6285444564955847,1370.47998046875,15712.75,15.970000267028809,0.008061610346611422,0.00407116035602303
2024-04-25,168.51531982421875,169.2294950930192,166.78939373539737,168.1582321898185,50558300,0.005147231349454939,165.97604675292968,168.11113357543945,50.52624648689717,-0.5485137801470081,1376.969970703125,15611.759765625,15.369999885559082,0.008080378239935312,0.004050696604185829
2024-04-26,167.9301300048828,169.9536169013635,167.8110906801551,168.50543881254012,44838400,-0.0034726208866134867,166.82909240722657,168.00301666259764,51.47009046733485,-0.7469822239563395,1371.699951171875,15927.900390625,15.029999732971191,0.0047922721636350545,0.008093253576135906
2024-04-29,172.09609985351562,174.60562678464615,171.699342565042,171.96714692386752,68169400,0.02480775694338888,168.34869079589845,168.17511062622071,56.00501905196032,0.06255417746947416,1377.0899658203125,15983.080078125,14.670000076293945,0.008827455802076778,0.014494929512356236
2024-04-30,168.9517822265625,173.57407962239418,168.6244505944639,171.92750782528833,65934800,-0.018270708224239263,169.02914123535157,168.24900741577147,53.84383704624603,-0.014981720804329935,1374.6400146484375,15657.8203125,15.649999618530273,0.0010214759441787107,0.021888038286768344
2024-05-01,167.9301300048828,171.31254198345843,167.74166494811112,168.20786320370715,50383100,-0.006047004702854575,169.0846923828125,168.23164901733398,39.346672738120816,-0.5545928499481226,1385.4599609375,15605.48046875,15.390000343322754,0.00016334800543168124,0.0222005608233356
2024-05-02,171.62991333007812,172.01675700988142,169.50722990892024,171.1141167118999,94214900,0.02203168261161781,169.70761108398438,168.44044494628906,43.96425303545504,0.9662779931368708,1375.0,15840.9599609375,14.680000305175781,-0.0007620101051586762,0.02066443932689191
2024-05-03,181.89614868164062,185.48685188008113,181.18197349566182,185.13967792136495,163224100,0.05981611918557883,172.50081481933594,169.12485961914064,64.9930269472512,3.36075141619093,1364.6400146484375,16156.330078125,13.489999771118164,0.025266932364780687,0.033050535590361974
2024-05-06,180.2397003173828,182.70954279745968,178.9601298757301,180.87452115240256,78569700,-0.009106560948450748,174.12953491210936,169.7824951171875,68.12710045236985,0.42342261155926414,1355.050048828125,16349.25,13.489999771118164,0.024247080282915296,0.03451470627639656
2024-05-07,180.92408752441406,183.4038585438568,179.85283976309742,181.96559437964424,77305800,0.0037970946790641946,176.52399597167968,170.41384506225586,71.60872397300675,0.3795679521892377,1352.1700439453125,16332.5595703125,13.229999542236328,0.018168884305397426,0.03664007658305479
2024-05-08,181.26136779785156,181.58869942461462,179.9817973354757,181.3704783401059,45057100,0.0018642087853115719,179.19024353027345,171.1557929992676,74.0062935886737,-0.7393937960710442,1357.72998046875,16302.759765625,13.0,-0.0011484191613583272,0.006959384132030942
2024-05-09,183.07655334472656,183.16582147443802,180.6364518520254,181.08280763590477,48983000,0.010014188731596319,181.4795715332031,171.6284378051758,80.1171515857771,-0.6031733615265497,1361.93994140625,16346.259765625,12.6899995803833,0.005225164065324028,0.004258530252350831
2024-05-10,181.8151092529297,183.84134031553506,180.9013175850214,183.65261967053823,50759500,-0.006890254752729752,181.46336364746094,171.96312103271484,76.51496543231374,-0.5415325652840843,1365.4000244140625,16340.8701171875,12.550000190734863,0.001662714254726046,0.008454022853830153
2024-05-13,185.02333068847656,185.8378061410755,183.37452561798457,184.18900107058352,72044800,0.017645516089005664,182.4200897216797,172.64965438842773,77.96999888325195,0.19702236872083922,1370.1099853515625,16388.240234375,13.600000381469727,0.0069231500226240765,0.012556548208994735
2024-05-14,186.16558837890625,187.02972965761612,185.03327943466695,186.2450505169401,52393600,0.00617358733182094,183.46838989257813,173.55746002197264,77.34486181339471,-0.4848327481493742,1363.7900390625,16511.1796875,13.420000076293945,0.005642949556032284,0.012276489524141492
2024-05-15,188.4401397705078,189.3638586651008,186.1059869360216,186.64235255391958,70400000,0.012217893819195691,184.90414428710938,174.6474349975586,78.2517665381177,0.1399512841953076,1362.550048828125,16742.390625,12.449999809265137,0.012012332413340765,0.005738726249888553
2024-05-16,188.55931091308594,189.81082048816586,188.3805324914181,189.1850657006259,52845200,0.000632408481140212,186.00069580078124,175.7909812927246,79.64223154549934,-0.46916318238348775,1353.5999755859375,16698.3203125,12.420000076293945,0.006341296544052281,0.005794563177192215
2024-05-17,188.589111328125,189.52277241007562,187.90376371878457,188.23153932133224,41282900,0.00015804265986529842,187.35549621582032,177.03719177246094,76.89594584188676,-0.8703505611587519,1346.0400390625,16685.970703125,11.989999771118164,0.004336114986733734,0.006829940256398984
2024-05-20,189.75120544433594,190.62527366658756,187.73490137733788,188.052749878466,44361300,0.006162042484992858,188.3010711669922,178.29984664916992,86.26303667424084,-0.763536585840539,1353.3900146484375,16794.869140625,12.149999618530273,0.0023174978753327893,0.003337910749981968
2024-05-21,191.05238342285156,191.42980957851574,189.6320225414164,189.80087387660714,42309400,0.006857284387040918,189.27843017578124,179.57498931884766,89.92367848916442,-0.8347331801607836,1360.1600341796875,16832.619140625,11.859999656677246,0.004392456510633025,0.003683549350866358
2024-05-22,189.61215209960938,191.5192128106237,188.9864124860383,190.9729201671483,34648500,-0.007538410657011108,189.51283264160156,180.67297821044923,83.67646974273727,-1.1005502226228734,1363.4200439453125,16801.5390625,12.289999961853027,0.0018269720716742228,0.008118105417316038
2024-05-23,185.61927795410156,189.71147882549133,185.3709645001415,189.6916095055364,51005900,-0.021058113107699117,188.9248260498047,181.52817611694337,59.11405119497555,-0.5329830059290923,1365.81005859375,16736.029296875,12.770000457763672,-0.007246413125889768,0.01395998929945749
2024-05-24,188.69834899902344,189.2943073297369,186.77143423967982,187.54618613194728,36327000,0.016588099462832906,188.94667358398436,182.56658706665038,69.35812637929341,-1.042309819305689,1367.6199951171875,16920.7890625,11.930000305175781,-0.0040028081006257725,0.019070518983602857
2024-05-28,188.70831298828125,191.69800175645932,187.82431762786635,190.21804799663707,52280100,5.2803796698031036e-05,188.73809509277345,183.39719772338867,68.38210689502736,-0.48877095832304146,1360.9300537109375,17019.880859375,12.920000076293945,-0.0014724032827227267,0.018869393808566146
2024-05-29,189.0062713623047,190.95305560689752,188.2315345598267,188.33086600869876,53068000,0.001578936133258324,188.32887268066406,184.3999221801758,68.32327872095819,-0.4614324931615225,1362.760009765625,16920.580078125,14.279999732971191,0.00607327979759642,0.009138016438018898
2024-05-30,189.99951171875,190.88350698979508,189.343975732697,189.4730884200293,49889100,0.0052550656085976755,188.40634460449218,185.50339126586914,67.04145334385919,-0.571733606122498,1370.550048828125,16737.080078125,14.470000267028809,0.002295601846184677,0.0026741520708343357
2024-05-31,190.95306396484375,191.2709124904654,188.62885345568,190.1485307236603,75158300,0.005018708929658944,189.4731018066406,186.46954879760742,72.8400786037275,0.3050542398724946,1375.6199951171875,16735.01953125,12.920000076293945,0.003950903557171648,0.0020575806703495804
2024-06-03,192.72103881835938,193.67456916074488,191.22123099586668,191.5986571441052,50080500,0.009258688060858278,190.27763977050782,187.01079330444335,70.73292901332371,-0.5650924305521023,1382.0999755859375,16828.669921875,13.109999656677246,0.006510820866371632,0.002382655390277528
2024-06-04,193.03887939453125,194.0023367795345,191.7277771220464,193.3269163239317,47471400,0.0016492261463547653,191.1437530517578,187.65075225830077,69.37278625241801,-0.6556226875046586,1370.7900390625,16857.05078125,13.15999984741211,0.005308874378957329,0.003813020410126557
2024-06-05,194.54864501953125,195.571695368637,193.55539107625557,194.0818144537235,54156800,0.007821044287738221,192.25222778320312,188.33198013305665,67.9928964463691,-0.42365343380391135,1373.719970703125,17187.900390625,12.630000114440918,0.006242986164983755,0.004042731531546497
2024-06-06,193.16798400878906,195.17436081654608,192.86007777289478,194.36982770834507,41181800,-0.007096739278773079,192.88592224121095,188.92731094360352,62.63600428675047,-0.87385851753371,1368.739990234375,17173.119140625,12.579999923706055,0.0007911770517733027,0.007495815687491908
2024-06-07,195.561767578125,195.61143330627965,192.83031924399432,193.33687329712626,53103900,0.012392237676544848,193.8076629638672,189.55157165527345,66.92372201202127,-0.4601868390184859,1365.25,17133.130859375,12.220000267028809,0.004372180895169997,0.010191960052741237
2024-06-10,191.81716918945312,195.96897795846326,190.8537117900643,195.5716673445734,97010200,-0.019147906234668,193.62688903808595,190.05167465209962,54.45579910536919,1.0632689966474609,1379.050048828125,17192.529296875,12.739999771118164,-0.00461746927896541,0.015915566414173302
2024-06-11,205.75253295898438,205.762475197422,192.32375155853347,192.34360572370616,172373300,0.07264919938302095,196.16961975097655,191.088134765625,70.5212320123749,3.6782093238642,1373.9599609375,17343.55078125,12.850000381469727,0.02196451027496593,0.04664116692333226
2024-06-12,211.6326141357422,218.7145040828182,205.50422428227435,205.97105482418652,198134300,0.02857841452639609,199.58641357421874,192.3614860534668,77.35001185667653,4.572061590682184,1377.3599853515625,17608.439453125,12.039999961853027,0.027359902558249678,0.04591068207409543
2024-06-13,212.79470825195312,215.28776993558532,210.17251871917932,213.29133517221976,97862700,0.005491091819456395,203.51175842285156,193.57921447753907,86.3055671107933,1.0928489453087058,1370.4100341796875,17667.560546875,11.9399995803833,0.03557290190962448,0.034121034468424724
2024-06-14,211.0565185546875,213.71843162956222,209.874544034183,212.40734441299963,70122700,-0.00816838779283724,206.61070861816407,194.70407485961914,80.97977678305958,0.13032956013224223,1373.739990234375,17688.880859375,12.65999984741211,0.008633706184338416,0.018573876519374498
2024-06-17,215.2083282470703,217.4729460060793,211.28497823555003,211.93058723086708,93728300,0.01967155395537823,211.2889404296875,196.0350357055664,82.93813738361187,0.9493940013262411,1382.280029296875,17857.01953125,12.75,0.005664752660665795,0.01392078330058446
2024-06-18,212.84437561035156,217.15510913678148,211.56308472355843,216.1221165738588,79943300,-0.010984484921999882,212.70730895996093,197.1896942138672,78.18212750678833,0.47108362913238566,1379.06005859375,17862.23046875,12.300000190734863,0.00017289374684703596,0.016944937686696707
2024-06-20,208.26547241210938,212.79472296910444,207.4410850045998,212.48680152632818,86172500,-0.021512916115879244,212.03388061523438,198.05034866333008,69.906833296926,0.6872237067870802,1381.1500244140625,17721.58984375,13.279999732971191,-0.004275282360833632,0.02139626586621231
2024-06-21,206.0902557373047,210.4605668046439,205.71281440805072,208.9706859649803,241805100,-0.010444442132493403,210.6929901123047,198.87425384521484,66.0691058949271,6.087346073961359,1391.8199462890625,17689.359375,13.199999809265137,-0.01431394772345751,0.006240334204987481
2024-06-24,206.7358856201172,211.26512140596267,205.1963388988781,206.3187207615107,80727000,0.003132753077057071,209.82886352539063,199.93008422851562,65.24083481197047,0.4982763631685354,1388.3900146484375,17496.8203125,13.329999923706055,-0.009608201723771859,0.012344096808101977
2024-06-25,207.65960693359375,209.95402109263304,207.20270345608853,207.73905391104032,55549700,0.004468122748529035,208.31911926269532,200.87814712524414,65.69292149286936,-0.37532274701183144,1386.1099853515625,17717.650390625,12.84000015258789,-0.0009478554356357657,0.008251343660766316
2024-06-26,211.8114013671875,213.41054080672134,209.2190079939271,210.07320698316605,66213200,0.019993269249139134,208.1125244140625,202.03330154418944,67.53423772917779,-0.005321829065572637,1390.8900146484375,17805.16015625,12.550000190734863,0.009198048358241747,0.00937274765489388
2024-06-27,212.65565490722656,214.28459061162127,210.91746067332394,213.2416710401095,49772700,0.003985873917029981,208.99056091308594,203.21577072143555,70.01221463091791,-0.575772440168444,1393.3800048828125,17858.6796875,12.239999771118164,0.00948242197156605,0.009105853823404815
2024-06-28,209.19912719726562,214.6123729638464,208.8812938369491,214.31439376890182,82542700,-0.016254106722291883,209.61233520507812,204.17575149536134,63.70528264202436,0.5612773165811131,1386.949951171875,17732.599609375,12.4399995803833,0.002575012147959077,0.01816482767333989
2024-07-01,215.28778076171875,216.0426482623776,210.4903626519942,210.65921399467373,60402900,0.02910458397234028,211.32271423339844,205.3924873352051,72.52620645711161,-0.20692696185904078,1380.2900390625,17879.30078125,12.220000267028809,0.005612117055692793,0.02272303248781641
2024-07-02,218.78402709960938,218.89328562800327,213.6489065767971,214.6918109818244,58046200,0.01623987355678258,213.54759826660157,206.69563674926758,65.64137194199446,-0.28869947213464897,1383.4200439453125,18028.759765625,12.029999732971191,0.009696783602276993,0.02337652080608635
2024-07-03,220.05540466308594,220.05540466308594,217.55240059045883,218.5158580863075,37369800,0.0058111077866653815,215.19639892578124,208.0464630126953,61.367265634578686,-1.0061268627497402,1383.4200439453125,18188.30078125,12.09000015258789,0.017051855105262748,0.011667947280025367
2024-07-05,224.81309509277344,224.9223536333555,220.15473164881905,220.15473164881905,60412400,0.021620420716190747,217.6278869628906,209.55968551635743,64.7849357288354,-0.20659733193261048,1380.25,18352.759765625,12.479999542236328,0.01455713401987957,0.008037866824456797
2024-07-08,226.28311157226562,226.31290797690275,221.7439339584199,225.55802531049062,59085900,0.006538838313157713,221.04468383789063,211.21544189453124,68.85606750252927,-0.2526240790283776,1376.5699462890625,18403.740234375,12.369999885559082,0.011323455605337948,0.008924853825154977
2024-07-09,227.1372833251953,227.85242731023644,224.84286935479298,226.3923429370984,48076100,0.0037747923253959037,223.41458435058593,212.79421768188476,66.0862054860471,-0.6346408752401955,1382.75,18429.2890625,12.510000228881836,0.010644683784914788,0.00960521152521084
2024-07-10,231.40829467773438,231.50762613234983,227.70346178953022,227.75312751683794,62627700,0.018803656053349105,225.93943786621094,214.77377395629884,73.80889622633941,-0.1297311028777648,1382.4200439453125,18647.44921875,12.850000381469727,0.00970576223063424,0.00799929631671792
2024-07-11,226.0347900390625,230.82226580227746,224.2469300453064,229.82901193417422,64710600,-0.023220881715390385,227.13531494140625,215.78788681030272,72.33456474380516,-0.05745887406074762,1382.989990234375,18283.41015625,12.920000076293945,-0.00021414444554845868,0.021294345636600192
2024-07-12,228.9847412109375,231.07058040656065,227.13728840093884,227.37567478656334,53046500,0.013050872263359103,227.96964416503906,216.6554931640625,78.22675072669338,-0.46217849773186476,1371.27001953125,18398.44921875,12.460000038146973,0.0028778822004392746,0.02278448460650907
2024-07-15,232.81871032714844,235.62962070976812,231.5175501306247,234.88468027763452,62631300,0.01674333886151458,229.27676391601562,217.65669326782228,79.81376255018903,-0.1296061904845912,1374.1099853515625,18472.5703125,13.119999885559082,0.002191109803161099,0.022084735952662405
2024-07-16,233.2358856201172,234.67610072880163,230.76267797901863,233.41466404542834,43234300,0.0017918460779313694,230.496484375,218.76566162109376,79.57726579449653,-0.8026411044812698,1383.68994140625,18509.33984375,13.1899995803833,0.01052868573426835,0.007788315143856638
2024-07-17,227.33595275878906,229.8985495862513,225.11105861290636,227.90209958898402,57345900,-0.025295990990587214,229.68201599121093,219.37204284667968,67.25543113414724,-0.31299840239561066,1382.6400146484375,17996.919921875,14.479999542236328,-0.0022536020170470885,0.02130963517567404
2024-07-18,222.6676483154297,228.88542732552744,220.7705449165008,228.7265030667722,66034600,-0.02053482692336217,229.0085876464844,219.8632064819336,60.2563793455033,-0.011518871682462196,1378.6500244140625,17871.220703125,15.930000305175781,-0.014679657278672672,0.014462018805779471
2024-07-19,222.79676818847656,225.2699757257536,221.7737179376491,223.30333735062962,49151500,0.0005798771129246205,227.7709930419922,220.58977127075195,64.94864390677051,-0.597326767568286,1385.239990234375,17726.939453125,16.520000457763672,-0.015083646933674921,0.013772314982876226
2024-07-22,222.4491424560547,226.24336434241772,221.58500128681854,225.47855462210336,48201800,-0.0015602817547505365,225.69707946777345,221.40771560668946,59.01022607368263,-0.6302793508452178,1388.81005859375,18007.5703125,14.90999984741211,-0.0071717438550626955,0.01162213671458148
2024-07-23,223.49205017089844,225.40903804109774,221.17776681088287,222.8563682936816,39960300,0.004688297303954592,223.7483123779297,222.24552383422852,56.313242961736904,-0.9162419864952475,1387.0999755859375,17997.349609375,14.720000267028809,0.0012359642207095585,0.0031755350388508936
2024-07-24,217.06568908691406,223.28346786979841,215.66521268088363,222.48886176091068,61777600,-0.028754316223195908,221.6942596435547,222.71582794189453,46.47784415404275,-0.15922777661022736,1384.5699462890625,17342.41015625,18.040000915527344,-0.008542100224663951,0.017780929158559236
2024-07-25,216.0227813720703,219.36011485373604,213.17213256832727,217.45305415919788,51391200,-0.004804571921203871,220.36528625488282,222.92639694213867,38.65089756842836,-0.5196139100708194,1382.6500244140625,17181.720703125,18.459999084472656,-0.009623530280148396,0.017234235394426846
2024-07-26,216.4896240234375,218.0093012590926,214.55276681781487,217.22462220056258,41601300,0.002161080643448887,219.103857421875,223.11809539794922,37.01946555689893,-0.859302753940288,1381.4300537109375,17357.880859375,16.389999389648438,-0.010465935833650297,0.016216618694024888
2024-07-29,216.76776123046875,217.82060805920165,214.29455328225117,215.4963973064305,36311800,0.0012847599892416017,217.96758117675782,223.49652709960938,36.04285327079027,-1.0428372271879773,1382.0899658203125,17370.19921875,16.600000381469727,-0.0004529104295044606,0.00379403515745423
2024-07-30,217.32395935058594,218.84363662609175,214.6620309808042,217.71132777069818,41643800,0.0025658710361724513,216.7339630126953,223.59833602905275,28.936425526589105,-0.8578280937430999,1381.3599853515625,17147.419921875,17.690000534057617,0.00200390388962098,0.0006548585935882974
2024-07-31,220.5818328857422,222.31010016667176,219.14161772956027,219.94615098169663,50036300,0.014990862235767954,217.43719177246095,223.68822631835937,41.29400111020103,-0.566626077157178,1383.5,17599.400390625,16.360000610351562,0.006280497753727336,0.007570544791237583
2024-08-01,216.88693237304688,222.96564167600837,215.55597572208578,222.8563831356547,62501000,-0.01675070183413163,217.61002197265626,223.52980270385743,31.133864054304908,-0.13412732515973516,1367.9200439453125,17194.150390625,18.59000015258789,0.000268677145936258,0.015994985064947245
2024-08-02,218.37680053710938,224.0780833133434,216.24131073912352,217.6715836076827,105568600,0.006869331166065473,217.98745727539062,223.2079879760742,25.701861317358578,1.3602273926854653,1368.969970703125,16776.16015625,23.389999389648438,0.0017031638559005986,0.016489350681829277
2024-08-05,207.85824584960938,212.0597055615941,194.6777624827749,197.74691336614487,119548600,-0.04816699695951698,216.20555419921874,222.2867446899414,18.134176738780923,1.84530385284289,1357.1700439453125,16200.080078125,38.56999969482422,-0.01934945587586105,0.027610043377614336
2024-08-06,205.83200073242188,208.5733911865651,199.7135682482994,203.91502798694503,69660500,-0.009748206566957851,213.90716247558595,221.22148056030272,20.08839725522951,0.11429219676423352,1367.4000244140625,16366.849609375,27.709999084472656,-0.01701529078680312,0.02822865987220142
2024-08-07,208.40452575683594,212.1987475040528,204.9976572409954,205.50421123787663,63516400,0.012498178199988885,211.4717010498047,220.0712921142578,28.93190196478008,-0.09889509070738543,1370.31005859375,16195.8095703125,27.850000381469727,-0.015139008442161983,0.03068976096235774
2024-08-08,211.8709716796875,212.75496698059854,207.42119877275275,211.67232394520707,47161100,0.01663325645286684,210.4685089111328,219.36310119628905,35.30979794663568,-0.6663894418384819,1375.3299560546875,16660.01953125,23.790000915527344,0.0064610760286326245,0.014189092632622307
2024-08-09,214.78125,215.31760049038544,210.54005118457778,210.66917905420067,42201600,0.013736088040943839,209.74939880371093,218.65292663574218,40.3548491509269,-0.8384736123785926,1373.760009765625,16745.30078125,20.3700008392334,0.014289174231266522,0.002122297408422422
2024-08-12,216.31259155273438,218.28150622882862,214.39340008618356,214.8607709437837,38028100,0.007129772979412197,211.44026794433594,217.82762069702147,41.07885015901771,-0.9832852437424704,1363.8399658203125,16780.609375,20.709999084472656,0.012499705824407625,0.00487088598425152
2024-08-13,220.03167724609375,220.64820259017597,217.7843155173404,217.7843155173404,44155300,0.017193107745892444,214.28020324707032,217.16741027832032,53.95134277484239,-0.7706843505610275,1369.5400390625,17187.609375,18.1200008392334,0.012686322922082827,0.005113138151775456
2024-08-14,220.47914123535156,221.78180736898403,218.47044195323042,219.33558330044798,41960600,0.002033634406001239,216.69512634277345,216.82456970214844,56.03256046995428,-0.8468358031438243,1362.1700439453125,17192.599609375,16.190000534057617,0.008785505043768627,0.007714174906457455
2024-08-15,223.46237182617188,224.08885093177264,221.51333414952188,223.3430482530648,46414000,0.013530670403128386,219.0134063720703,216.86430587768555,58.836947548541296,-0.6923122332107002,1355.7099609375,17594.5,15.229999542236328,0.01091913751834069,0.007909961187765716
2024-08-16,224.78494262695312,225.56057624113714,222.39836482120643,222.6668580486994,44340200,0.005918539170478576,221.01414489746094,216.96371459960938,59.89856948754134,-0.7642687112560841,1363.510009765625,17631.720703125,14.800000190734863,0.007160947993202734,0.005848345402068249
2024-08-19,224.6258087158203,224.7252551363764,221.79175263729985,224.45676193958974,40687800,-0.0007079384823248658,222.67678833007812,217.07254791259766,59.10463917334313,-0.8909992737080854,1348.97998046875,17876.76953125,14.649999618530273,0.006247090363760699,0.007124988081616612
2024-08-20,225.2423553466797,225.89866536829538,224.18828995199718,224.50650638916653,30299000,0.002744772002754914,223.71892395019532,217.16006317138672,56.2209447451416,-1.2514686820974599,1330.8800048828125,17816.939453125,15.880000114440918,0.0026517908969695414,0.003314217197966524
2024-08-21,225.1329803466797,226.7041399348782,223.79054452288287,225.25231910261834,34765500,-0.0004855880672693935,224.64969177246093,217.563427734375,62.17210170322256,-1.0964905698447318,1327.5799560546875,17918.990234375,16.270000457763672,0.0005170818177202182,0.0019324369581283183
2024-08-22,223.2734375,227.06211276120644,222.6469583809866,226.51518775043243,43695300,-0.008259753163735506,224.61190490722657,217.92596054077148,57.14995083329019,-0.7866453785776523,1333.6600341796875,17619.349609375,17.549999237060547,-0.002000189742749995,0.005656448285939086
2024-08-23,225.57049560546875,226.9427773475752,223.07454817990703,224.39710671028325,38677300,0.010288093967598666,224.76901550292968,218.38000411987304,84.03468881044934,-0.9607593755068338,1339.5400390625,17877.7890625,15.859999656677246,0.0005142509121979222,0.009314258789108151
2024-08-26,225.90859985351562,226.00804628168004,222.6370187250734,225.49095216733542,30602200,0.0014988850697843503,225.02557373046875,218.8370460510254,91.25430263466271,-1.2409482827612843,1323.8800048828125,17725.76953125,16.149999618530273,0.0011757419578825035,0.009278144987275687
2024-08-27,226.75384521484375,227.5692634267734,223.63141860700006,224.73520717839608,35934600,0.003741536895347064,225.32787170410157,219.30854034423828,90.58604458611131,-1.0559252701616098,1326.6400146484375,17754.8203125,15.430000305175781,0.0051761719775766935,0.0045668568651452135
2024-08-28,225.2224578857422,228.57359288043327,224.41697829182954,226.6444476309267,38052200,-0.006753523088662949,225.34576721191405,219.5405715942383,82.29614852877788,-0.9824490246659472,1326.3599853515625,17556.029296875,17.110000610351562,-0.0005043670411771783,0.005526873915880695
2024-08-29,228.50399780273438,231.61648594304322,227.5991020536236,228.8122756660522,51906300,0.014570216255507473,226.39187927246093,220.12142486572264,82.60851772490076,-0.5017410284808987,1336.68994140625,17516.4296875,15.649999618530273,0.0038527433540638625,0.010662304631826651
2024-08-30,227.71841430664062,229.11057321557684,226.2069166530855,228.90175696593346,52990800,-0.0034379420213555,226.82146301269532,220.58850555419923,78.09882516785493,-0.4641111700373561,1332.8800048828125,17713.619140625,15.0,0.001459583715163008,0.011474527600708568
2024-09-03,221.52328491210938,227.71841483123856,219.9322331496077,227.27093626472063,50190600,-0.02720521927659758,225.94440002441405,221.27175750732422,53.275071442869006,-0.5612721931942102,1337.550048828125,17136.30078125,20.719999313354492,-0.005357648347481869,0.020953775501283536
2024-09-04,219.61404418945312,220.5388322671096,216.26289369284987,220.4195086889333,43840200,-0.00861869091284806,224.51643981933594,221.9608596801758,48.21506628817269,-0.7816176547524155,1340.4100341796875,17084.30078125,21.31999969482422,-0.013087284070267047,0.01249788424641477
2024-09-05,221.13548278808594,224.2181249188319,220.28029506440387,220.38968006999326,36615400,0.006927783713687852,223.69904479980468,222.59740753173827,44.890847976598046,-1.032302948697005,1331.010009765625,17127.66015625,19.899999618530273,-0.00963204215858593,0.01708905011532631
2024-09-06,219.58419799804688,223.97945984429646,218.54007124155592,222.69667077468378,48423000,-0.0070150876308061605,221.9150848388672,222.98306884765626,38.69430988173818,-0.6226041782424407,1332.7900390625,16690.830078125,22.3799991607666,-0.002901998276655456,0.008550517315039988
2024-09-09,219.67369079589844,220.03167667908036,215.49719894103853,219.58419811845144,67180000,0.0004075557288159004,220.30614013671874,223.22769088745116,39.202094239782255,0.028224088078933673,1337.77001953125,16884.599609375,19.450000762939453,0.00010675060389919722,0.006976301177891954
2024-09-10,218.878173828125,220.2405018848782,215.517084853391,217.69483113354613,51591000,-0.0036213575002596032,219.77711791992186,223.3559700012207,36.23061812338387,-0.5126812722496853,1341.27001953125,17025.880859375,19.079999923706055,-0.0034096298007499546,0.0037158485000180846
2024-09-11,221.41390991210938,221.84149617822106,216.6706004766808,220.22062862304543,44587100,0.011585148211148644,220.13709106445313,223.4250816345215,42.718047838525145,-0.7557018029575957,1343.3399658203125,17395.529296875,17.690000534057617,0.0027904488132349803,0.007878330316545413
2024-09-12,221.52328491210938,222.29891847364556,218.5897974500539,221.25479170284098,37455600,0.0004939843212352635,220.21465148925782,223.47728881835937,46.32103803594855,-1.0031497840457697,1339.1800537109375,17569.6796875,17.06999969482422,0.0028192583440414345,0.007865407074565322
2024-09-13,221.25477600097656,222.78615069565666,220.66808158488044,222.32873358844014,36766600,-0.001212102426340178,220.54876708984375,223.3669090270996,40.08223775383811,-1.0270566281837143,1335.68994140625,17683.98046875,16.559999465942383,0.003622343368681243,0.006948552274897
2024-09-16,215.10939025878906,216.00434741371936,212.72281255665072,215.32814508742544,59357400,-0.027775155200086554,219.6359069824219,222.8831314086914,30.4112625512914,-0.24320360270986965,1329.510009765625,17592.130859375,17.139999389648438,-0.009497757768397156,0.015851660028353635
2024-09-17,215.57672119140625,215.68610617984226,213.29954392555678,214.54254826078727,45519300,0.0021725268806487286,218.97561645507812,222.4306770324707,29.443939120238653,-0.7233564327030355,1319.1099853515625,17628.060546875,17.610000610351562,-0.008938243581926,0.01640078834596748
2024-09-18,219.45494079589844,221.46364038861367,216.32256023932743,216.33251398665766,59894900,0.01798997397798252,218.58382263183594,222.14130630493165,40.23571012922328,-0.22455348845131345,1322.9300537109375,17573.30078125,18.229999542236328,-0.002537551447151768,0.023243286999945722
2024-09-19,227.58914184570312,228.53383738270648,223.37288038958053,223.7308662842885,66781300,0.037065472394033794,219.7969940185547,222.2641143798828,48.669723478659904,0.014390040534959049,1322.260009765625,18013.98046875,16.329999923706055,0.019075991084221682,0.017471805473856843
2024-09-20,226.9228973388672,231.7855303113645,226.34614143297367,228.6829959505254,318679900,-0.0029274002328618653,220.9306182861328,222.44658737182618,48.83922111252929,8.754739196944906,1327.6099853515625,17948.3203125,16.149999618530273,0.01737601537971815,0.020003504045743043
2024-09-23,225.2025909423828,228.16590950652684,224.54628090601008,226.06771724362264,54146000,-0.007581017238271093,222.94925842285156,222.42819213867188,56.174905111994136,-0.4240281709834321,1331.5,17974.26953125,15.890000343322754,0.008852351640966946,0.024543821519449723
2024-09-24,226.09751892089844,228.06644877557946,224.46669778796843,227.37035418692216,43556100,0.003973879584469708,225.05341796875,222.43763809204103,61.26461964040504,-0.791475324447031,1333.6199951171875,18074.51953125,15.390000343322754,-0.0021781792955544166,0.005813768928648409
2024-09-25,225.10311889648438,226.01796830972677,222.76627973963284,223.6711754067507,42308700,-0.004398102328411535,226.18305358886718,222.35510177612304,57.022105169286185,-0.8347574686816784,1324.8900146484375,18082.2109375,15.40999984741211,-0.0026684133274043065,0.005968482066337874
2024-09-26,226.2467041015625,227.22121534991766,224.14851196557498,226.02793410267134,36636700,0.005080272590998636,225.91456604003906,222.40631408691405,61.964288026374184,-1.0315638837040613,1335.050048828125,18190.2890625,15.369999885559082,0.001552016615685603,0.005182563357827682
2024-09-27,226.5151824951172,228.23551159576573,226.0279344568732,227.1814462394898,34026000,0.0011866621200995464,225.83302307128906,222.3068733215332,62.20723244485893,-1.1221496572758058,1313.300048828125,18119.58984375,16.959999084472656,0.0006229441275622157,0.00476426607774535
2024-09-30,231.69602966308594,231.69602966308594,228.3647716650959,228.75258844686658,54541900,0.0228719643023505,227.1317108154297,222.50575408935546,69.77600510590675,-0.41029127752303696,1309.300048828125,18189.169921875,16.729999542236328,0.009712966337816228,0.011561118942288109
2024-10-01,224.94403076171875,228.36476618305377,222.4878528116685,228.2355040411627,63285000,-0.02914162539248255,226.90101318359376,222.67679138183593,54.81941326975293,-0.10692418175748758,1315.3299560546875,17910.359375,19.260000228881836,-0.0016943329900108346,0.026126202897741705
2024-10-02,225.51083374023438,226.09752818761766,221.771881889721,224.62581519597003,32880600,0.00251975114252323,226.98255615234376,222.971630859375,55.37675325847698,-1.1618926170372017,1324.8399658203125,17925.119140625,18.899999618530273,-0.0012499699825362736,0.026210903766488998
2024-10-03,224.40704345703125,225.5406628776434,222.0702042586661,223.88001079844628,34044200,-0.004894621978448144,226.6146240234375,223.13520889282228,54.1568323801307,-1.1215181557325393,1324.030029296875,17918.48046875,20.489999771118164,-0.010505498742802488,0.016559654119921368
2024-10-04,225.5307159423828,226.72399710298305,222.87566042869454,226.6245506840192,37245100,0.005007295974498671,226.41773071289063,223.43253479003906,65.84035375885269,-1.0104536892577254,1334.4100341796875,18137.849609375,19.209999084472656,0.0008774750461912525,0.005151193829507552
2024-10-07,220.44932556152344,224.4269397639463,220.09133967636964,223.24359711098245,39505400,-0.022530812974306924,224.16838989257812,223.4713165283203,56.495249196614445,-0.9320260552882098,1345.8800048828125,17923.900390625,22.639999389648438,-0.0074727129927521325,0.013948898740674636
2024-10-08,224.50650024414062,224.71531649859696,222.00059897690352,223.0447257693685,31855700,0.018404114742845534,224.0808837890625,223.7527328491211,56.70182503721745,-1.1974544814159818,1342.3699951171875,18182.919921875,21.420000076293945,0.00029353258101242713,0.020870595362841207
2024-10-09,228.25538635253906,228.46421777631028,223.57175408478048,223.96950943919006,33591100,0.016698341047237886,224.62979431152343,224.09480667114258,51.00027042544438,-1.1372397683289148,1341.31005859375,18291.619140625,20.860000610351562,0.004190547605258832,0.023157088534453793
2024-10-10,227.75819396972656,228.21562630222516,225.89866409237993,226.50525089558744,28183500,-0.0021782284780109684,225.3000244140625,224.40655212402345,51.26048176840877,-1.3248720620304377,1343.02001953125,18282.05078125,20.93000030517578,0.010974742437357484,0.011422692278992267
2024-10-11,226.2765350341797,228.12612627842185,226.0677036085129,228.0167412789572,31759200,-0.006505403426863343,225.44918823242188,224.6576400756836,51.632369617456185,-1.2008028275107736,1349.739990234375,18342.939453125,20.459999084472656,0.0026715697141211914,0.012338713315542612
2024-10-14,230.0055694580078,230.43315574832752,227.320682612259,227.42011387416335,39882100,0.016479987300781485,227.36043701171874,225.40244903564454,55.469009197816035,-0.9189553612580738,1348.3299560546875,18502.689453125,19.700000762939453,0.002598785131969058,0.012214619969449418
2024-10-15,232.541259765625,236.16088782430575,231.06953169102593,232.30259746810793,64751400,0.011024473509890997,228.96738891601564,226.25067596435548,59.97864721533783,-0.056043200271446984,1357.27001953125,18315.58984375,20.639999389648438,0.006999685794603046,0.012009630878610355
2024-10-16,230.48284912109375,230.8209426799016,228.55370384388218,230.30386376880503,34082200,-0.008851808262352656,229.41288146972656,226.80207138061525,55.54684608056864,-1.1201996360268183,1363.1800537109375,18367.080078125,19.579999923706055,0.006217550849439942,0.013332473353086835
2024-10-17,230.8507843017578,232.5412825211578,229.22991678936268,232.12361966628396,32993800,0.0015963668536167486,230.03139953613282,226.96515350341798,55.662328011819554,-1.1579648162296323,1364.199951171875,18373.609375,19.110000610351562,0.0012563440337183633,0.009942502497406854
2024-10-18,233.68484497070312,234.8582339303053,232.70037994861724,234.8582339303053,46431500,0.012276591034842577,231.5130615234375,227.30325088500976,52.76701155524186,-0.6917050201883286,1370.050048828125,18489.55078125,18.030000686645508,0.0016737165420355564,0.010564412025576736
2024-10-21,235.1565399169922,235.52447953691794,233.13790198735873,233.13790198735873,36254500,0.006297776590833637,232.5432556152344,227.80094833374022,66.65583571019579,-1.044825416112657,1369.010009765625,18540.009765625,18.3700008392334,0.006723578159764321,0.005352828913050055
2024-10-22,234.54002380371094,234.89800969153723,231.29827366695753,232.5810475805218,38846600,-0.002621726418916004,232.94300842285156,228.22307357788085,64.7020880002621,-0.954885023238976,1376.5,18579.76953125,18.200000762939453,0.00531754706892007,0.007497373084951929
2024-10-23,229.4685516357422,233.8240439244486,226.48534106504323,232.76997861721128,52287000,-0.021623056422187092,232.74014892578126,228.44134521484375,57.29851892184051,-0.4885315429027921,1376.6300048828125,18276.650390625,19.239999771118164,-0.005982335416756486,0.014260557445714328
2024-10-24,229.27964782714844,229.52824872985036,227.13173238618916,228.69293816499177,31109500,-0.0008232230832816434,232.42592163085936,228.59299240112304,55.55559280292178,-1.2233460446899067,1377.3399658203125,18415.490234375,19.079999923706055,-0.008356001974794913,0.011524743114040326
2024-10-25,230.1149444580078,231.91481257552053,228.2852454458818,228.4542922398222,38802300,0.0036431346557592725,231.71194152832032,228.7729804992676,66.38574664512333,-0.9564221396327509,1376.3199462890625,18518.609375,20.329999923706055,-0.006267714949903154,0.013484323181424474
2024-10-28,232.0937957763672,233.4163543943246,231.24856181455635,232.0142568404043,36087100,0.008599403758935198,231.09939270019532,228.79286880493163,63.837517054137734,-1.0506338423952288,1387.6600341796875,18567.189453125,19.799999237060547,0.0038064384438042755,0.0047134356097548735
2024-10-29,232.36228942871094,233.01859945208068,231.01985366097637,231.7954872619061,35417200,0.001156832527322127,230.66384582519532,229.16378173828124,58.57917367604722,-1.0738779568916135,1381.969970703125,18712.75,19.34000015258789,0.004466456980672199,0.0037889789353373594
2024-10-30,228.81228637695312,232.1634218284487,228.2653613337161,231.30823408085868,47070900,-0.015277879472120448,230.5325927734375,229.3288543701172,51.95286239625267,-0.6695191912452201,1383.1800537109375,18607.9296875,20.350000381469727,-0.001840547728621041,0.012217584864573186
2024-10-31,224.64572143554688,228.54378173572667,224.10873499320775,228.05651850818114,64370100,-0.01820953327017638,229.60580749511718,229.34078826904297,47.25199542646869,-0.06927350458174927,1378.5699462890625,18095.150390625,23.15999984741211,-0.010776860071658234,0.010438314652429741
2024-11-01,221.66249084472656,224.08883784550613,219.03726617591775,219.7333456007168,65276700,-0.013279712481309103,227.91531677246093,229.14737701416016,35.579125376106234,-0.03781640023420126,1372.9300537109375,18239.919921875,21.8799991607666,-0.015589041741201978,0.0024795966851200685
2024-11-04,220.76751708984375,221.54315061130296,218.4804011628397,219.75323643771605,44944500,-0.004037551646524307,225.65006103515626,229.16328659057618,28.42561237203182,-0.743300778146418,1379.3399658203125,18179.98046875,21.979999542236328,-0.011842265799336596,0.007194508705110783
2024-11-05,222.19947814941406,222.6966799421733,219.90240829460964,220.55871830266648,28111300,0.006486285113165291,223.61749877929688,229.04793548583984,34.4647529877748,-1.327377249471308,1372.8599853515625,18439.169921875,20.489999771118164,-0.003610326338222706,0.009889921957438716
2024-11-06,221.4735565185547,224.80481443000403,219.95212032394844,221.36417152277414,54561100,-0.0032669817089815423,222.14975280761718,228.70884399414064,32.64627980654974,-0.4096250780927778,1378.0,18983.470703125,16.270000457763672,-0.00027274941411351933,0.005866161889418672
2024-11-07,226.20692443847656,226.6046949785728,223.31322152292373,223.37288331058951,42137700,0.021372158348508474,222.4619934082031,228.63128051757812,37.07012163762373,-0.8406908073574237,1399.800048828125,19269.4609375,15.199999809265137,0.008197153917564074,0.012408348388989873
2024-11-08,225.93814086914062,227.63048374280507,225.39061415381417,226.1471868576639,38328800,-0.0011882199008856897,223.31712341308594,228.61436080932617,33.36888354313821,-0.9728515891237768,1372.0799560546875,19286.779296875,14.9399995803833,0.0056389855795470805,0.013664913343932604
2024-11-11,223.22042846679688,224.68381119249955,220.50272420052974,223.98696589218596,42005600,-0.012028568491752822,223.80770568847657,228.2751037597656,31.01727261872152,-0.8452743982291545,1397.199951171875,19298.759765625,14.970000267028809,0.002718456651956654,0.017039622344137518
2024-11-12,223.22042846679688,224.5743058460154,222.354350392842,223.53899499841924,40398300,0.0,224.01189575195312,227.8090621948242,37.374479895046896,-0.9010443119924613,1400.550048828125,19281.400390625,14.710000038146973,-0.004405596130879504,0.00662836686855749
2024-11-13,224.10641479492188,225.62952490733255,221.75703985190805,223.00141185159572,48566200,0.003969109521966496,224.53846740722656,227.49024047851563,39.83291866552659,-0.6176354408250915,1406.6500244140625,19230.720703125,14.020000457763672,-0.0026864863232621086,0.00833032604592773
2024-11-14,227.1924591064453,227.83952645793332,223.98695568104733,224.00686988588794,44923900,0.013770441664275657,224.7355743408203,227.30732421875,44.7231889989372,-0.7440155546184669,1399.0,19107.650390625,14.3100004196167,0.005913183728747384,0.00708807691115188
2024-11-15,223.98695373535156,225.89830725108274,223.26024476090137,225.38064426033654,47923700,-0.014109206721477863,224.3453369140625,226.82242965698242,35.983300488272974,-0.6399288332178773,1400.8299560546875,18680.119140625,16.139999389648438,0.0012101148215880968,0.014143116252999048
2024-11-18,226.9933624267578,228.70561947942855,224.1561882479486,224.23582987715278,44633700,0.013422249114376728,225.09992370605468,226.4142707824707,41.51999621391173,-0.7540848814237376,1394.3499755859375,18791.810546875,15.579999923706055,0.004361161352391507,0.015996755361669678
2024-11-19,227.252197265625,229.123737666772,225.63949596937007,225.95804731142948,36211800,0.001140274923019824,225.90627746582032,226.0498794555664,47.249980444828985,-1.0463070158872436,1389.5,18987.470703125,16.350000381469727,0.00015110577197289624,0.013792356826062639
2024-11-20,227.9689483642578,228.89475383274825,224.8729502483013,227.0331781982001,35169600,0.0031539897402841355,226.6787841796875,225.9748992919922,56.66896815221568,-1.0824691537109967,1392.1600341796875,18966.140625,17.15999984741211,0.005905504592560229,0.006587097084149273
2024-11-21,227.4911346435547,229.12375023514656,224.6937885863231,227.8495144168353,42108300,-0.0020959596652595502,226.73851928710937,225.8854736328125,63.00448311129605,-0.841710925235008,1397.6199951171875,18972.419921875,16.8700008392334,0.0007327683326814697,0.002648591777920032
2024-11-22,228.8350372314453,229.6812162999479,227.03318893672346,227.03318893672346,38168300,0.0059074943293782045,227.70813598632813,225.82147827148438,67.64623011501554,-0.9784205999860991,1399.5999755859375,19003.650390625,15.239999771118164,0.0023218414681342634,0.004066100345687359
2024-11-25,231.82151794433594,232.19981188776785,228.70562083004268,230.41787789282506,90152800,0.013050801787272137,228.67376708984375,225.8078643798828,69.70634092026657,0.8253317063839756,1403.510009765625,19054.83984375,14.600000381469727,0.0056207788171302635,0.0075774500964172825
2024-11-26,234.0016632080078,234.50937670519198,232.27945661483375,232.27945661483375,45986200,0.009404412856080846,230.0236602783203,225.88983306884765,74.21565906206922,-0.7071559892661613,1395.56005859375,19174.30078125,14.100000381469727,0.009454236324243729,0.0035719143526941207
2024-11-27,233.8722381591797,234.6288260383393,232.75728573526553,233.41431778082386,33498400,-0.0005530945680205512,231.20431823730468,226.142830657959,68.0242874193023,-1.1404562624531347,1395.27001953125,19060.48046875,14.100000381469727,0.007300706691777477,0.007041710284489065
2024-11-29,236.26144409179688,236.73927868022366,232.91657159263394,233.75278591990275,28481400,0.010215859528359461,232.95838012695313,226.72361679077147,72.07318583169791,-1.3145355614953236,1393.300048828125,19218.169921875,13.510000228881836,0.006355725938806585,0.005996954395537041
2024-12-02,238.51126098632812,239.70585504150458,236.0922091638524,236.20171450499868,48137100,0.009522573195045458,234.89362487792968,227.56605529785156,83.36226899384008,-0.632524304133643,1399.8599853515625,19403.94921875,13.34000015258789,0.006395112718461456,0.006027300378853529
2024-12-03,241.55747985839844,241.66698519896212,237.82436396202866,238.73027039850206,38861000,0.012771803140334548,236.8408172607422,228.6055534362793,85.31439476767683,-0.9543853736662816,1401.06005859375,19480.91015625,13.300000190734863,0.010836745287913155,0.0017112855267751017
2024-12-04,241.91587829589844,243.01093178619982,240.16380790150487,241.7765092325954,44383900,0.0014836983632635636,238.4236602783203,229.59137344360352,85.0097768038309,-0.7627524135945047,1411.6700439453125,19735.119140625,13.449999809265137,0.007926024899547857,0.005810942454492393
2024-12-05,241.94570922851562,243.438955500192,241.0398180348311,242.89144401931327,40033900,0.00012331118084230042,240.0383544921875,230.61498107910157,82.96259741423609,-0.9136882220125876,1410.800048828125,19700.259765625,13.539999961853027,0.004792937561480137,0.006943297866690687
2024-12-06,241.7466278076172,243.52857697582414,240.99005511798387,241.81631992920728,36870600,-0.0008228350960769459,241.13539123535156,231.3919662475586,95.83770122223167,-1.0234480479364776,1399.989990234375,19859.76953125,12.770000457763672,0.000261391482676306,0.0011594497734170575
2024-12-09,245.63902282714844,246.1268220997756,240.66153502923254,240.74117665680967,44649200,0.0161011347079838,242.56094360351562,232.37701034545898,96.01973708506105,-0.7535470641753513,1424.219970703125,19736.689453125,14.1899995803833,0.005133870264249718,0.009509703740307794
2024-12-10,246.65444946289062,247.09247084593116,244.23538234840328,245.77840669680953,36914800,0.004133816459841233,243.58033752441406,233.54871139526367,96.16303699741867,-1.0219144013314019,1426.5999755859375,19687.240234375,14.180000305175781,0.006470705357249362,0.008700630768588485
2024-12-11,245.38021850585938,249.67081089954078,245.15124311202538,246.84360125039836,45205800,-0.00516605704784967,244.27320556640626,234.6567008972168,90.3554242661887,-0.7342342202752352,1433.949951171875,20034.890625,13.579999923706055,0.005022964706658454,0.010661439853437153
2024-12-12,246.84359741210938,247.62008434324935,244.57384885559844,245.77840766369866,32777500,0.00596371995738143,245.252783203125,235.79356002807617,92.89496026230631,-1.1654699691861452,1429.1500244140625,19902.83984375,13.920000076293945,0.0016438264564576643,0.005968083587656253
2024-12-13,247.0128173828125,248.16758302178013,245.13132757947596,246.70421556592945,33155300,0.0006855351829142542,246.30602111816407,236.78457794189453,92.50464731846273,-1.1523611074803173,1427.8599853515625,19926.720703125,13.8100004196167,0.0004943993641486714,0.0055673497934341015
2024-12-16,249.90972900390625,250.24820975700106,246.53499250196242,246.8734732550572,51694800,0.011727778549257328,247.16016235351563,238.08071670532226,92.47311912302827,-0.5090796315798469,1434.449951171875,20173.890625,14.6899995803833,0.006125677896517671,0.0055229029885487295
2024-12-17,252.33872985839844,252.68716009783537,248.655391740455,248.95404406138837,51356400,0.009719512978441092,248.2970184326172,239.3479850769043,92.56006824971536,-0.520821396538164,1431.3499755859375,20109.060546875,15.869999885559082,0.007377608903537558,0.005881850955474891
2024-12-18,246.9331817626953,253.13512753347695,246.62457993830327,251.02467749046986,56774100,-0.021421793232994757,248.60761108398438,240.3320343017578,74.35043467705673,-0.3328386541780152,1436.4200439453125,19392.689453125,27.6200008392334,8.499431567887683e-06,0.01858632199810747
2024-12-19,248.66534423828125,250.86540066585474,245.97750369773615,246.3856613682502,60882300,0.007014701156082603,248.97196044921876,241.366854095459,73.70625173471603,-0.19029279483475828,1451.5,19372.76953125,24.09000015258789,-0.0015625263661570206,0.01725172055520256
2024-12-20,253.3441925048828,253.8518908180873,244.58381048961357,246.92322076153135,147495300,0.018815843763568818,250.2382354736328,242.65950698852538,75.9401394792374,2.814995291260737,1437.449951171875,19572.599609375,18.360000610351562,0.0014695838955522216,0.02068400594279493
2024-12-23,254.1206817626953,254.49896052911285,252.30886880268173,253.62293295259332,40858800,0.003064957795697376,251.08042602539064,243.92378921508788,73.86538893951086,-0.8850659350323401,1445.4200439453125,19764.880859375,16.780000686645508,0.0096318342384496,0.00819509861876804
2024-12-24,257.0374755859375,257.0474099027653,254.14055892454206,254.3396705835317,23234700,0.011477986769947268,252.02017517089843,245.18458709716796,76.18063181964065,-1.496584965179727,1442.699951171875,20031.130859375,14.270000457763672,0.01111959610973782,0.007881556641439117
2024-12-26,257.853759765625,258.9289141129315,256.47003399402934,257.0275101814573,27237100,0.0031757399493077543,254.20429077148438,246.37719192504883,76.8120939280171,-1.3577101422802937,1457.6099853515625,20020.359375,14.729999542236328,0.0059062281716508,0.004825602405882008
2024-12-27,254.43922424316406,257.53523753189216,251.92061656694878,256.66912911312295,42355300,-0.013242139752255522,255.35906677246095,247.40554122924806,69.30064467669155,-0.8331405471478204,1466.989990234375,19722.029296875,15.949999809265137,0.0004705289889998336,0.012580134680250947
2024-12-30,251.06448364257812,252.35863351915538,249.6210152068174,251.09434735441482,35557500,-0.013263444779884836,254.903125,248.14569320678712,58.38202378913683,-1.069009843346543,1472.800048828125,19486.7890625,17.399999618530273,-0.007776614860944202,0.009485023478794555
2024-12-31,249.29251098632812,252.1396347735265,248.30696287880588,251.30342042234355,39480700,-0.007057838809142902,253.93749084472657,248.68475570678712,53.98254389226746,-0.9328830930969285,1467.3900146484375,19310.7890625,17.350000381469727,-0.011187807780427753,0.003576673909357519
2025-01-02,242.75209045410156,247.97845273823052,240.73123158611202,247.80920478270548,55740700,-0.02623592865405111,251.08041381835938,248.74448623657227,46.576720561466395,-0.3686954505962329,1473.52001953125,19280.7890625,17.93000030517578,-0.01551907074769295,0.009785993506273495
2025-01-03,242.26429748535156,243.08059762167903,240.80091479245596,242.26429748535156,40244100,-0.0020094284989987665,247.9625213623047,248.76190719604492,43.879679257631494,-0.9063947261667299,1471.6500244140625,19621.6796875,16.1299991607666,-0.011767731987397593,0.012781554981832682
2025-01-06,243.89691162109375,246.21642284830082,242.10501290585998,243.2100158477468,45045600,0.006738979505805709,245.85405883789062,248.85946731567384,45.99229636437449,-0.7397928217714599,1465.530029296875,19864.98046875,16.040000915527344,-0.007168792549081389,0.017082166726990703
2025-01-07,241.11949157714844,244.44445006993732,240.2633629937866,241.8860138278822,40856000,-0.01138768025181136,243.86506042480468,248.8281105041504,38.659097319035055,-0.8851630891159196,1459.449951171875,19489.6796875,17.81999969482422,-0.0022193764150014728,0.009065153450862016
2025-01-08,241.60728454589844,242.6127469270518,238.9692217628596,240.83079756862327,37628900,0.0020230341626858994,242.32801513671876,248.62652359008788,35.42453195710951,-0.9971366402299413,1451.8800048828125,19478.880859375,17.700000762939453,-0.0008752221944399174,0.00940445989548657
2025-01-10,235.7836151123047,239.0787097724967,231.95094323601768,238.9293760168756,61710900,-0.024103865264407665,240.93432006835937,248.0829818725586,35.02670397648981,-0.16154212567263795,1455.22998046875,19161.630859375,19.540000915527344,-0.011156170451177708,0.013064988174858948
2025-01-13,233.34463500976562,233.61342361918983,228.68571346021633,232.47855694506205,49630700,-0.01034414584481358,239.1503875732422,247.4812026977539,29.8084052669917,-0.580699540121402,1472.25,19088.099609375,19.190000534057617,-0.010808325648845115,0.013069633337864347
2025-01-14,232.2296905517578,235.05690023183175,231.42333988575893,233.69307331230715,39435300,-0.004778101960480674,236.816943359375,246.75050735473633,19.287498514554983,-0.9344583771663955,1458.8900146484375,19044.390625,18.709999084472656,-0.013075371023233973,0.009948164406124251
2025-01-15,236.79901123046875,237.88411516800545,233.3744970274307,233.5835582088168,39832000,0.019675867749100462,235.95284729003907,246.23981704711915,27.308211086260513,-0.9206937253964061,1460.43994140625,19511.23046875,16.1200008392334,0.0015178733146020695,0.01596965192303929
2025-01-16,227.23228454589844,236.9383864807084,227.0033243432251,236.28136958651152,71759100,-0.040400196921681064,233.07784729003907,245.10594482421874,16.748050105050126,0.1871091824070355,1437.219970703125,19338.2890625,16.600000381469727,-0.008500810377687093,0.03021054956553476
2025-01-17,228.94451904296875,231.2441159203825,227.45127273918456,231.0748831620974,68488300,0.007535172655998457,231.71002807617188,243.93623428344728,18.379737336187986,0.0736193336314343,1453.3199462890625,19630.19921875,15.970000267028809,-0.004396385505527382,0.03176562523709211
2025-01-21,221.63758850097656,223.40957304130882,218.39227174297113,222.99146586562136,98070400,-0.031915726013169166,229.36861877441407,242.67145462036132,16.937536553851174,1.1000556964370818,1435.530029296875,19756.779296875,15.0600004196167,-0.021593583426283924,0.02558045904250293
2025-01-22,222.8222198486328,223.11090745632038,218.80040121474653,218.80040121474653,64126500,0.005344902711080568,227.48712463378905,241.3792984008789,20.21828451510501,-0.07772590985316191,1425.7900390625,20009.33984375,15.100000381469727,-0.006345216882030047,0.02217177312546633
2025-01-23,222.6529998779297,226.00782197454978,221.29912251598503,223.72813912330528,60234800,-0.0007594393899229557,224.65792236328124,239.84473876953126,20.925618967299926,-0.2127596766625074,1434.3399658203125,20053.6796875,15.020000457763672,-0.009110087564003852,0.01998470932806012
2025-01-24,221.77696228027344,224.61413662079448,220.4131353788753,223.76795755359672,54697900,-0.003934542081788894,223.56685791015624,238.22755279541016,23.877939042815868,-0.40487840715218154,1433.9300537109375,19954.30078125,14.850000381469727,0.00021697374645623935,0.004716148945447428
2025-01-27,228.82508850097656,231.10477141655377,222.9715575076631,223.01138591977585,94863400,0.03178024510857891,223.5429718017578,236.81693344116212,35.613778887253986,0.9887795728516126,1427.6300048828125,19341.830078125,17.899999618530273,0.009028754545622353,0.01976722189391306
2025-01-28,237.187255859375,239.1085741517517,229.77080167884077,229.81063008981926,75707600,0.03654392712433174,226.6529052734375,235.78360824584962,43.722030527988466,0.32411378919756423,1417.9200439453125,19733.58984375,16.40999984741211,0.02146321005037392,0.022123687003116895
2025-01-29,238.2823028564453,238.78005164957875,232.9563846938824,233.06589003597526,45486100,0.004616803685774551,229.744921875,234.97576217651368,47.25905080077711,-0.7245084025511919,1443.260009765625,19632.3203125,16.559999465942383,0.024313658639561735,0.017223464746957736
2025-01-30,236.520263671875,239.70585285329432,236.14198492507634,237.59540286874542,55658300,-0.007394754723483832,232.51837463378905,234.24855117797853,45.203633481552785,-0.37155455648442826,1443.3199462890625,19681.75,15.84000015258789,0.011255325362207488,0.022709126318888585
2025-01-31,234.93743896484375,246.07705979363328,232.38896748106293,246.07705979363328,100959800,-0.006692131500525944,235.1504699707031,233.5307975769043,49.13281076721726,1.2003117711136815,1441.6600341796875,19627.439453125,16.43000030517578,-0.003156694179411742,0.0067412069871350365
2025-02-03,226.98341369628906,230.78622201033428,224.68381655532258,228.9545099800506,73063300,-0.03385592906605628,234.78213500976562,232.74236373901368,44.14297160449044,0.2323621666228662,1456.780029296875,19391.9609375,18.6200008392334,-0.015980938430022018,0.015484181848812383
2025-02-04,231.75184631347656,232.08036234711574,225.62952690670866,226.2268315478868,45067300,0.021007846077986114,233.69505310058594,232.21674118041992,49.587753139029395,-0.739039877623719,1459.050048828125,19654.01953125,17.209999084472656,-0.006513404829532036,0.027432324239502582
2025-02-05,231.42333984375,231.62243633567465,227.24225275297744,227.50107667347064,39620300,-0.0014174923520661187,232.32326049804686,231.59306259155272,44.996286982572606,-0.9280392680727528,1450.1600341796875,19692.330078125,15.770000457763672,-0.004755191780045427,0.027583756703314682
2025-02-06,232.16995239257812,232.74734282564026,229.39250557129796,230.24863411824003,29925300,0.003226176535747083,231.4531982421875,231.1455856323242,55.49888680461812,-1.2644352824666178,1443.8900146484375,19791.990234375,15.5,0.00760551008722236,0.011836717141669754
2025-02-07,226.60513305664062,232.946448173879,226.236788599926,231.55275755143822,39707200,-0.02396873186469839,229.78673706054687,230.39547805786134,47.6005875490151,-0.9250240216930905,1442.1500244140625,19523.400390625,16.540000915527344,-0.007386682560339142,0.014546964787681946
2025-02-10,226.8741912841797,229.80417456619486,226.42572786906877,228.7876615470872,33115600,0.001187343922486539,229.764892578125,229.95000686645508,56.27714301593212,-1.153738613593926,1450.6199951171875,19714.26953125,15.8100004196167,-0.006518403802154922,0.015146770999919896
2025-02-11,231.8272705078125,234.42837673351212,227.3525813044295,227.42233485023965,53718400,0.021831831975231752,229.77997741699218,229.87413864135743,59.89999420968346,-0.43886498746149466,1453.2099609375,19643.859375,16.020000457763672,-0.0003165186556600326,0.02293728654406048
2025-02-12,236.06277465820312,236.15247950770552,229.89386689621963,230.41209906543347,45243300,0.018270085918334233,230.7078643798828,230.0657928466797,63.53255685014774,-0.7329330495130104,1450.75,19649.94921875,15.890000343322754,0.013763087272017508,0.011035556140875135
2025-02-13,240.7069091796875,241.5141464162941,234.76722827404518,236.10265815205582,53614100,0.01967330312120863,232.41525573730468,230.2611877441406,67.75311750198946,-0.4424839770748294,1452.1199951171875,19945.640625,15.100000381469727,0.019925073671591537,0.0017941711320224177
2025-02-14,243.7664337158203,244.71319316935814,240.1687356269457,240.4278440984732,40896200,0.01271058045886364,235.84751586914064,231.08789520263673,65.1455571957217,-0.8837682340588144,1438.739990234375,20026.76953125,14.770000457763672,0.016884656499468836,0.0036823141805354845
2025-02-18,243.6368865966797,244.34445851454996,241.01584434943877,243.31796980618805,48822500,-0.0005314395307257636,239.20005493164064,231.82251358032227,57.84755338760267,-0.6087423723888721,1441.2900390625,20041.259765625,15.350000381469727,0.010617481349782168,0.010263708117344767
2025-02-19,244.03550720214844,245.17162160901916,242.33134319523683,243.8262313730556,32204200,0.0016361258388950528,241.6417022705078,232.94240951538086,57.12085924190281,-1.1853622677990387,1440.0799560546875,20056.25,15.270000457763672,0.00460508892234431,0.007102733959140749
2025-02-20,244.99224853515625,245.93900803040836,243.45748811790233,244.10528213544586,32316900,0.00392050052050541,243.42759704589844,234.05091094970703,60.69924441399752,-1.1814518159349656,1439.97998046875,19962.359375,15.65999984741211,0.0016750622762248997,0.0022262254130140427
2025-02-21,244.71319580078125,247.84249441981407,244.38431857946645,245.11182656230832,53197400,-0.0011390267898004902,244.22885437011718,235.1539207458496,62.76617531016933,-0.45694258658467196,1431.699951171875,19524.009765625,18.209999084472656,0.0014725331898666576,0.0025337277018340873
2025-02-24,246.25791931152344,248.01191597096326,243.58704451830639,244.0953010258401,51326400,0.006312383382871323,244.7271514892578,236.37796859741212,80.23129954693312,-0.5218623331479438,1434.2900390625,19286.9296875,18.979999542236328,0.003031285704525414,0.003804458651643425
2025-02-25,246.1981201171875,249.14803959700342,244.0753891604379,247.15485528022737,48013300,-0.0002428315584860341,245.23939819335936,237.24662017822266,76.58520311062864,-0.6368199025433348,1428.6500244140625,19026.390625,19.43000030517578,0.0016435083448615995,0.004068118368922781
2025-02-26,239.54087829589844,244.14512894194456,238.31507426807877,243.49735015822236,44433600,-0.027040181371491778,244.34047241210936,237.36430130004882,62.1162604718064,-0.7610279286109695,1429.5,19075.259765625,19.100000381469727,-0.006990209849035496,0.01767041961217464
2025-02-27,236.49131774902344,241.6337368385667,236.25213016109495,238.5941277716784,41153600,-0.012730856497520038,242.64028625488282,237.27475204467774,56.035167393636904,-0.8748369979469031,1434.4200439453125,18544.419921875,21.1299991607666,-0.013337956475832616,0.01340898642843287
2025-02-28,241.01583862304688,241.26498665715278,229.41550676334808,236.14250368420718,56833400,0.019131868844441513,241.90081481933595,237.49953079223633,70.72817356302339,-0.3307810694793503,1449.8599853515625,18847.279296875,19.6299991607666,-0.006879723008190101,0.023635595563009024
2025-03-03,237.21881103515625,243.1983635012748,235.3053560708129,240.96599177281342,47184000,-0.015754265817481183,240.0929931640625,237.61359939575195,63.50855462457139,-0.6655948602263498,1459.800048828125,18350.189453125,22.780000686645508,-0.003117751156853236,0.01932794463026307
2025-03-04,235.1259765625,239.25188262538288,233.88023638606123,236.89992456399492,53798100,-0.008822379909602107,237.878564453125,238.0207275390625,54.655375962362115,-0.43609956586817944,1457.9300537109375,18285.16015625,23.510000228881836,-0.0018149256275472592,0.0184685925167232
2025-03-05,234.93663024902344,235.7438674276595,228.44880585950324,234.61771347352882,47227600,-0.000805297297409524,236.95771484375,238.17996673583986,48.2057649632142,-0.6640820323534699,1452.8499755859375,18552.73046875,21.93000030517578,-0.008460647674830938,0.007481046224344197
2025-03-06,234.5280303955078,237.04940729600818,232.3654272740836,233.64106399817908,45170400,-0.0017391917687868963,236.56505737304687,238.33520126342773,38.61963086497174,-0.7354625254747755,1443.030029296875,18069.259765625,24.8700008392334,-0.003788956325266176,0.0043840112289347385
2025-03-07,238.2552947998047,240.54744460053885,233.95996981993864,234.30878315837532,46273600,0.015892618029543115,236.01294860839843,238.63946838378905,40.09316224162437,-0.69718381654447,1446.5,18196.220703125,23.3700008392334,0.004449376321115565,0.009921132763905325
2025-03-10,226.70477294921875,235.35520052510583,223.45588808739058,234.73730306532093,72071200,-0.04847960193409895,233.91014099121094,238.64445037841796,28.42264229803284,0.19793839293744553,1446.260009765625,17468.3203125,27.860000610351562,-0.01144205855778091,0.0332649198662134
2025-03-11,220.08741760253906,225.07037859810526,216.70897065581676,223.0472976504486,76137400,-0.029189307576519163,230.90242919921874,238.30511169433595,23.65711987950563,0.33902694102701064,1457.030029296875,17436.099609375,26.920000076293945,-0.02059209716035833,0.03303603632348598
2025-03-12,216.2405548095703,220.99430349899413,214.17761702040198,219.3897895710681,62547500,-0.017478794721086155,227.16321411132813,237.52577590942383,20.26386276376364,-0.13251387341457632,1451.02001953125,17648.44921875,24.229999542236328,-0.03171590141056809,0.015654081552946005
2025-03-13,208.96543884277344,216.1010424274323,207.7097381833997,215.2140760046737,61368300,-0.03364362421842482,222.05069580078126,236.17090911865233,17.702148899931586,-0.1734296217563242,1448.75,17303.009765625,24.65999984741211,-0.02677057550534338,0.008349438711291048
2025-03-14,212.76246643066406,213.22089031000854,208.86578742228792,210.53009451028822,60107600,0.018170600884615862,216.95213012695314,234.77368698120117,20.92058668756472,-0.2171732478879741,1453.22998046875,17754.08984375,21.770000457763672,-0.010983939351631703,0.02651067408535169
2025-03-17,213.27072143554688,214.48656508270392,209.25445626243933,212.58307041465437,48073400,0.0023888377184630993,214.26531982421875,233.2489013671875,21.634619013607534,-0.6347345595350756,1449.050048828125,17808.66015625,20.510000228881836,-0.0043613952051152855,0.026558477255841685
2025-03-18,211.96517944335938,214.41678753127792,210.76927194631702,213.43017106944268,42432400,-0.006121524714690185,212.6408721923828,231.6653160095215,23.832043943945806,-0.8304653400606861,1442.489990234375,17504.119140625,21.700000762939453,0.004812637962796258,0.012326108357930047
2025-03-19,214.50648498535156,218.0144781615262,213.0215573102422,213.48995680484757,54385400,0.011989259503216054,212.29405822753907,230.18886489868163,28.934289611317226,-0.4157214968373886,1448.93994140625,17750.7890625,19.899999618530273,0.0027521908356629896,0.009060857871234956
2025-03-20,213.37039184570312,216.74883872802718,211.49679368091097,213.2607660976187,48862900,-0.005296311389961117,213.175048828125,228.60777206420897,21.670765472327673,-0.6073405777543684,1443.3900146484375,17691.630859375,19.799999237060547,0.0001904744661882507,0.010226374749651853
2025-03-21,217.5261688232422,218.09421843072647,210.55998434888178,210.83902892918795,94127800,0.019476821228993524,214.12778930664064,227.24842071533203,29.967559642683142,0.9632558071798099,1465.8199462890625,17784.05078125,19.280000686645508,0.008723256447416153,0.01270539676316505
2025-03-24,219.977783203125,220.7252273230714,217.83511614199446,220.24686734420678,44299500,0.01127043423393781,215.46920166015624,225.9344139099121,34.702085768777664,-0.7656809152566855,1464.780029296875,18188.58984375,17.479999542236328,0.008483648024323406,0.012619495155221027
2025-03-25,222.9875030517578,223.33631640181736,219.33001153042758,220.01766257627696,34493600,0.013681926441879266,217.67366638183594,224.7738830566406,38.583129012116046,-1.1059249253180368,1466.27001953125,18271.859375,17.149999618530273,0.014809727301603534,0.004217836881927313
2025-03-26,220.77503967285156,224.25315146564492,219.71865451354498,222.74828771017502,34466100,-0.009921916468981329,218.92737731933593,223.8355911254883,37.29747673039352,-1.106879117210335,1462.0899658203125,17899.01953125,18.329999923706055,0.005010148068945249,0.012987637860320856
2025-03-27,223.08714294433594,224.22325730600966,219.8083464889556,220.63551973925667,37094800,0.010472666089927918,220.8707275390625,223.1653823852539,35.614347762977545,-1.0156687816727226,1465.6800537109375,17804.029296875,18.690000534057617,0.004744225354275285,0.012802211722454644
2025-03-28,217.1574249267578,223.04728822423488,216.93817343567548,220.91458161653458,39818600,-0.02658027683405173,220.79697875976564,221.97246170043945,39.86457391689962,-0.9211586770821079,1461.8900146484375,17322.990234375,21.649999618530273,-0.008676509071035047,0.01855783997457851
2025-03-31,221.37301635742188,224.8511131847691,215.49311362240712,216.27045427307317,65299300,0.019412605542204586,221.076025390625,221.18017196655273,51.43810424263124,-0.03703222798816709,1469.4100341796875,17299.2890625,22.280000686645508,0.0011016649326935912,0.024386431767187636
2025-04-01,222.4293975830078,222.91771798921508,218.15400887457568,219.06091135294477,36412700,0.004771951175297495,220.964404296875,220.54534301757812,57.38405262088823,-1.0393362103904178,1471.9599609375,17449.890625,21.770000457763672,-0.0007985733721832163,0.02349700757797888
2025-04-02,223.12701416015625,224.4225869866718,220.2667995775576,220.56578026164416,35905900,0.00313635061160511,221.43479919433594,219.95486221313476,70.04227713740369,-1.0569210995182992,1469.969970703125,17601.05078125,21.510000228881836,0.009106969109702398,0.00896233250946262
2025-04-03,202.49755859375,206.78290782089874,200.56416741637668,204.83954098981803,103419000,-0.09245610910922164,217.31688232421874,218.35333862304688,40.1604706067219,1.2856408148060376,1466.0400390625,16550.609375,30.020000457763672,-0.028182602440773013,0.05566849685320519
2025-04-04,187.738037109375,199.19884701911502,186.70157274086588,193.2292544699453,125910900,-0.07288740460316123,211.4330047607422,215.82747573852538,30.777309939007722,2.0660622192563083,1450.6800537109375,15587.7900390625,45.310001373291016,-0.05406905436692592,0.05049829024907359
2025-04-07,180.84161376953125,193.48835506739644,174.02491207450518,176.59612158290105,160466300,-0.03673428915114274,203.32672424316405,213.53431777954103,28.38754311532402,3.265061583442565,1458.52001953125,15603.259765625,46.97999954223633,-0.06735926762117521,0.028269250586615103
2025-04-08,171.83241271972656,189.6913418115003,168.63336050772435,186.06374707733985,120859500,-0.04981818543870231,193.20732727050782,211.1215675354004,22.8092486218233,1.8907893129015716,1469.949951171875,15267.91015625,52.33000183105469,-0.05314662639766876,0.01830494000631347
2025-04-09,198.17234802246094,199.926344669284,171.30421792842867,171.3640110222038,184395900,0.15328851458133852,188.21639404296874,210.21815719604493,42.670374115478324,4.095368140022186,1486.1300048828125,17124.970703125,33.619998931884766,0.022245346663831156,0.11367511151922362
2025-04-10,189.77108764648438,194.11623030966024,182.3763752402466,188.42569728108137,121880000,-0.04239370658828934,185.6710998535156,209.25843963623046,37.14101508218985,1.926198506577584,1443.949951171875,16387.310546875,40.720001220703125,0.02035887418478229,0.1151802834408666
2025-04-11,197.47471618652344,198.85997858079665,185.42592149027786,185.46579368960585,87435900,0.04059432148267916,187.61843566894532,208.49405212402343,40.05810821768771,0.7310610172136103,1452.0400390625,16724.4609375,37.560001373291016,0.050496376491909446,0.09821619489943678
2025-04-14,201.82984924316406,212.2143377637297,200.47448329230923,210.7194495182335,101352900,0.02205412997037559,191.8160827636719,207.9220085144043,40.76233199384914,1.2139515104904972,1419.050048828125,16831.48046875,30.889999389648438,0.006751581621588472,0.04355891631172875
2025-04-15,201.45114135742188,202.81646776904176,199.11911932089467,201.1720967653651,51343900,-0.0018763720389342042,197.73982849121094,207.39630661010742,41.425670992805344,-0.5212551201255723,1419.4200439453125,16823.169921875,30.1200008392334,0.02025735980470685,0.021292281214629866
2025-04-16,193.6079559326172,200.01603598224625,191.71442177543545,197.68401406478426,59732400,-0.03893343751718448,196.8269500732422,206.35138015747071,37.531612662822,-0.23019189508762114,1427.02001953125,16307.16015625,32.63999938964844,-0.006251893195247697,0.030728321399881808
2025-04-17,196.3087158203125,198.15241736523095,193.75744237056688,196.5279673080365,52164700,0.013949632775603904,198.1344757080078,205.49829635620117,40.93429838903331,-0.49277509448199475,1414.22998046875,16286.4501953125,29.649999618530273,-0.008953392260171592,0.027142548559537516
2025-04-21,192.50172424316406,193.13954254760668,189.16313478921086,192.61134997705832,46742500,-0.019392881061038092,197.13987731933594,204.24707412719727,37.40104912605344,-0.6809139773336105,1414.22998046875,15870.900390625,33.81999969482422,-0.014792228600872889,0.02674003147328773
2025-04-22,199.059326171875,200.9030125684292,195.3021694205859,195.45165216386687,52976400,0.03406515943944233,196.5857727050781,203.20115127563477,40.268906071601215,-0.4646108196100504,1421.6400146484375,16300.419921875,30.56999969482422,0.009540637051336046,0.027000369553215567
2025-04-23,203.90277099609375,207.29117840656184,202.10890198775584,205.29799399880645,52929200,0.024331664923032736,197.0760986328125,202.24691467285157,42.262339999421954,-0.4662485598761041,1429.219970703125,16708.05078125,28.450000762939453,0.013001314433812325,0.02847320064892923
2025-04-24,207.65989685058594,208.11833592046503,202.248408894664,204.1917605029567,47311000,0.018426065698558647,199.88648681640626,201.59115753173828,52.40437035062429,-0.6611882285782817,1426.449951171875,17166.0390625,26.469999313354492,0.02560763002034457,0.007897238660202963
2025-04-25,208.56680297851562,209.0352025034097,205.49729734578435,205.66671618569228,38222300,0.004367266581964069,202.33810424804688,200.86514053344726,61.13833196118957,-0.9765469140884953,1430.06005859375,17382.939453125,24.84000015258789,0.01570833240118515,0.01025591809576087
2025-04-28,209.4238739013672,210.77923983434187,206.7530142372406,209.2843516085664,38743100,0.004109335285442661,205.7225341796875,200.47846298217775,66.34000125488188,-0.9584762545427166,1437.3599853515625,17366.130859375,25.149999618530273,0.008967555855321793,0.008192324973985558
2025-04-29,210.49021911621094,211.51670773820763,207.65988606249564,207.97880282615472,36827600,0.005091803503481929,208.0087127685547,199.9343231201172,74.30753946954009,-1.024940057077162,1435.8800048828125,17461.3203125,24.170000076293945,0.00452280179029622,0.0005093666171212378
2025-04-30,211.7758331298828,212.8521544830753,205.96569903614,208.58674127234366,52286500,0.006107713788649161,209.5833251953125,199.40164489746093,62.48854624205073,-0.4885488918462884,1431.1600341796875,17446.33984375,24.700000762939453,0.0051029508591912505,0.00099923588715275
2025-05-01,212.59304809570312,213.82881264887993,208.18809734114114,208.3674918385056,57365700,0.0038588679064202047,210.56995544433593,198.87494659423828,74.34094599564649,-0.31231138423315596,1423.75,17710.740234375,24.600000381469727,0.005019461732850432,0.001126166927830022
2025-05-02,204.65020751953125,206.28461806468735,201.4710760745947,205.38767599056177,101010600,-0.03736171359938467,209.78663635253906,198.98257904052736,57.61421506590773,1.2020744237729089,1435.0999755859375,17977.73046875,22.68000030517578,-0.00913171063477177,0.02447374363449624
2025-05-05,198.21221923828125,203.4044712176219,197.5345438511527,202.40787903175757,69018500,-0.03145849867088735,207.54430541992187,199.50628814697265,46.32366787352955,0.09201615331494406,1398.9000244140625,17844.240234375,23.639999389648438,-0.02165378145461727,0.022290882546176678
2025-05-06,197.83349609375,199.96620262041338,196.34858356859348,197.5345306234426,51216500,-0.0019106952436467317,205.0129608154297,200.3558822631836,46.32365350733375,-0.5256756309284375,1374.3699951171875,17689.66015625,24.760000228881836,-0.02357696917130625,0.018994276928967147
2025-05-07,195.58120727539062,198.7603386318323,192.59143085844198,198.49125449640593,68536700,-0.011384769833375663,201.77403564453124,201.5433219909668,52.26231971726265,0.07529871136187917,1374.77001953125,17738.16015625,23.549999237060547,-0.014917987915969913,0.015087441610759996
2025-05-08,196.81698608398438,199.3682595147921,194.0165494128041,197.04619801698016,50478900,0.0063184946335548275,198.6188232421875,201.47555389404297,50.60297166753235,-0.5512687923742255,1397.2900390625,17928.140625,22.479999542236328,-0.002325656814489189,0.008858924202490858
2025-05-09,197.8534393310547,199.85658408831688,196.86680762308345,198.32183886048443,36453900,0.005266076204561099,197.25946960449218,201.8796714782715,56.79574001753197,-1.03790665744632,1403.8499755859375,17928.919921875,21.899999618530273,6.660033491342106e-05,0.00993112809230691
2025-05-12,210.34713745117188,210.82613996616402,206.31563192374182,210.52676720097676,63775800,0.0631462266329994,199.68645324707032,202.5232925415039,62.45577342996513,-0.08989445882148873,1395.1700439453125,18708.33984375,18.389999389648438,0.02491026582370511,0.033117494174451624
2025-05-13,212.48263549804688,212.95164926547025,208.56089957562318,209.98788789546765,51909300,0.010152256278603833,202.61628112792968,203.05593185424806,60.06940555347908,-0.5016369348199208,1416.030029296875,19010.08984375,18.219999313354492,0.026188186372054778,0.03209970784720937
2025-05-14,211.88389587402344,213.49051386836734,210.13757262915965,211.98367663769176,49325800,-0.0028178284904083473,205.87681884765624,203.57756958007812,55.354248193770495,-0.5912789258654649,1416.0,19146.810546875,18.6200008392334,0.023493551473731628,0.03494719960445541
2025-05-15,211.00575256347656,212.51258988469863,209.0997617101353,210.506803034962,45029500,-0.004144455183460405,208.71457214355468,204.44745941162108,53.09380727116381,-0.7403514577520417,1407.3299560546875,19112.3203125,17.829999923706055,0.0010633242015783602,0.007899145480447031
2025-05-16,210.81614685058594,212.12340739052024,209.3292870180407,211.9138418912236,54737900,-0.0008985807760553133,211.30711364746094,205.17283096313477,51.79651203075195,-0.403490491672475,1397.02001953125,19211.099609375,17.239999771118164,-0.0026202881499746886,0.0016319288608074415
2025-05-19,208.3413543701172,209.0398806327114,203.83084657536088,207.47318710280226,46140500,-0.011739103087880398,210.90595703125,205.9648124694824,47.324429479216775,-0.7018021053031934,1398.1300048828125,19215.4609375,18.139999389648438,-0.0055940463491320385,0.005563741269055374
2025-05-20,206.42539978027344,208.03201787298204,204.5992426766309,207.23369558110693,42496600,-0.009196227967492532,209.69450988769532,206.33311614990234,43.44110733697744,-0.8282377357157571,1388.550048828125,19142.7109375,18.09000015258789,-0.007277970610476081,0.005669128192597682
2025-05-21,201.6654052734375,206.60500227852873,200.28831500749223,204.73893602091724,59211800,-0.023059151208633444,207.65081176757812,206.22124786376952,37.785008460671655,-0.24825561505600133,1392.72998046875,18872.640625,20.8700008392334,-0.014664827421335458,0.007380044536042486
2025-05-22,200.9369354248047,202.32401437172413,199.28041949489233,200.2883071907537,46742400,-0.003612269777481525,205.63704833984374,205.88509979248047,45.05108222312094,-0.6809174471223097,1373.8599853515625,18925.740234375,20.280000686645508,-0.011955882984535834,0.010012845310357113
2025-05-23,194.85975646972656,197.28464391104225,193.05356158182016,193.26311186041877,78432900,-0.03024421041472658,202.44577026367188,205.19974746704102,45.488565868515124,0.41867594061866786,1381.3399658203125,18737.2109375,22.290000915527344,-0.01897187713361385,0.013778404209112277
2025-05-27,199.78936767578125,200.31825293342968,197.01519441683536,197.88337691051132,56288500,0.0252982519087801,200.7353729248047,204.71802215576173,52.34480315192849,-0.34968794810165227,1368.0999755859375,19199.16015625,18.959999084472656,-0.002852742761142668,0.027779019802828746
2025-05-28,199.99891662597656,202.30406088976383,199.48000488022652,200.16855762950956,45339700,0.0010488493588676207,199.4500762939453,204.19345703125,55.56897074317467,-0.7295881732069177,1374.800048828125,19100.939453125,19.309999465942383,-0.0012990363823596196,0.02784556887244241
2025-05-29,199.5299072265625,203.38179807643976,198.09293019267844,203.15228556391767,51396800,-0.002345059699954133,199.02297668457032,203.58116073608397,53.48732193959523,-0.5194196019036604,1373.5999755859375,19175.869140625,19.18000030517578,0.00800068052256453,0.01507594562774772
2025-05-30,200.4280242919922,201.53569281345096,196.36656797106642,198.95112277889336,70819900,0.004501165153201203,198.92119445800782,202.97290954589843,53.321309145064454,0.15452092694352668,1370.4100341796875,19113.76953125,18.56999969482422,0.001068318270704897,0.003423153949778879
2025-06-02,201.27622985839844,201.70533435611304,199.69954757512772,199.85921507319503,35423300,0.0042319709002895944,200.2044891357422,202.8042106628418,33.271934775645676,-1.0736662997809583,1381.989990234375,19242.609375,18.360000610351562,0.0021293587845122217,0.003877296992371223
2025-06-03,202.84292602539062,203.34187550579085,200.53778186221837,200.92696184786135,46381600,0.007783811173800226,200.81520080566406,203.03574600219727,31.842047321897454,-0.6934364447492625,1376.0699462890625,19398.9609375,17.690000534057617,0.0055056490757636745,0.0019775321224060577
2025-06-04,202.39389038085938,205.80670326672896,201.67540185470463,202.48369763994597,43604000,-0.002213711137626917,201.29419555664063,203.26376571655274,32.022649467817615,-0.7898132956600824,1377.719970703125,19460.490234375,17.610000610351562,0.0032673569788209678,0.005068083770518129
2025-06-05,200.20849609375,204.3198354061699,199.7294935749724,203.07246156364138,55126100,-0.010797728543074925,201.42991333007814,203.4951301574707,30.511487769492206,-0.39002077194192336,1361.0899658203125,19298.44921875,18.479999542236328,-0.001742542835633872,0.009299726030322334
2025-06-06,203.49156188964844,205.26782088834017,201.62549563553227,202.57349663849442,46607700,0.016398234140678536,202.04262084960936,203.8288589477539,38.107520831180686,-0.6855912525002215,1354.550048828125,19529.94921875,16.770000457763672,0.001128931486658898,0.013902699067422024
2025-06-09,201.02676391601562,205.56720771427428,199.59977555964565,203.96058960802065,72862600,-0.012112531599563048,201.99272766113282,203.98752517700194,38.11989259389128,0.2253983007034388,1359.18994140625,19591.240234375,17.15999984741211,-0.002170675333986479,0.01609457908980742
2025-06-10,202.2441864013672,203.92066462184746,200.14860765917956,200.1785434107301,54672600,0.006056021902935083,201.87297973632812,203.5823776245117,43.051337338684476,-0.4057562636930959,1353.8499755859375,19714.990234375,16.950000762939453,0.0034472414813501904,0.014433303233832748
2025-06-11,198.36236572265625,204.07034932786254,197.99314795828434,203.0724503091444,60989900,-0.01919373183369144,201.0666748046875,202.8763641357422,44.34571064289683,-0.18655930219434777,1363.8800048828125,19615.880859375,17.260000228881836,-0.008416747176773135,0.013024270912986819
2025-06-12,198.78147888183594,199.26046614106752,196.94534836583952,198.66173587371065,43904600,0.0021128663073402,200.7812713623047,202.22124328613282,46.270687210830516,-0.7793831108300879,1365.68994140625,19662.490234375,18.020000457763672,-0.003674947874472053,0.013583505095978063
2025-06-13,196.03726196289062,199.9490243445518,195.2888376882346,199.3103695725812,51447300,-0.013805194198080128,199.29041137695313,201.47281875610352,52.30284029869037,-0.5176673586105309,1349.7900390625,19406.830078125,20.81999969482422,-0.010295353241477123,0.011078448390516612
2025-06-16,198.0031280517578,198.27256505925683,196.1470352061455,196.8854859861783,43020700,0.010028022576847206,198.68568420410156,200.8321678161621,46.04851782111958,-0.8100525731429026,1365.1400146484375,19701.2109375,19.110000610351562,-0.0005547684379642407,0.012138482681576652
2025-06-17,195.2289581298828,197.97318035709665,194.79986887227625,196.78567812068002,38856200,-0.014010737856372857,197.2826385498047,200.1765480041504,40.523338316948,-0.9545519235238464,1357.780029296875,19521.08984375,21.600000381469727,-0.005929303159201926,0.013819831602941068
2025-06-18,196.16697692871094,197.15490236836843,194.66015499959357,195.52832221137376,45394700,0.004804711390223648,196.84356079101562,199.66362686157225,43.44096142185396,-0.7276797894223213,1380.5,19546.26953125,20.139999389648438,0.00027399870356599926,0.012643615735944256
2025-06-20,200.57769775390625,201.27622400422058,196.44639652864126,197.8235020126397,96813500,0.022484522595249024,197.2028045654297,199.6092414855957,50.25671846325056,1.056443922276004,1374.8900146484375,19447.41015625,20.6200008392334,0.004426165376366605,0.01825057483125899
2025-06-23,201.07666015625,201.87498244787415,198.54200324907936,201.20639190632414,55814300,0.002487626530422782,198.21068420410157,199.61622772216796,49.65349227728766,-0.3661416861135729,1369.469970703125,19630.970703125,19.829999923706055,0.009925620171965152,0.010937858251049572
2025-06-24,199.87918090820312,203.0125832870988,199.77938491343542,202.16436301176623,54064000,-0.0059553368706062315,198.5858947753906,199.8671989440918,44.787638274469934,-0.4268733977168304,1361.93994140625,19912.529296875,17.479999542236328,0.006338937418355191,0.014605849796435293
2025-06-25,201.13653564453125,203.2421033073339,200.19850807531137,201.0267661369261,39525700,0.006290573788700682,199.7674102783203,199.9345573425293,47.849800277228745,-0.9313216881822587,1353.780029296875,19973.55078125,16.760000228881836,0.0009409544828390773,0.00626775300933391
2025-06-26,200.57769775390625,202.2142514946699,199.04094000321476,201.00678701240994,50799100,-0.0027784006959959973,200.64955444335936,199.96349639892577,50.66853092802168,-0.5401585289591749,1357.030029296875,20167.91015625,16.59000015258789,-0.0008143879259671823,0.006354808540747631
2025-06-27,200.65753173828125,202.7930349784745,199.57979899649257,201.4658274879402,73188600,0.0003980202448676806,200.66552124023437,200.0198776245117,44.19458557396304,0.23670981186304685,1352.760009765625,20273.4609375,16.31999969482422,0.0013033977791907885,0.004601777472973092
2025-06-30,204.7389373779297,206.95427439094752,198.84135059390303,201.58557286233471,91912800,0.020340156705265455,201.39797668457032,200.23542327880858,57.13184570333358,0.886399987491062,1363.5899658203125,20369.73046875,16.729999542236328,0.005986592084712379,0.012531601074311444
2025-07-01,207.3833770751953,209.74839282792448,205.70689884063935,206.23578409144605,78788900,0.01291615425542747,202.89881591796876,200.54078063964843,59.360208957079244,0.4310283883880558,1348.5,20202.890625,16.829999923706055,0.011218110401853535,0.010078924364622252
2025-07-02,211.99366760253906,212.8917706186518,207.7026988246806,208.47108532398713,67941800,0.022230762139012317,205.07024230957032,200.99831771850586,74.18548217182835,0.05465693838994413,1355.5899658203125,20393.130859375,16.639999389648438,0.01849569103323508,0.004923618610098466
2025-07-03,213.10134887695312,214.19902871499423,211.36499901814886,211.70428104663077,34955800,0.00522506774348952,207.5749725341797,201.53369064331054,74.80119016753841,-1.0898875619500281,1354.75,20601.099609375,16.3799991607666,0.013457328045976436,0.008515753770052358
2025-07-07,209.50889587402344,215.77570049162512,208.36131809352125,212.23315593085263,50229000,-0.016857955249283796,209.34524536132812,201.99871063232422,72.66611794538834,-0.5599397943336919,1362.199951171875,20412.51953125,17.790000915527344,0.0035326248777393468,0.019599240518598984
2025-07-08,209.5687713623047,210.98578616820197,208.01205130024096,209.658593847986,42848900,0.00028578971805215403,210.31121215820312,202.30257110595704,70.79286220069271,-0.816013670128242,1374.6400146484375,20418.4609375,16.809999465942383,-0.003782365929247374,0.01158996953847725
2025-07-09,210.69639587402344,210.8859991217609,206.78463359109693,209.0897778625777,48749400,0.00538068961510163,210.97381591796875,202.78605270385742,79.55747841997501,-0.6112787879280357,1370.300048828125,20611.33984375,15.9399995803833,-0.003730491972043337,0.011650631755905421
2025-07-10,211.96372985839844,213.03147386855414,209.58872537016995,210.06771262581316,44443600,0.006014977043711456,210.96782836914062,203.27202987670898,79.81157197800158,-0.7606809497410428,1373.0,20630.66015625,15.779999732971191,0.0038938187922884135,0.003140698248148601
2025-07-11,210.7163543701172,211.68431760849728,209.41908263784933,210.12759762046792,39765800,-0.005884853456365136,210.49082946777344,203.88972930908204,71.72787103700705,-0.9229907255153205,1372.6400146484375,20585.529296875,16.399999618530273,0.001836937734149317,0.00669478338170498
2025-07-14,208.1816864013672,210.46688365912564,207.10395364435493,209.48893166698292,38840100,-0.01202881464197092,210.2253875732422,204.3597396850586,64.00462291953669,-0.9551105595044282,1378.1700439453125,20640.330078125,17.200000762939453,-0.003966230351541533,0.009173627448444147
2025-07-15,208.67066955566406,211.44482767792792,208.48106630115817,208.7804390594974,42296300,0.0023488288655426626,210.04576721191407,204.99141006469728,67.82669631734144,-0.8351877224803874,1382.010009765625,20677.80078125,17.3799991607666,-0.005188279744264464,0.007214088259065021
2025-07-16,209.71847534179688,211.95375954691573,208.2016644692293,209.8581806046168,47490500,0.00502133715468478,209.85018310546874,205.57717742919922,67.55093918464317,-0.6549599578630988,1386.449951171875,20730.490234375,17.15999984741211,-0.0015528828739144924,0.00917030179141418
2025-07-17,209.57875061035156,211.3550095983717,209.14964612579556,210.12759810142074,48068100,-0.0006662490332222104,209.37318725585936,206.29466705322267,68.72913584464725,-0.6349184583361368,1384.9200439453125,20885.650390625,16.520000457763672,0.0022346389956684107,0.002845512020006968
2025-07-18,210.73631286621094,211.34503189230253,209.25942654413325,210.42696659875526,48974600,0.005523280640275852,209.37717895507814,207.02313385009765,70.07143781472865,-0.603464823777288,1391.5799560546875,20895.650390625,16.40999984741211,0.00329278958724614,0.0034378011743630304
2025-07-21,212.0335693359375,215.3266389893317,211.18536434566,211.65437808070223,51377400,0.006155827878369324,210.14755554199218,207.5959274291992,66.33872931611522,-0.5200927409113181,1390.5699462890625,20974.1796875,16.649999618530273,0.003670953161807655,0.003769419207588067
2025-07-22,213.94955444335938,214.49840197701596,211.78411528941558,212.69220709721728,46404100,0.0090362347501034,211.20333251953124,208.23957214355468,65.20322929271056,-0.6926557422919275,1381.8199462890625,20892.689453125,16.5,0.006905114422916192,0.001872507513687888
2025-07-23,213.7000732421875,214.69797228179937,211.9637386583707,214.54829351654996,46989300,-0.001166074880693091,211.99965209960936,208.9306167602539,54.95070507156967,-0.6723505388238213,1379.780029296875,21020.01953125,15.369999885559082,0.004675329249259878,0.005259818209192868
2025-07-24,213.31088256835938,215.2368355364858,213.08137006420023,213.45058781785585,46022600,-0.0018212004700020046,212.74607849121094,209.53933410644532,50.63431866905106,-0.7058929861796284,1373.719970703125,21057.9609375,15.390000343322754,0.002016319799802768,0.006088242917010845
2025-07-25,213.43064880371094,214.7877920897316,212.95164630742312,214.24891808809048,40268800,0.0005614633154649162,213.28494567871093,210.18198165893554,65.03429063385856,-0.9055376883580111,1372.0,21108.3203125,14.930000305175781,-0.0008086040117433931,0.0012308983488716549
2025-07-28,213.6002960205078,214.39861831079742,212.61237047326716,213.5803337758995,37858000,0.0007948587409902785,213.598291015625,210.82911987304686,65.32611880771721,-0.9891873543199223,1382.780029296875,21178.580078125,15.029999732971191,-0.00015495947118226994,0.0014477180857387854
2025-07-29,210.8261260986328,214.3586818606333,210.37707459375494,213.73000061776605,51411700,-0.012987668901023652,212.97360534667968,211.13347930908202,50.438261161042824,-0.5189026033874697,1388.2900390625,21098.2890625,15.979999542236328,-0.0038771156148561525,0.00789083355807469
2025-07-30,208.6107940673828,211.94377315400357,207.28358653790625,211.454797150492,45512500,-0.010507862911703691,211.95574951171875,211.1948501586914,39.35366155247144,-0.7235923783345856,1388.8599853515625,21129.669921875,15.479999542236328,-0.007566891023912355,0.007346870339423757
2025-07-31,207.1339111328125,209.39913099136336,206.72476887181696,208.0519764228089,80698400,-0.007079609380583052,210.72035522460936,210.95186233520508,38.78833275699003,0.49728400360054525,1392.52001953125,21122.44921875,16.719999313354492,-0.010191713731103466,0.0029666908420939104
2025-08-01,201.95481872558594,213.1312852679161,201.07666267114303,210.4269720875647,104434500,-0.025003594915492977,208.42518920898436,210.39453582763673,33.27985317641637,1.3208765190470866,1391.510009765625,20650.130859375,20.3799991607666,-0.01419702240259324,0.00951444888975876
2025-08-04,202.9227752685547,207.44325668811337,201.25627047720934,204.0803265791815,75109300,0.004792936108565904,206.28968505859376,210.0652297973633,34.95301529602969,0.3033540434098541,1390.1800537109375,21053.580078125,17.520000457763672,-0.009096756062503375,0.015000332523621382
2025-08-05,202.49366760253906,204.90858140720596,201.73526982787092,202.97265486934364,44155100,-0.0021146353111312077,204.623193359375,209.711474609375,30.45355901284597,-0.770691290138426,1383.5899658203125,20916.55078125,17.850000381469727,-0.007441764706019427,0.015596218963560953
2025-08-06,212.80197143554688,214.9275012748427,205.15806109322384,205.19798558200998,108483100,0.05090679602505532,205.4614288330078,209.81675338745117,55.62519218192249,1.461354384325581,1386.5799560546875,21169.419921875,16.770000457763672,0.017861698940830006,0.028825552322704253
2025-08-07,219.56771850585938,220.38600300495352,216.12496995802366,218.42014073215765,90224800,0.031793629657992595,207.94819030761718,210.19695281982422,62.88955693757189,0.8278299542474473,1384.3900146484375,21242.69921875,16.56999969482422,0.026861930123972238,0.026852547187462057
2025-08-08,228.86814880371094,230.5146761138317,218.78936250198095,220.36604479784603,113854000,0.04235791290787305,213.3308563232422,211.10454254150392,69.91732660025323,1.647713265574473,1384.969970703125,21450.01953125,15.149999618530273,0.04168611286364032,0.009574276401813596
2025-08-11,226.95997619628906,229.33767612130436,224.54232171734583,227.6992650180531,61806100,-0.008337431911761617,218.13829650878907,212.04345703125,65.395731698424,-0.15823888683093648,1387.81005859375,21385.400390625,16.25,0.021938036884701344,0.026746103048484026
2025-08-12,229.42758178710938,230.57647717809445,226.8500938879156,227.78917070894937,55626200,0.010872426196794072,223.52507934570312,213.08130264282227,67.68269923494111,-0.37266835865689274,1389.7900390625,21681.900390625,14.729999542236328,0.014964302397635168,0.025594180680921813
2025-08-13,233.10403442382812,234.77241529044048,230.2068337695816,230.8462285986664,69878500,0.016024457949132653,227.5854919433594,214.25058059692384,70.72203151789992,0.121856336128634,1383.0899658203125,21713.140625,14.489999771118164,0.006186484078055036,0.012839157275838434
2025-08-14,232.5545654296875,234.89229562265464,230.6264418350812,233.83332460758467,51916300,-0.0023571835446725142,230.182861328125,215.3993713378906,69.84285541179726,-0.5013940496109721,1378.780029296875,21710.669921875,14.829999923706055,0.00817990020041807,0.009482007075644118
2025-08-15,231.36570739746094,234.0531046408583,229.11788646444978,233.77337703316005,56038700,-0.005112168105708581,230.682373046875,216.43084106445312,68.0514791806969,-0.35835548027241937,1387.8699951171875,21622.98046875,15.09000015258789,0.0028517020995838527,0.011490805345438304
2025-08-18,230.66639709472656,232.89423321308522,229.88715369469057,231.47561022214762,37476200,-0.0030225322092916063,231.4236572265625,217.36248245239258,71.04721592996034,-1.002435007573721,1387.97998046875,21629.76953125,14.989999771118164,-0.0034972946198909005,0.0014375446054908769
2025-08-19,230.3367156982422,232.64447617946885,229.1278960385577,231.05601964615855,39402600,-0.001429256279357305,231.60548400878906,218.1818405151367,74.0080747311903,-0.9355929980710556,1386.9100341796875,21314.94921875,15.569999694824219,-0.0031879855314524974,0.0018470221930260247
2025-08-20,225.79110717773438,230.24679444121838,225.55134937034353,229.75726351111018,42263900,-0.019734624185850147,230.1428985595703,218.78639221191406,69.30753316992957,-0.8363119340189497,1391.3399658203125,21172.859375,15.6899995803833,-0.008062137558166352,0.010140011839358015
2025-08-21,224.68218994140625,226.30063142153253,223.56327948127884,226.05087353353895,30621200,-0.004911252928377019,228.56842346191405,219.3549575805664,75.68316327223407,-1.2402890229084238,1396.9100341796875,21100.310546875,16.600000381469727,-0.008691711131194824,0.009720623525034536
2025-08-22,227.53941345214844,228.8681272027074,225.1916985271248,225.95095699429655,42477800,0.012716733406805902,227.80316467285155,220.06039581298828,76.67896026545007,-0.8288900559912191,1399.6099853515625,21496.5390625,14.220000267028809,-0.003976381235807088,0.01624586535746206
2025-08-25,226.94000244140625,229.07792927219558,226.01089520624416,226.26065308481304,30983100,-0.002634317288807808,227.0578857421875,220.7273811340332,76.39694697143551,-1.2277318576057792,1382.8900146484375,21449.2890625,14.789999961853027,0.001723721063207025,0.009588057637841632
2025-08-26,229.08792114257812,229.26775474756235,224.4724002828088,226.65028173376106,54575100,0.00946469850209164,226.8081268310547,221.64047088623047,71.3475063537119,-0.40913930767488055,1389.050048828125,21544.26953125,14.619999885559082,0.006515704873363244,0.008089259047127609
2025-08-27,230.26678466796875,230.676376013076,228.03893336267103,228.38860049855515,31259500,0.005145899965004919,227.70326232910156,222.72327041625977,66.43078978152887,-1.2181413616410073,1393.949951171875,21590.140625,14.850000381469727,0.00399209372609625,0.006131475956473857
2025-08-28,232.33477783203125,233.18396075811214,229.11789497993007,230.59647266873003,38074700,0.008980857430412437,229.23377990722656,223.9833137512207,56.84411982742545,-0.9816683222086123,1392.75,21705.16015625,14.430000305175781,0.007863818632502998,0.0023661861630082165
2025-08-29,231.91517639160156,233.15398096397084,231.145917853049,232.28481317583598,39418400,-0.0018060207961334562,230.1089324951172,225.4813316345215,60.39392782140402,-0.9350447714565714,1384.4100341796875,21455.55078125,15.359999656677246,0.004106912199761299,0.005467980171034541
2025-09-02,229.49752807617188,230.62643860177437,226.75019132336067,229.02798202980685,44075600,-0.010424709383172748,230.6204376220703,226.81006927490233,50.14699704659409,-0.7734497721543426,1392.93994140625,21279.630859375,17.170000076293945,-0.0010832909162979225,0.009722950154070285
2025-09-03,238.2390594482422,238.6186963224971,234.133039090421,236.98028515930878,66427800,0.038089871578786294,232.45066528320314,228.5973388671875,58.89886699455532,0.0021243374830527814,1394.5699462890625,21497.73046875,16.350000381469727,0.008619713799826697,0.025883162439656975
2025-09-04,239.5477752685547,239.66765417218173,236.51072617258424,238.21906152531412,47549400,0.005493288226302795,234.3068634033203,229.93462905883788,61.80832435792712,-0.6529162523192309,1389.6300048828125,21707.689453125,15.300000190734863,0.011052816807305446,0.024730495547215754
2025-09-05,239.45787048339844,241.08629675958926,238.25903569310344,239.76756781945676,54870400,-0.00037531045761318715,235.73148193359376,230.92913665771485,64.19060695417565,-0.39889302164594725,1392.06005859375,21700.390625,15.180000305175781,0.014402616449158634,0.020722563893260607
2025-09-08,237.64962768554688,239.91741830634814,236.11111057683257,239.06825064349684,48999500,-0.007551402650500583,236.8783721923828,231.36821060180665,61.78750146668747,-0.6026008463911707,1385.510009765625,21798.69921875,15.109999656677246,-0.000811141627270325,0.006533257351748312
2025-09-09,234.123046875,238.5487492683241,233.13400016518182,236.77047435136637,66313900,-0.014839412310012845,237.80347595214843,231.7263641357422,55.768628474189164,-0.0018277518454115015,1385.719970703125,21879.490234375,15.039999961853027,-0.007588708472708872,0.007232123090243062
2025-09-10,226.5703582763672,232.19491077497392,225.73117543382176,231.96513778704139,83440800,-0.03225948363240483,235.46973571777343,231.58350296020507,51.087552756707325,0.5924394888892235,1387.25,21886.060546875,15.350000381469727,-0.018216766197639418,0.01269555851129781
2025-09-11,229.80722045898438,230.22681187017153,226.43048902665416,226.66027725307507,50208600,0.014286344459361722,233.52162475585936,231.41866226196288,56.751758103178126,-0.5606476312283423,1387.199951171875,22043.0703125,14.710000038146973,-0.01093751716101865,0.023516953831276294
2025-09-12,233.84332275390625,234.28288383192944,228.79821036620638,228.9980136278554,55824200,0.017562991653877313,232.39871520996093,231.48310012817382,58.054638920234076,-0.3657981770323455,1389.5,22141.099609375,14.760000228881836,-0.0001367158397219311,0.027867333245330483
2025-09-15,236.47076416015625,237.95932665324483,234.80238330570734,236.77047667310174,42699500,0.011235905200573493,232.1629425048828,231.73835296630858,61.577651153696266,-0.8211975344449458,1393.699951171875,22348.75,15.6899995803833,0.014361747104604175,0.0031642171095038313
2025-09-16,237.9193572998047,240.98639147239973,236.09114297984144,236.9502954777413,63421100,0.006125886829152938,232.92220458984374,232.1010009765625,60.91355796874418,-0.1022017993377862,1385.010009765625,22333.9609375,16.360000610351562,0.011641594561201249,0.005729335003813966
2025-09-17,238.75856018066406,239.86748583209587,237.4997706474641,238.73857528095925,46508000,0.003527257682534257,235.35984497070314,232.5220932006836,60.582656810023835,-0.6890506318333899,1377.6400146484375,22261.330078125,15.720000267028809,0.006963016570753562,0.0039219129634079615
2025-09-18,237.64962768554688,240.9664044724694,236.4208079152849,239.737599946219,44249600,-0.004644576907642972,236.92832641601564,233.11501922607422,56.78569454207252,-0.7674123398176194,1378.68994140625,22470.720703125,15.699999809265137,0.0016695225346814075,0.005620418773195224
2025-09-19,245.26223754882812,246.06146581163878,239.9773675285625,240.99636870073516,163741300,0.03203291306373979,239.212109375,234.1440216064453,64.39653411980953,3.3786971633435354,1386.75,22631.48046875,15.449999809265137,0.010305197946210357,0.019255257030579773
2025-09-22,255.8319854736328,256.3914711896616,247.8797028858207,248.05953649140056,105517400,0.043095700465100695,243.0843536376953,235.55865020751952,74.15686158142123,1.3584508608714412,1396.22998046875,22788.98046875,16.100000381469727,0.023494678873732504,0.024989189727143635
2025-09-23,254.18359375,257.0907792625319,253.33442606621003,255.63220171436936,60275200,-0.00644325892472386,246.3372009277344,236.92082977294922,66.81413714296443,-0.21135788202800382,1389.3900146484375,22573.470703125,16.639999389648438,0.022895118201372206,0.026002915135936278
2025-09-24,252.06564331054688,255.4923293909784,250.79686899703333,254.9728287261993,42303700,-0.00833236483994404,248.99861755371094,238.06971588134766,62.979060991634064,-0.8349309581166418,1391.8499755859375,22497.859375,16.18000030517578,0.009440025566810931,0.02916197043984269
2025-09-25,256.6212158203125,256.9209435623003,251.466224879955,252.96477212582877,55202100,0.018072960876120314,252.79293518066407,239.38743743896484,66.28741591233612,-0.38738373253048103,1403.6500244140625,22384.69921875,16.739999771118164,0.0010991123704841381,0.014730099460253023
2025-09-26,255.2126007080078,257.3505275669758,253.5342198150173,253.8539172209246,46076300,-0.0054890828406448655,254.7830078125,240.53132858276368,66.79402594298173,-0.7040297096481224,1408.9200439453125,22484.0703125,15.289999961853027,0.0014171710651771363,0.01449422518804039
2025-09-29,254.18359375,254.75304905914027,252.76497075706976,254.31347273152574,40127700,-0.004031959845059219,254.45332946777344,241.6447494506836,70.14444191722538,-0.9104335602126757,1408.7099609375,22591.150390625,16.1200008392334,0.00285063939680541,0.013203033941892893
2025-09-30,254.38340759277344,255.67215158054225,252.8648753735947,254.61318058017173,37704300,0.0007861004710238984,254.49329223632813,242.88904342651367,82.76836068521813,-0.9945204195506946,1399.3299560546875,22660.009765625,16.280000686645508,-0.002911647404893395,0.0032841751432369647
2025-10-01,255.20260620117188,258.53938316103813,254.6831055272507,254.7929996074261,48713900,0.003220330351537015,255.1206848144531,243.73722076416016,81.72740454760259,-0.6125105629162753,1403.1500244140625,22755.16015625,16.290000915527344,-8.50967416610171e-06,0.003690864700316392
2025-10-02,256.8809814453125,257.9299523535748,253.9038565188199,256.33149581258533,42630200,0.006576638338942287,255.17263793945312,244.60388107299804,80.5835429493018,-0.8236020980135373,1401.8199462890625,22844.05078125,16.6299991607666,0.003527689720501067,0.0029074790689216233
2025-10-03,257.7701110839844,258.9889308017334,253.70406057825727,254.42336451804394,49155600,0.0034612513299712155,255.68414001464845,245.51949310302734,79.64403812719067,-0.5971845062316161,1405.6300048828125,22780.509765625,16.649999618530273,0.004419406673483506,0.001872096972196297
2025-10-06,256.44140625,258.819106172963,254.80299514816292,257.7401350456914,44664100,-0.0051546117135026215,256.1357025146484,246.45908203125,75.86495923713684,-0.7530300656591606,1406.06005859375,22941.669921875,16.3700008392334,0.0016277593184702936,0.006076744742493819
2025-10-07,256.23162841796875,257.15072039039774,255.18262697514498,256.56129542181253,31955800,-0.0008180341665524615,256.5053466796875,247.56451110839845,74.83672561546886,-1.1939812229280162,1409.9200439453125,22788.359375,17.239999771118164,-0.0008371315166946225,0.004307963269059113
2025-10-08,257.8100891113281,258.2696351050741,255.8619653198879,256.2715719294531,36496900,0.00616028826380699,257.02684326171874,249.1264976501465,78.27919567720816,-1.0364146483056356,1414.5699462890625,23043.380859375,16.299999237060547,6.254746125063566e-05,0.0057086170283659355
2025-10-09,253.79396057128906,257.75013209688524,252.8948383011137,257.5603136690899,38322000,-0.01557785637436715,256.40943908691406,250.32583465576172,63.31046033284821,-0.9730875347553268,1422.52001953125,23024.630859375,16.43000030517578,-0.003411867425704207,0.011098770711648989
2025-10-10,245.032470703125,256.13171175032437,243.76369637579657,254.69310389004832,61999100,-0.03452205816262133,253.86191101074218,250.88529205322266,32.14400820029371,-0.15154219464135257,1421.510009765625,22204.4296875,21.65999984741211,-0.014646542091060496,0.02035715690882943
2025-10-13,247.42015075683594,249.44818352992385,245.32217845998096,249.13848619669534,38142900,0.009744341420789837,252.0576599121094,251.43276138305663,39.0841270867774,-0.9793019263157128,1429.030029296875,22694.609375,19.030000686645508,-0.013451857705399547,0.022209647358184176
2025-10-14,247.53004455566406,248.60900042906025,244.46301046499008,246.36117950382103,35478000,0.00044415864468594357,250.31734313964844,251.9132957458496,42.17238293519402,-1.0717683253624597,1426.0699462890625,22521.69921875,20.809999465942383,-0.008111186032381848,0.023340393632651783
2025-10-15,249.09852600097656,251.5761352503302,247.2303418581919,249.24838988167792,33893600,0.006336529564029414,248.5750305175781,252.43029403686523,35.524783010686534,-1.1267436575136345,1429.4300537109375,22670.080078125,20.639999389648438,0.005508343209835065,0.00470507910615651
2025-10-16,247.21035766601562,248.79881419551728,244.8926123625184,248.00958596667436,39777000,-0.007580006053321764,247.25830993652343,252.90833053588867,34.881047528345746,-0.9226021091810026,1420.0899658203125,22562.5390625,25.309999465942383,-0.0002664392815354688,0.006985427900767036
2025-10-17,252.045654296875,253.13461023404025,247.03052706557392,247.77980070207627,49147000,0.019559441912186948,248.66094665527345,253.24750137329102,46.468599054586015,-0.597482908059753,1415.719970703125,22679.970703125,20.780000686645508,0.006105321807631532,0.013571201189950097
2025-10-20,261.98602294921875,264.1239650925819,255.3824390623343,255.64218177653177,90483000,0.03943876231500254,251.57412109375,253.55520324707032,59.50059908677288,0.8367889486689528,1419.739990234375,22990.5390625,18.229999542236328,0.01713939939128924,0.023602618479116832
2025-10-21,262.5155029296875,265.03308188579996,261.5764108568555,261.6263807259345,46695900,0.0020210237725979407,254.5712127685547,253.9717987060547,59.20520627008557,-0.6825308988674685,1419.739990234375,22953.669921875,17.8700008392334,0.02033974266659581,0.018721069450152544
2025-10-22,258.19970703125,262.5954395959732,255.18261234613632,262.3956210979312,45015300,-0.016440156296572916,256.3914489746094,254.27850189208985,51.55659437996651,-0.7408441677473375,1430.739990234375,22740.400390625,18.600000381469727,0.008339876597009188,0.02847032335717661
2025-10-23,259.3285827636719,260.36758405794774,257.76012648314656,259.68824995662277,32754900,0.004372103072468825,258.8150939941406,254.41387023925782,51.829235096391244,-1.1662541414321794,1430.4000244140625,22941.80078125,17.299999237060547,-0.003349009817168717,0.011398047226498243
2025-10-24,262.56549072265625,263.87421967110856,258.9290010880386,260.93706434715574,38253700,0.012481878875396424,260.9190612792969,254.78151473999023,56.87992374255689,-0.9754574004369257,1435.8399658203125,23204.869140625,16.3700008392334,0.00013794188376411073,0.014918683599805607
2025-10-27,268.5496520996094,268.8593494221352,264.3936774471076,264.6234656652487,44888200,0.02279111912415832,262.231787109375,255.49981765747071,62.249119904960594,-0.745254269184105,1436.969970703125,23637.4609375,15.789999961853027,0.013215033690674524,0.009231369078607598
2025-10-28,268.7394714355469,269.6286240979669,267.8902885694659,268.7294713644567,41534800,0.0007068314349076843,263.47658081054686,256.2176208496094,61.17692340603369,-0.8616101634253001,1430.969970703125,23827.490234375,16.420000076293945,0.011993276478154144,0.011050248409530877
2025-10-29,269.4388122558594,271.1471476128123,266.85129379808274,269.01920560410514,51086700,0.0026023003490212027,265.7244018554687,256.92943115234374,67.16354583810387,-0.5301794166600852,1425.969970703125,23958.470703125,16.920000076293945,0.008700083636029069,0.012239941235434145
2025-10-30,271.13714599609375,273.87451306817263,268.2199910571769,271.72657092903916,69886500,0.006303226049785504,268.08611450195315,257.6422393798828,83.89105027319184,0.1221339192245753,1424.010009765625,23581.140625,16.90999984741211,0.003204119277904797,0.002846321782358924
2025-10-31,270.108154296875,277.05143573891627,268.89933466249033,276.721738255342,86167100,-0.0037950967413132863,269.5946472167969,258.25914154052737,80.53242268477106,0.6870363381973198,1424.02001953125,23724.9609375,17.440000534057617,0.0017034765524978068,0.00510881042525602
2025-11-03,268.7894287109375,270.5877038096653,265.9921525413924,270.15812755648943,50194600,-0.004882213161503057,269.6426025390625,258.87654266357424,77.7083420151397,-0.5611334016462395,1427.1700439453125,23834.720703125,17.170000076293945,-0.0007913612843436132,0.006168089867126736
2025-11-04,269.7784729003906,271.22705027239556,267.36080327265466,268.0701070960229,49274800,0.0036796245826942187,269.85040283203125,259.5538848876953,77.3664817501984,-0.5930485181020907,1428.969970703125,23348.640625,19.0,-0.001665895106707375,0.0046611576984798226
2025-11-05,269.8783874511719,271.43687417180433,266.67147434431234,268.3498399683747,43683100,0.0003703577594871277,269.9383178710938,260.1572998046875,81.48766718500238,-0.7870686927989627,1439.81005859375,23499.80078125,18.010000228881836,-0.000277410273107237,0.004317518842753276
2025-11-06,269.50872802734375,273.1352174017799,267.6305743388968,267.6305743388968,51204000,-0.0013697259247742455,269.6126342773438,260.9430381774902,77.69326641674505,-0.5261093545158458,1439.739990234375,23053.990234375,19.5,0.000893418805802367,0.0025649911852573906
2025-11-07,268.2099914550781,272.02629915101613,266.51162568814635,269.5386899523433,48227400,-0.004818903572332056,269.2330017089844,262.1019142150879,63.596663442037595,-0.6293910849382056,1447.9000244140625,23004.5390625,19.079999923706055,-0.0019394239125397246,0.002641121947284446
2025-11-10,269.42999267578125,273.7300109863281,267.4599914550781,268.9599914550781,41312400,0.004548679242277531,269.3611145019531,263.20240631103513,64.66278159057384,-0.8693269734924682,1454.0,23527.169921875,17.600000381469727,-0.0005466500849429234,0.004737720161188154
2025-11-11,275.25,275.9100036621094,269.79998779296875,269.80999755859375,46208300,0.021601185771556786,270.455419921875,264.58840408325193,83.98835079300758,-0.6994495885650909,1456.0899658203125,23468.30078125,17.280000686645508,0.007110320480500754,0.013395028354198871
2025-11-12,273.4700012207031,275.7300109863281,271.70001220703125,275.0,48398000,-0.006466843884820661,271.1737426757812,265.8069778442383,77.47647699054981,-0.6234716254172573,1459.8399658203125,23406.4609375,17.510000228881836,0.006561007043004552,0.014141805739756338
2025-11-13,272.95001220703125,276.70001220703125,272.0899963378906,274.1099853515625,49602800,-0.0019014480979659965,271.86199951171875,267.0939605712891,72.55859985467906,-0.5816676111684973,1468.02001953125,22870.359375,20.0,0.00441096459625671,0.015061158246113059
2025-11-14,272.4100036621094,275.9599914550781,269.6000061035156,271.04998779296875,47431300,-0.0019784155368063328,272.702001953125,268.11217803955077,60.98397761702188,-0.6570140727730645,1468.7099609375,22900.58984375,19.829999923706055,-0.0034489025065309966,0.002613897208911688
2025-11-17,267.4599914550781,270.489990234375,265.7300109863281,268.82000732421875,45018300,-0.018171183658773127,272.30800170898436,268.38587646484376,47.1353899652167,-0.7407400740863596,1446.530029296875,22708.0703125,22.3799991607666,-0.007350349097848485,0.009371196638788342
2025-11-18,267.44000244140625,270.7099914550781,265.32000732421875,269.989990234375,45677300,-7.473646268785217e-05,270.7460021972656,268.63210144042966,45.38450906823402,-0.7178741665581948,1461.68994140625,22432.849609375,24.690000534057617,-0.006741445219422437,0.009944103232483497
2025-11-19,268.55999755859375,272.2099914550781,265.5,265.5299987792969,40424500,0.004187836924032684,269.7640014648438,269.1501159667969,43.885760927382755,-0.9001352273532535,1456.550048828125,22564.23046875,23.65999984741211,-0.004686027732476099,0.011871371266062896
2025-11-20,266.25,275.42999267578125,265.9200134277344,270.8299865722656,45823600,-0.008601420835542606,268.4239990234375,269.4961868286133,41.371103440687165,-0.7127978656911682,1466.1300048828125,22078.05078125,26.420000076293945,-0.001496106791399258,0.006512027235717083
2025-11-21,271.489990234375,273.3299865722656,265.6700134277344,265.95001220703125,59030800,0.019680714495305063,268.2399963378906,269.9424118041992,55.13854465340507,-0.2545359326016733,1473.25,22273.080078125,23.43000030517578,0.005089043527931714,0.01416258891323473
2025-11-24,275.9200134277344,277.0,270.8999938964844,270.8999938964844,65504400,0.0163174457722548,269.9320007324219,270.3109298706055,60.332890730394745,-0.029915691365971966,1467.72998046875,22872.009765625,20.520000457763672,0.009132246477339087,0.015449599069193947
