Date,Close,High,Low,Open,Volume,returns,sma_5,sma_20,rsi,volume_z,USD_KRW,NASDAQ,VIX,sentiment_mean,sentiment_vol
2022-12-22,10.0600004196167,10.0600004196167,10.0600004196167,10.0600004196167,0,0.0,10.0600004196167,10.011399984359741,96.03466057290566,-0.43528498035538876,1280.77001953125,10476.1201171875,21.969999313354492,0.0,0.0
2022-12-23,10.0600004196167,10.0600004196167,10.050000190734863,10.0600004196167,11700,0.0,10.0600004196167,10.01540002822876,96.03466057290566,-0.43397250953748695,1290.199951171875,10497.8603515625,20.8700008392334,0.0,0.0
2022-12-27,10.0600004196167,10.0600004196167,10.0600004196167,10.0600004196167,100,0.0,10.0600004196167,10.019200038909911,95.8717206031034,-0.43527376265609047,1275.1300048828125,10353.23046875,21.649999618530273,0.0,0.0
2022-12-28,10.100000381469727,10.100000381469727,10.069999694824219,10.069999694824219,19200,0.003976139183357041,10.068000411987304,10.025000047683715,97.33286477606367,-0.43313118209011403,1272.280029296875,10213.2900390625,22.139999389648438,0.0013253797277856805,0.0022956250278466065
2022-12-29,10.100000381469727,10.100000381469727,10.100000381469727,10.100000381469727,0,0.0,10.07600040435791,10.030500078201294,99.98727441750214,-0.43528498035538876,1274.3199462890625,10478.08984375,21.440000534057617,0.0013253797277856805,0.0022956250278466065
2022-12-30,10.119999885559082,10.180000305175781,10.119999885559082,10.180000305175781,20700,0.0019801488449493476,10.088000297546387,10.03700008392334,99.98923193834746,-0.4329629166006394,1260.260009765625,10466.48046875,21.670000076293945,0.0019854293427687963,0.001988074851231642
2023-01-03,10.130000114440918,10.140000343322754,10.119999885559082,10.119999885559082,15700,0.0009881649204468435,10.10200023651123,10.044000101089477,99.98923193834746,-0.4335238015655547,1270.0999755859375,10386.98046875,22.899999618530273,0.0009894379217987304,0.0009900750362663885
2023-01-04,10.140000343322754,10.140000343322754,10.130000114440918,10.130000114440918,7300,0.0009871894144977134,10.11800022125244,10.051500129699708,99.9885259721518,-0.43446608830661243,1279.0799560546875,10458.759765625,22.010000228881836,0.0013185010599646347,0.000573003997747264
2023-01-05,10.149999618530273,10.15999984741211,10.130000114440918,10.130000114440918,647500,0.000986121781948901,10.128000068664551,10.059350109100341,99.98939506170832,-0.36265037739885775,1271.0799560546875,10305.240234375,22.459999084472656,0.0009871587056311526,1.0219153616892466e-06
2023-01-06,10.15999984741211,10.15999984741211,10.15999984741211,10.15999984741211,500,0.0009852442618401014,10.139999961853027,10.067700099945068,99.99014183077378,-0.43522889185889724,1274.1800537109375,10569.2900390625,21.1299991607666,0.0009861851527622385,9.74123508848134e-07
2023-01-09,10.15999984741211,10.164999961853027,10.15999984741211,10.164999961853027,54700,0.0,10.147999954223632,10.076200103759765,99.98600187963896,-0.4291488988392154,1252.8800048828125,10635.650390625,21.969999313354492,0.0006571220145963341,0.0005690845271668738
2023-01-10,10.164999961853027,10.170000076293945,10.15999984741211,10.164999961853027,62900,0.0004921372555131143,10.154999923706054,10.08495011329651,99.98666838609397,-0.42822904749675433,1239.280029296875,10742.6298828125,20.579999923706055,0.0004924605057844053,0.0004926222104617954
2023-01-11,10.170000076293945,10.170000076293945,10.164999961853027,10.164999961853027,9400,0.0004918951755712442,10.160999870300293,10.093450117111207,99.98727430718799,-0.434230516621348,1240.1600341796875,10931.669921875,21.09000015258789,0.0003280108103614528,0.00028406572027641405
2023-01-12,10.170000076293945,10.175000190734863,10.170000076293945,10.170000076293945,2100,0.0,10.164999961853027,10.10105013847351,99.98727430718799,-0.4350494086701243,1241.5999755859375,11001.099609375,18.829999923706055,0.0003280108103614528,0.00028406572027641405
2023-01-13,10.180000305175781,10.180000305175781,10.130000114440918,10.130000114440918,14000,0.000983306667336814,10.169000053405762,10.109150171279907,99.98833468316205,-0.4337145024536259,1239.1300048828125,11079.16015625,18.350000381469727,0.0004917339476360194,0.000491653353495218
2023-01-17,10.170000076293945,10.180000305175781,10.170000076293945,10.180000305175781,1300,-0.000982340725152242,10.171000099182129,10.116750192642211,92.29758328555421,-0.4351391502645108,1240.7099609375,11095.1103515625,19.360000610351562,3.219807281906739e-07,0.0009828237358008043
2023-01-18,10.09000015258789,10.399999618530273,10.039999961853027,10.399999618530273,7000,-0.00786626579212446,10.156000137329102,10.118250179290772,57.13898300222357,-0.4344997414045073,1237.0,10957.009765625,20.34000015258789,-0.0026217666166466294,0.004646990544329792
2023-01-19,10.09000015258789,10.09000015258789,10.09000015258789,10.09000015258789,0,0.0,10.140000152587891,10.119750165939331,47.05488242499349,-0.43528498035538876,1237.8800048828125,10852.26953125,20.520000457763672,-0.002949535505758901,0.004286248459518117
2023-01-20,10.130000114440918,10.15999984741211,10.130000114440918,10.15999984741211,700,0.003964317269387507,10.132000160217284,10.123250150680542,57.13898300222357,-0.4352064564603006,1232.1800537109375,11140.4296875,19.850000381469727,-0.0013006495075789843,0.006021581249971437
2023-01-23,10.145000457763672,10.164999961853027,10.130000114440918,10.140000343322754,15400,0.001480784121746348,10.125000190734863,10.12750015258789,56.09384365755842,-0.43355745466344964,1230.030029296875,11364.41015625,19.809999465942383,0.0018150337970446184,0.0020031837127854157
2023-01-24,10.140000343322754,10.149999618530273,10.130000114440918,10.135000228881836,11200,-0.0004928648807591696,10.119000244140626,10.131500148773194,52.496372951445316,-0.4340285980339785,1229.280029296875,11334.26953125,19.200000762939453,0.0016507455034582286,0.002233446514549118
2023-01-25,10.0649995803833,10.128999710083008,10.010000228881836,10.128999710083008,2900,-0.007396524694285755,10.114000129699708,10.131750106811523,35.847088113505706,-0.43495966707573785,1232.6600341796875,11313.3603515625,19.079999923706055,-0.0021362018177661923,0.004661230542485434
2023-01-26,10.300000190734863,10.720000267028809,8.5600004196167,9.510000228881836,495800,0.02334829807738692,10.156000137329102,10.143750095367432,65.30423279197973,-0.3796676272343879,1232.5899658203125,11512.41015625,18.729999542236328,0.005152969500780665,0.01613126207750725
2023-01-27,10.5600004196167,10.949999809265137,10.020000457763672,10.949999809265137,590000,0.025242740200695613,10.242000198364257,10.16675009727478,77.02551232174986,-0.3691005544953837,1231.8499755859375,11621.7099609375,18.510000228881836,0.013731504527932259,0.01832191152284104
2023-01-30,10.449999809265137,12.199999809265137,10.119999885559082,10.40999984741211,173200,-0.010416724051186654,10.30300006866455,10.18425006866455,67.05765173672498,-0.41585592517072284,1228.949951171875,11393.8095703125,19.940000534057617,0.012724771408965293,0.020063495130181495
2023-01-31,10.020000457763672,11.0,10.020000457763672,10.699999809265137,127000,-0.04114826405261951,10.279000091552735,10.17925009727478,44.31326941985214,-0.4210385022465402,1231.5,11584.5498046875,19.399999618530273,-0.008774082634370184,0.033225969730906385
2023-02-01,10.329999923706055,10.600000381469727,10.079999923706055,10.600000381469727,429100,0.03093806903992613,10.332000160217286,10.189250087738037,55.06279254510114,-0.38714983266635794,1232.1500244140625,11816.3203125,17.8700008392334,-0.006875639687960011,0.03617339234206513
2023-02-02,10.15999984741211,10.75,10.020000457763672,10.420000076293945,17300,-0.01645692909482177,10.304000091552734,10.190250062942505,49.713881775594594,-0.43334431837678183,1221.949951171875,12200.8203125,18.729999542236328,-0.008889041369171716,0.0366341991608032
2023-02-03,10.270000457763672,10.579999923706055,10.130000114440918,10.579999923706055,11600,0.010826831890118793,10.24600009918213,10.196250104904175,52.43203676453482,-0.43398372723678524,1224.9000244140625,12006.9501953125,18.329999923706055,0.008435990611741051,0.023787781602368593
2023-02-06,10.225000381469727,10.225000381469727,10.225000381469727,10.225000381469727,300,-0.00438170148862338,10.201000213623047,10.199500131607056,51.4585101983726,-0.4352513272574938,1246.75,11887.4501953125,19.43000030517578,-0.0033372662311087855,0.013671833714838552
2023-02-07,10.25,10.600000381469727,10.25,10.579999923706055,3500,0.002444950376293331,10.247000122070313,10.20400013923645,54.37116020247501,-0.43489236087994804,1261.22998046875,12113.7900390625,18.65999984741211,0.002963360259262915,0.00761750835169541
2023-02-08,10.039999961853027,10.635000228881836,10.039999961853027,10.399999618530273,66400,-0.02048780859970467,10.189000129699707,10.197750139236451,48.77417152753729,-0.4278364280213136,1255.3499755859375,11910.51953125,19.6299991607666,-0.007474853237344907,0.011775124176341783
2023-02-09,10.100000381469727,10.220000267028809,10.039999961853027,10.199999809265137,38500,0.005976137434728246,10.17700023651123,10.19425015449524,49.27151710939579,-0.43096616612554095,1260.469970703125,11789.580078125,20.709999084472656,-0.004022240262894365,0.014368490734974301
2023-02-10,10.069999694824219,10.149999618530273,10.039999961853027,10.039999961853027,13300,-0.0029703649022181366,10.13700008392334,10.189250135421753,48.1924298726468,-0.4337930263487141,1264.550048828125,11718.1201171875,20.530000686645508,-0.005827345355731521,0.013461309851279808
2023-02-13,10.0649995803833,10.0649995803833,10.039999961853027,10.041000366210938,6200,-0.0004965357092798772,10.104999923706055,10.18350009918213,48.1924298726468,-0.4345894829988938,1266.8699951171875,11891.7900390625,20.34000015258789,0.0008364122744100774,0.004619798562888252
2023-02-14,10.050000190734863,10.140000343322754,10.050000190734863,10.050000190734863,32500,-0.0014902523868626227,10.064999961853028,10.177500104904174,49.62746214207874,-0.4316392280834393,1272.93994140625,11960.150390625,18.90999984741211,-0.0016523843327868788,0.001244858544122796
2023-02-15,10.095000267028809,10.095000267028809,10.095000267028809,10.095000267028809,600,0.004477619446756842,10.076000022888184,10.17775011062622,44.38322560810824,-0.4352176741595989,1272.25,12070.58984375,18.229999542236328,0.0008302771168714473,0.003197529947061816
2023-02-16,10.039999961853027,10.039999961853027,10.039999961853027,10.039999961853027,400,-0.0054482717900877775,10.063999938964844,10.175250101089478,33.950318072094134,-0.43524010955819553,1283.719970703125,11855.830078125,20.170000076293945,-0.0008203015767311861,0.004996744417859921
2023-02-17,10.029999732971191,10.140000343322754,10.029999732971191,10.140000343322754,6400,-0.000996038737035021,10.055999946594238,10.170250082015992,36.183878904945,-0.4345670476002972,1288.9599609375,11787.26953125,20.020000457763672,-0.0006555636934553188,0.004971697059646022
2023-02-21,10.029999732971191,10.050000190734863,10.0,10.029999732971191,14800,0.0,10.048999977111816,10.164500045776368,50.45803379926358,-0.43362476085923946,1296.1099853515625,11492.2998046875,22.8700008392334,-0.002148103509040933,0.0029010957074594415
2023-02-22,10.029999732971191,10.050000190734863,10.029999732971191,10.039999961853027,4400,0.0,10.044999885559083,10.159000015258789,30.768706726710604,-0.4347914015862633,1305.8299560546875,11507.0703125,22.290000915527344,-0.000332012912345007,0.0005750632329506851
2023-02-23,10.029999732971191,10.029999732971191,10.029999732971191,10.029999732971191,0,0.0,10.031999778747558,10.157250022888183,39.34337727525569,-0.43528498035538876,1302.8299560546875,11590.400390625,21.139999389648438,0.0,0.0
2023-02-24,10.029999732971191,10.069999694824219,10.029999732971191,10.029999732971191,177600,0.0,10.029999732971191,10.14375,25.99924531968962,-0.4153623464015974,1298.0799560546875,11394.9404296875,21.670000076293945,0.0,0.0
2023-02-27,10.029999732971191,10.029999732971191,10.029999732971191,10.029999732971191,300,0.0,10.029999732971191,10.117249965667725,28.570519537593924,-0.4352513272574938,1313.699951171875,11466.98046875,20.950000762939453,0.0,0.0
2023-02-28,10.100000381469727,10.100000381469727,10.09000015258789,10.100000381469727,300,0.006979127653256478,10.043999862670898,10.099749994277953,34.99911539557506,-0.4352513272574938,1318.3499755859375,11455.5400390625,20.700000762939453,0.0023263758844188263,0.00402940122931642
2023-03-01,10.029999732971191,10.100000381469727,10.029999732971191,10.100000381469727,4800,-0.006930757015312983,10.043999862670898,10.10024995803833,48.609198690964604,-0.43474653078907005,1321.5999755859375,11379.48046875,20.579999923706055,1.6123545981165204e-05,0.006954956351392685
2023-03-02,10.039999961853027,10.039999961853027,10.029999732971191,10.039999961853027,700,0.0009970318193490701,10.045999908447266,10.085749959945678,40.320764682917755,-0.4352064564603006,1305.72998046875,11462.98046875,19.59000015258789,0.00034846748576418857,0.006977585516804863
2023-03-03,10.045000076293945,10.050000190734863,10.039999961853027,10.039999961853027,1000,0.000498019368517566,10.048999977111816,10.079999971389771,45.61188844608411,-0.4351728033624057,1311.06005859375,11689.009765625,18.489999771118164,-0.0018119019424821154,0.004440074469984281
2023-03-06,10.039999961853027,10.0649995803833,10.039999961853027,10.039999961853027,700,-0.0004977714686850154,10.051000022888184,10.068499946594239,45.61188844608411,-0.4352064564603006,1294.780029296875,11675.740234375,18.610000610351562,0.00033242657306054024,0.0007610354445819778
2023-03-07,10.039999961853027,10.050000190734863,10.039999961853027,10.045000076293945,4500,0.0,10.038999938964844,10.059249925613404,48.145625566496534,-0.434780183886965,1299.0,11530.330078125,19.59000015258789,8.263327751685996e-08,0.0004978954237443881
2023-03-08,10.039999961853027,10.039999961853027,10.039999961853027,10.039999961853027,0,0.0,10.04099998474121,10.048749923706055,37.775483840596394,-0.43528498035538876,1317.9000244140625,11576.0,19.110000610351562,-0.00016592382289500515,0.00028738849144065306
2023-03-09,10.039999961853027,10.039999961853027,10.039999961853027,10.039999961853027,1300,0.0,10.04099998474121,10.048749923706055,49.99588274005183,-0.4351391502645108,1316.449951171875,11338.349609375,22.610000610351562,0.0,0.0
2023-03-10,10.039999961853027,10.039999961853027,10.039999961853027,10.039999961853027,0,0.0,10.039999961853027,10.04574990272522,53.12038926940897,-0.43528498035538876,1325.550048828125,11138.8896484375,24.799999237060547,0.0,0.0
2023-03-13,10.039999961853027,10.039999961853027,10.039999961853027,10.039999961853027,0,0.0,10.039999961853027,10.04424991607666,53.12038926940897,-0.43528498035538876,1319.5400390625,11188.83984375,26.520000457763672,0.0,0.0
2023-03-14,10.039999961853027,10.043000221252441,10.039999961853027,10.039999961853027,2300,0.0,10.039999961853027,10.042999935150146,53.12038926940897,-0.43502697327152773,1296.3800048828125,11428.150390625,23.729999542236328,0.0,0.0
2023-03-15,10.039999961853027,10.039999961853027,10.039999961853027,10.039999961853027,0,0.0,10.039999961853027,10.042499923706055,53.12038926940897,-0.43528498035538876,1304.5799560546875,11434.0498046875,26.139999389648438,0.0,0.0
2023-03-16,10.039999961853027,10.039999961853027,10.039999961853027,10.039999961853027,0,0.0,10.039999961853027,10.039749908447266,53.12038926940897,-0.43528498035538876,1311.739990234375,11717.2802734375,22.989999771118164,0.0,0.0
2023-03-17,10.09000015258789,10.09000015258789,10.0600004196167,10.0600004196167,4200,0.004980098697693114,10.05,10.042249917984009,64.28139646138308,-0.4348138369848599,1301.6199951171875,11630.509765625,25.510000228881836,0.001660032899231038,0.0028752613237040692
2023-03-20,10.09000015258789,10.09000015258789,10.09000015258789,10.09000015258789,0,0.0,10.060000038146972,10.045249938964844,46.42388042713451,-0.43528498035538876,1307.6500244140625,11675.5400390625,24.149999618530273,0.001660032899231038,0.0028752613237040692
2023-03-21,10.09000015258789,10.09000015258789,10.09000015258789,10.09000015258789,100,0.0,10.070000076293946,10.048249959945679,92.83847802074894,-0.43527376265609047,1304.93994140625,11860.1103515625,21.3799991607666,0.001660032899231038,0.0028752613237040692
2023-03-22,10.09000015258789,10.09000015258789,10.09000015258789,10.09000015258789,0,0.0,10.080000114440917,10.051249980926514,91.64515049392767,-0.43528498035538876,1303.43994140625,11669.9599609375,22.260000228881836,0.0,0.0
2023-03-23,10.09000015258789,10.09000015258789,10.09000015258789,10.09000015258789,0,0.0,10.09000015258789,10.054250001907349,90.8857988392348,-0.43528498035538876,1298.25,11787.400390625,22.610000610351562,0.0,0.0
2023-03-24,10.09000015258789,10.09000015258789,10.09000015258789,10.09000015258789,0,0.0,10.09000015258789,10.057250022888184,99.97200794455674,-0.43528498035538876,1286.2900390625,11823.9599609375,21.739999771118164,0.0,0.0
2023-03-27,10.069999694824219,10.069999694824219,10.069999694824219,10.069999694824219,2900,-0.0019822058930833997,10.086000061035156,10.059250020980835,71.41389952976681,-0.43495966707573785,1294.8299560546875,11768.83984375,20.600000381469727,-0.0006607352976944666,0.0011444271059610764
2023-03-28,10.069999694824219,10.069999694824219,10.069999694824219,10.069999694824219,0,0.0,10.081999969482421,10.05774998664856,71.41389952976681,-0.43528498035538876,1297.800048828125,11716.080078125,19.969999313354492,-0.0006607352976944666,0.0011444271059610764
2023-03-29,10.069999694824219,10.069999694824219,10.069999694824219,10.069999694824219,0,0.0,10.077999877929688,10.059749984741211,71.41389952976681,-0.43528498035538876,1296.97998046875,11926.240234375,19.1200008392334,-0.0006607352976944666,0.0011444271059610764
2023-03-30,10.079999923706055,10.093000411987305,10.079999923706055,10.093000411987305,2200,0.0009930714185597544,10.07599983215332,10.061749982833863,74.98657947255477,-0.435038190970826,1307.1300048828125,12013.4697265625,19.020000457763672,0.00033102380618658483,0.0005733500508302244
2023-03-31,10.079999923706055,10.079999923706055,10.079999923706055,10.079999923706055,0,0.0,10.073999786376953,10.063499975204468,74.98657947255477,-0.43528498035538876,1296.5,12221.91015625,18.700000762939453,0.00033102380618658483,0.0005733500508302244
2023-04-03,10.09000015258789,10.09000015258789,10.09000015258789,10.09000015258789,300,0.0009920862061036928,10.077999877929688,10.065999984741211,77.76544560712809,-0.4352513272574938,1305.47998046875,12189.4501953125,18.549999237060547,0.000661719208221149,0.0005730658562135547
2023-04-04,10.09000015258789,10.09000015258789,10.09000015258789,10.09000015258789,0,0.0,10.081999969482421,10.068499994277953,77.76544560712809,-0.43528498035538876,1308.050048828125,12126.330078125,19.0,0.00033069540203456427,0.0005727812381535085
2023-04-05,10.100000381469727,10.100000381469727,10.100000381469727,10.100000381469727,5700,0.0009911029465416998,10.088000106811524,10.071500015258788,79.98861101165448,-0.4346455714953853,1312.4100341796875,11996.8603515625,19.079999923706055,0.0006610630508817975,0.000572497606659595
2023-04-06,10.100000381469727,10.100000381469727,10.100000381469727,10.100000381469727,0,0.0,10.092000198364257,10.074500036239623,59.9832050869807,-0.43528498035538876,1316.2099609375,12087.9599609375,18.399999618530273,0.0003303676488472333,0.0005722135529807088
2023-04-10,10.100000381469727,10.100000381469727,10.09000015258789,10.095000267028809,1300,0.0,10.096000289916992,10.077500057220458,59.9832050869807,-0.4351391502645108,1315.449951171875,12084.3603515625,18.969999313354492,0.0003303676488472333,0.0005722135529807088
2023-04-11,10.100000381469727,10.100000381469727,10.09000015258789,10.100000381469727,9100,0.0,10.09800033569336,10.080500078201293,59.9832050869807,-0.4342641697192429,1320.8800048828125,12031.8798828125,19.100000381469727,0.0,0.0
2023-04-12,10.100000381469727,10.100000381469727,10.100000381469727,10.100000381469727,0,0.0,10.100000381469727,10.083500099182128,59.9832050869807,-0.43528498035538876,1322.0899658203125,11929.33984375,19.09000015258789,0.0,0.0
2023-04-13,10.100000381469727,10.100000381469727,10.100000381469727,10.100000381469727,5000,0.0,10.100000381469727,10.086500120162963,59.9832050869807,-0.43472409539047346,1322.8299560546875,12166.26953125,17.799999237060547,0.0,0.0
2023-04-14,10.100000381469727,10.100000381469727,10.100000381469727,10.100000381469727,0,0.0,10.100000381469727,10.089500141143798,59.9832050869807,-0.43528498035538876,1301.4300537109375,12123.4697265625,17.06999969482422,0.0,0.0
2023-04-17,10.100000381469727,10.100000381469727,10.100000381469727,10.100000381469727,0,0.0,10.100000381469727,10.09000015258789,99.9533561680475,-0.43528498035538876,1303.3800048828125,12157.7197265625,16.950000762939453,0.0,0.0
2023-04-18,10.100000381469727,10.100000381469727,10.100000381469727,10.100000381469727,0,0.0,10.100000381469727,10.090500164031983,99.9533561680475,-0.43528498035538876,1316.0699462890625,12153.41015625,16.829999923706055,0.0,0.0
2023-04-19,10.109999656677246,10.109999656677246,10.109999656677246,10.109999656677246,200,0.0009900272108767094,10.10200023651123,10.09150013923645,99.96501221235872,-0.4352625449567921,1315.9000244140625,12157.23046875,16.459999084472656,0.00033000907029223647,0.0005715924767049498
2023-04-20,10.109999656677246,10.154999732971191,10.109999656677246,10.109999656677246,1700,0.0,10.104000091552734,10.092500114440918,99.95335468595846,-0.43509427946731755,1326.760009765625,12059.5595703125,17.170000076293945,0.00033000907029223647,0.0005715924767049498
2023-04-21,10.145000457763672,10.145000457763672,10.145000457763672,10.145000457763672,300,0.0034619982467862798,10.113000106811523,10.095250129699707,99.978466353404,-0.4352513272574938,1323.5999755859375,12072.4599609375,16.770000457763672,0.001484008485887663,0.0017830791037511953
2023-04-24,10.145000457763672,10.145000457763672,10.145000457763672,10.145000457763672,0,0.0,10.122000122070313,10.098000144958496,99.97455207340116,-0.43528498035538876,1329.3800048828125,12037.2001953125,16.889999389648438,0.0011539994155954265,0.0019987856197161364
2023-04-25,10.119999885559082,10.119999885559082,10.109999656677246,10.109999656677246,1600,-0.00246432440379607,10.126000022888183,10.10050015449524,68.73759852723799,-0.43510549716661584,1332.800048828125,11799.16015625,18.760000228881836,0.0003325579476634033,0.0029771246415152292
2023-04-26,10.1899995803833,10.1899995803833,10.1899995803833,10.1899995803833,100,0.006916965969941069,10.142000007629395,10.106500148773193,82.13427880961629,-0.43527376265609047,1341.0,11854.349609375,18.84000015258789,0.0014842138553816664,0.004863570740255941
2023-04-27,10.1899995803833,10.1899995803833,10.1899995803833,10.1899995803833,0,0.0,10.157999992370605,10.112500143051147,82.13427880961629,-0.43528498035538876,1337.8299560546875,12142.240234375,17.030000686645508,0.0014842138553816664,0.004863570740255941
2023-04-28,10.1899995803833,10.1899995803833,10.1899995803833,10.1899995803833,0,0.0,10.166999816894531,10.11800012588501,82.13427880961629,-0.43528498035538876,1339.3900146484375,12226.580078125,15.779999732971191,0.00230565532331369,0.003993512164720991
2023-05-01,10.1899995803833,10.1899995803833,10.1899995803833,10.1899995803833,0,0.0,10.175999641418457,10.123500108718872,82.13427880961629,-0.43528498035538876,1337.1700439453125,12212.599609375,16.079999923706055,0.0,0.0
2023-05-02,10.1899995803833,10.1899995803833,10.1899995803833,10.1899995803833,0,0.0,10.1899995803833,10.128500080108642,82.13427880961629,-0.43528498035538876,1342.7900390625,12080.509765625,17.780000686645508,0.0,0.0
2023-05-03,10.1899995803833,10.1899995803833,10.1899995803833,10.1899995803833,0,0.0,10.1899995803833,10.133500051498412,82.13427880961629,-0.43528498035538876,1342.300048828125,12025.330078125,18.34000015258789,0.0,0.0
2023-05-04,10.119999885559082,10.119999885559082,10.119999885559082,10.119999885559082,100,-0.006869450216560824,10.175999641418457,10.13450002670288,54.7581352812637,-0.43527376265609047,1335.22998046875,11966.400390625,20.09000015258789,-0.002289816738853608,0.003966078931716156
2023-05-05,10.119999885559082,10.119999885559082,10.119999885559082,10.119999885559082,100,0.0,10.161999702453613,10.13550000190735,54.7581352812637,-0.43527376265609047,1320.1500244140625,12235.41015625,17.190000534057617,-0.002289816738853608,0.003966078931716156
2023-05-08,10.119999885559082,10.119999885559082,10.119999885559082,10.119999885559082,0,0.0,10.14799976348877,10.136499977111816,54.7581352812637,-0.43528498035538876,1316.9599609375,12256.919921875,16.979999542236328,-0.002289816738853608,0.003966078931716156
2023-05-09,10.1899995803833,10.1899995803833,10.180000305175781,10.180000305175781,19700,0.006916965969941069,10.14799976348877,10.140999937057495,64.81141498283432,-0.4330750935936225,1322.4100341796875,12179.5498046875,17.709999084472656,0.00230565532331369,0.003993512164720991
2023-05-10,10.199999809265137,10.210000038146973,10.199999809265137,10.199999809265137,400,0.0009813767707200771,10.149999809265136,10.145999908447266,66.06811300969564,-0.43524010955819553,1326.050048828125,12306.4404296875,16.940000534057617,0.0026327809135537152,0.0037425200453113203
2023-05-11,10.199999809265137,10.199999809265137,10.199999809265137,10.199999809265137,0,0.0,10.165999794006348,10.150999879837036,61.220864355503195,-0.43528498035538876,1318.050048828125,12328.509765625,16.93000030517578,0.0026327809135537152,0.0037425200453113203
2023-05-12,10.199999809265137,10.199999809265137,10.199999809265137,10.199999809265137,0,0.0,10.181999778747558,10.155999851226806,61.220864355503195,-0.43528498035538876,1329.8800048828125,12284.740234375,17.030000686645508,0.0003271255902400257,0.0005665981427519123
2023-05-15,10.199999809265137,10.199999809265137,10.199999809265137,10.199999809265137,0,0.0,10.19799976348877,10.160999822616578,68.1775190070382,-0.43528498035538876,1341.52001953125,12365.2099609375,17.1200008392334,0.0,0.0
2023-05-16,10.25,10.25,10.229999542236328,10.229999542236328,100700,0.00490197957547478,10.20999984741211,10.16849980354309,64.99556951519824,-0.4239887571619947,1335.4000244140625,12343.0498046875,17.989999771118164,0.0016339931918249266,0.0028301592274624587
2023-05-17,10.25,10.25,10.25,10.25,0,0.0,10.219999885559082,10.175499820709229,64.99556951519824,-0.43528498035538876,1342.4300537109375,12500.5703125,16.8700008392334,0.0016339931918249266,0.0028301592274624587
2023-05-18,10.25,10.25,10.25,10.25,0,0.0,10.229999923706055,10.182499837875366,64.99556951519824,-0.43528498035538876,1334.1500244140625,12688.83984375,16.049999237060547,0.0016339931918249266,0.0028301592274624587
2023-05-19,10.270000457763672,10.270000457763672,10.270000457763672,10.270000457763672,200,0.001951264172065592,10.244000053405761,10.188749837875367,68.17765694483295,-0.4352625449567921,1334.739990234375,12657.900390625,16.809999465942383,0.0006504213906885307,0.0011265628950022594
2023-05-22,10.270000457763672,10.270000457763672,10.270000457763672,10.270000457763672,0,0.0,10.25800018310547,10.194999837875367,68.17765694483295,-0.43528498035538876,1324.2099609375,12720.7802734375,17.209999084472656,0.0006504213906885307,0.0011265628950022594
2023-05-23,10.25,10.270000457763672,10.25,10.270000457763672,35700,-0.0019474641550334404,10.25800018310547,10.201499843597412,62.4964040578269,-0.4312802617058935,1313.8299560546875,12560.25,18.530000686645508,1.2666723440505716e-06,0.0019493644721999752
2023-05-24,10.260000228881836,10.260000228881836,10.260000228881836,10.260000228881836,200,0.000975632086032796,10.260000228881836,10.204999876022338,88.88179930328111,-0.4352625449567921,1319.8399658203125,12484.16015625,20.030000686645508,-0.0003239440230002148,0.0014882297222412692
2023-05-25,10.25,10.25,10.25,10.25,200,-0.0009746811558235535,10.260000228881836,10.207999897003173,84.20408409663355,-0.4352625449567921,1318.52001953125,12698.08984375,19.139999389648438,-0.000648837741608066,0.0014885406801881014
2023-05-26,10.199999809265137,10.199999809265137,10.199999809265137,10.199999809265137,100,-0.004878067388767171,10.24600009918213,10.208499908447266,66.66264558569654,-0.43527376265609047,1330.8900146484375,12975.6904296875,17.950000762939453,-0.001625705486185976,0.002980658298826199
2023-05-30,10.220000267028809,10.220000267028809,10.220000267028809,10.220000267028809,200,0.0019608292291832807,10.236000061035156,10.209999942779541,57.89055052909792,-0.4352625449567921,1324.5899658203125,13017.4296875,17.459999084472656,-0.001297306438469148,0.003430844217172415
2023-05-31,10.25,10.380000114440918,10.25,10.380000114440918,300,0.002935394538880365,10.236000061035156,10.212999963760376,61.900570363098744,-0.4352513272574938,1319.7900390625,12935.2900390625,17.940000534057617,6.052126432158171e-06,0.0042577472875664785
2023-06-01,10.25,10.25,10.25,10.25,0,0.0,10.23400001525879,10.215999984741211,61.900570363098744,-0.43528498035538876,1321.739990234375,13100.98046875,15.649999618530273,0.0016320745893545485,0.0014950568499656203
2023-06-02,10.23900032043457,10.23900032043457,10.23900032043457,10.23900032043457,100,-0.0010731394697980345,10.231800079345703,10.221950006484985,58.81985406205266,-0.43527376265609047,1312.8499755859375,13240.76953125,14.600000381469727,0.0006207516896941101,0.002075111013868092
2023-06-05,10.23900032043457,10.23900032043457,10.23900032043457,10.23900032043457,0,0.0,10.23960018157959,10.22790002822876,58.81985406205266,-0.43528498035538876,1305.1400146484375,13229.4296875,14.729999542236328,-0.00035771315659934483,0.000619577361766116
2023-06-06,10.23900032043457,10.23900032043457,10.23900032043457,10.23900032043457,0,0.0,10.243400192260742,10.233850049972535,46.77991650027808,-0.43528498035538876,1299.7900390625,13276.419921875,13.960000038146973,-0.00035771315659934483,0.000619577361766116
2023-06-07,10.23900032043457,10.23900032043457,10.23900032043457,10.23900032043457,0,0.0,10.241200256347657,10.236300086975097,46.77991650027808,-0.43528498035538876,1299.199951171875,13104.900390625,13.9399995803833,0.0,0.0
2023-06-08,10.23900032043457,10.23900032043457,10.23900032043457,10.23900032043457,0,0.0,10.23900032043457,10.238250112533569,46.77991650027808,-0.43528498035538876,1308.3399658203125,13238.51953125,13.649999618530273,0.0,0.0
2023-06-09,10.23900032043457,10.23900032043457,10.23900032043457,10.23900032043457,100,0.0,10.23900032043457,10.24020013809204,39.731436565079406,-0.43527376265609047,1296.3299560546875,13259.1396484375,13.829999923706055,0.0,0.0
2023-06-12,10.199999809265137,10.199999809265137,10.199999809265137,10.199999809265137,100,-0.0038090155238689194,10.231200218200684,10.24020013809204,31.57659427285499,-0.43527376265609047,1286.68994140625,13461.919921875,15.010000228881836,-0.0012696718412896397,0.002199136138053242
2023-06-13,10.199999809265137,10.199999809265137,10.199999809265137,10.199999809265137,0,0.0,10.223400115966797,10.24020013809204,35.291244325810524,-0.43528498035538876,1284.5799560546875,13573.3203125,14.609999656677246,-0.0012696718412896397,0.002199136138053242
2023-06-14,10.199999809265137,10.199999809265137,10.199000358581543,10.199999809265137,27600,0.0,10.21560001373291,10.237700128555298,31.24722862846771,-0.4321888953490563,1267.6199951171875,13626.48046875,13.880000114440918,-0.0012696718412896397,0.002199136138053242
2023-06-15,10.199999809265137,10.199999809265137,10.199999809265137,10.199999809265137,0,0.0,10.207799911499023,10.235200119018554,33.33022252443118,-0.43528498035538876,1273.989990234375,13782.8203125,14.5,0.0,0.0
2023-06-16,10.199999809265137,10.199999809265137,10.199999809265137,10.199999809265137,0,0.0,10.199999809265137,10.232700109481812,49.993001006558124,-0.43528498035538876,1270.050048828125,13689.5703125,13.539999961853027,0.0,0.0
2023-06-20,10.199999809265137,10.199999809265137,10.199999809265137,10.199999809265137,0,0.0,10.199999809265137,10.229200077056884,37.4931406706172,-0.43528498035538876,1283.239990234375,13667.2900390625,13.880000114440918,0.0,0.0
2023-06-21,10.25,10.279999732971191,10.220000267028809,10.220000267028809,45800,0.00490197957547478,10.20999984741211,10.2282000541687,49.993001006558124,-0.4301472740767646,1287.5400390625,13502.2001953125,13.199999809265137,0.0016339931918249266,0.0028301592274624582
2023-06-22,10.25,10.25,10.25,10.25,0,0.0,10.219999885559082,10.2282000541687,49.993001006558124,-0.43528498035538876,1288.3800048828125,13630.6103515625,12.90999984741211,0.0016339931918249266,0.0028301592274624582
2023-06-23,10.25,10.25,10.239999771118164,10.25,315800,0.0,10.229999923706055,10.22770004272461,56.17071075362406,-0.3998594859713386,1298.2099609375,13492.51953125,13.4399995803833,0.0016339931918249266,0.0028301592274624582
2023-06-26,10.300000190734863,10.300000190734863,10.279999732971191,10.300000190734863,10300,0.004878067388767171,10.25,10.230200052261353,71.93501327177711,-0.43412955732766323,1307.6700439453125,13335.7802734375,14.25,0.0016260224629223903,0.002816353520029908
2023-06-27,10.399999618530273,10.399999618530273,10.300000190734863,10.300000190734863,98500,0.009708682130449064,10.289999961853027,10.24020004272461,83.67691479803456,-0.4242355465465574,1302.6600341796875,13555.669921875,13.739999771118164,0.0048622498397387455,0.004854360392849759
2023-06-28,10.5,10.5,10.359999656677246,10.380000114440918,65000,0.00961542164785767,10.339999961853028,10.25420002937317,88.49179373334455,-0.4279934758114899,1296.5999755859375,13591.75,13.430000305175781,0.008067390389024634,0.002762428330180174
2023-06-29,10.449999809265137,10.475000381469727,10.4399995803833,10.449999809265137,5500,-0.004761922927129847,10.379999923706055,10.264200019836426,77.1179192394404,-0.43466800689398194,1309.010009765625,13591.330078125,13.539999961853027,0.004854060283725629,0.008327816293182407
2023-06-30,10.449999809265137,10.449999809265137,10.449999809265137,10.449999809265137,0,0.0,10.419999885559083,10.274200010299683,77.1179192394404,-0.43528498035538876,1323.0699462890625,13787.919921875,13.59000015258789,0.001617832906909274,0.007323936560551976
2023-07-03,10.449999809265137,10.449999809265137,10.449999809265137,10.449999809265137,0,0.0,10.449999809265137,10.284749984741211,85.71081835984813,-0.43528498035538876,1315.300048828125,13816.76953125,13.569999694824219,-0.0015873076423766157,0.00274929748383872
2023-07-05,10.4399995803833,10.4399995803833,10.4399995803833,10.4399995803833,16800,-0.0009569597190776102,10.457999801635742,10.294799947738648,83.33000442451662,-0.43340040687327336,1295.5,13791.650390625,14.180000305175781,-0.0003189865730258701,0.0005525009514133461
2023-07-06,10.4399995803833,10.4399995803833,10.4399995803833,10.4399995803833,0,0.0,10.445999717712402,10.304849910736085,83.33000442451662,-0.43528498035538876,1302.969970703125,13679.0400390625,15.4399995803833,-0.0003189865730258701,0.0005525009514133461
2023-07-07,10.40999984741211,10.40999984741211,10.40999984741211,10.40999984741211,300,-0.002873537756415301,10.437999725341797,10.31339988708496,76.92029687395369,-0.4352513272574938,1309.219970703125,13660.7197265625,14.829999923706055,-0.0012768324918309704,0.001463230587586266
2023-07-10,10.40999984741211,10.40999984741211,10.40999984741211,10.40999984741211,300,0.0,10.429999732971192,10.321949863433838,76.92029687395369,-0.4352513272574938,1297.3699951171875,13685.48046875,15.069999694824219,-0.0009578459188051003,0.0016590377971930136
2023-07-11,10.40999984741211,10.4399995803833,10.40999984741211,10.4399995803833,2800,0.0,10.421999740600587,10.330499839782714,76.92029687395369,-0.4349708847750362,1299.5400390625,13760.7001953125,14.84000015258789,-0.0009578459188051003,0.0016590377971930136
2023-07-12,10.390000343322754,10.399999618530273,10.390000343322754,10.399999618530273,1000,-0.0019211819771858263,10.411999893188476,10.339999866485595,69.44181015447593,-0.4351728033624057,1291.510009765625,13918.9599609375,13.539999961853027,-0.0006403939923952754,0.0011091949316906233
2023-07-13,10.390000343322754,10.390000343322754,10.390000343322754,10.390000343322754,0,0.0,10.402000045776367,10.349499893188476,69.44181015447593,-0.43528498035538876,1274.699951171875,14138.5703125,13.609999656677246,-0.0006403939923952754,0.0011091949316906233
2023-07-14,10.390000343322754,10.390000343322754,10.390000343322754,10.390000343322754,0,0.0,10.398000144958496,10.358999919891357,69.44181015447593,-0.43528498035538876,1266.8299560546875,14113.7001953125,13.34000015258789,-0.0006403939923952754,0.0011091949316906233
2023-07-17,10.4399995803833,10.4399995803833,10.4399995803833,10.4399995803833,2200,0.00481224594883467,10.404000091552735,10.370999908447265,69.4417292057745,-0.435038190970826,1268.3399658203125,14244.9501953125,13.479999542236328,0.00160408198294489,0.0027783514939664347
2023-07-18,10.510000228881836,10.569999694824219,10.510000228881836,10.510000228881836,159300,0.006705043229126684,10.42400016784668,10.386499929428101,66.66393482984193,-0.4174151853731874,1265.449951171875,14353.6396484375,13.300000190734863,0.0038390963926537847,0.0034568289254945745
2023-07-19,10.539999961853027,10.539999961853027,10.510000228881836,10.510000228881836,2700,0.0028543988884748295,10.454000091552734,10.403499937057495,57.68921544892547,-0.4349821024743345,1264.93994140625,14358.01953125,13.760000228881836,0.004790562688812061,0.001925413743166058
2023-07-20,10.520000457763672,10.529999732971191,10.520000457763672,10.520000457763672,25200,-0.001897486163352835,10.480000114440918,10.416999959945679,65.21365611684047,-0.43245812013221563,1265.0899658203125,14063.3095703125,13.989999771118164,0.002553985318082893,0.004309125691143799
2023-07-21,10.510000228881836,10.586999893188477,10.5,10.520000457763672,142900,-0.0009505920576701188,10.504000091552735,10.42999997138977,62.49650336501995,-0.41925488805810956,1278.4000244140625,14032.8095703125,13.600000381469727,2.1068891506252165e-06,0.0025151201460171056
2023-07-24,10.5600004196167,10.600000381469727,10.520000457763672,10.59000015258789,40300,0.0047573919739278825,10.528000259399414,10.445499992370605,68.96235810977603,-0.43076424753817144,1285.6500244140625,14058.8701171875,13.90999984741211,0.0006364379176349763,0.003600117895625388
2023-07-25,10.5600004196167,10.569999694824219,10.550000190734863,10.569999694824219,3200,0.0,10.538000297546386,10.458500003814697,71.42524343615511,-0.434926013977843,1280.530029296875,14144.5595703125,13.859999656677246,0.0012689333054192546,0.0030582534601380582
2023-07-26,10.569999694824219,10.569999694824219,10.5600004196167,10.5600004196167,3200,0.0009469010236917708,10.544000244140625,10.467000007629395,72.410467499886,-0.434926013977843,1274.1199951171875,14127.2802734375,13.1899995803833,0.001901430999206551,0.0025182414904087
2023-07-27,10.569999694824219,10.569999694824219,10.539999961853027,10.5600004196167,61400,0.0,10.554000091552734,10.470499992370605,80.76505114617798,-0.4283973129862289,1275.1700439453125,14050.1103515625,14.40999984741211,0.0003156336745639236,0.0005466935609246399
2023-07-28,10.59000015258789,10.59000015258789,10.5600004196167,10.569999694824219,54200,0.0018921909499642897,10.570000076293946,10.477500009536744,82.13894480597192,-0.42920498733570694,1283.8800048828125,14316.66015625,13.329999923706055,0.0009463639912186869,0.0009460955892957569
2023-07-31,10.569999694824219,10.600000381469727,10.550000190734863,10.571999549865723,31900,-0.0018886173253532812,10.57199993133545,10.483500003814697,76.66313143040118,-0.43170653427922917,1272.3900146484375,14346.01953125,13.630000114440918,1.1912082036695064e-06,0.0018904044191417042
2023-08-01,10.5,10.571000099182129,10.5,10.569999694824219,1700,-0.006622487875614147,10.55999984741211,10.48600001335144,65.71163388930538,-0.43509427946731755,1277.9300537109375,14283.91015625,13.930000305175781,-0.0022063047503343793,0.004266219972139515
2023-08-02,10.5600004196167,10.574999809265137,10.5600004196167,10.569999694824219,15100,0.0057143256777809626,10.557999992370606,10.49200005531311,70.72930918880533,-0.4335911077613446,1289.050048828125,13973.4501953125,16.09000015258789,-0.0009322598410621552,0.006223761474472519
2023-08-03,10.569999694824219,10.59000015258789,10.470000267028809,10.59000015258789,4200,0.0009469010236917708,10.557999992370606,10.498500061035156,71.42615811369097,-0.4348138369848599,1295.3699951171875,13959.7197265625,15.920000076293945,1.2912941952862115e-05,0.006221213102396618
2023-08-04,10.5,10.569999694824219,10.5,10.550000190734863,12400,-0.006622487875614147,10.539999961853027,10.503000068664551,56.8164282071072,-0.43389398564239884,1296.4000244140625,13909.240234375,17.100000381469727,1.2912941952862115e-05,0.006221213102396618
2023-08-07,10.5,10.5,10.5,10.5,0,0.0,10.526000022888184,10.507500076293946,48.64677312346549,-0.43528498035538876,1303.050048828125,13994.400390625,15.770000457763672,-0.0018918622839741255,0.004124108297969035
2023-08-08,10.5,10.5,10.5,10.5,0,0.0,10.526000022888184,10.51200008392334,44.115822270888046,-0.43528498035538876,1307.75,13884.3203125,15.989999771118164,-0.002207495958538049,0.0038234951576908995
2023-08-09,10.5,10.5,10.5,10.5,0,0.0,10.513999938964844,10.517500066757203,46.87287480389462,-0.43528498035538876,1316.6700439453125,13722.01953125,15.960000038146973,0.0,0.0
2023-08-10,10.579999923706055,10.59000015258789,10.520000457763672,10.59000015258789,900,0.0076190403529576844,10.51599998474121,10.527000045776367,58.972216939436954,-0.435184021061704,1313.6400146484375,13737.990234375,15.850000381469727,0.0025396801176525616,0.0043988549987467734
2023-08-11,10.529999732971191,10.5600004196167,10.520000457763672,10.5600004196167,3400,-0.004725915982554119,10.521999931335449,10.534000015258789,46.15209535849995,-0.43490357857924633,1318.3299560546875,13644.849609375,14.84000015258789,0.000964374790134522,0.006228723848695557
2023-08-14,10.529999732971191,10.529999732971191,10.529999732971191,10.529999732971191,0,0.0,10.527999877929688,10.538500022888183,46.15209535849995,-0.43528498035538876,1329.6099853515625,13788.330078125,14.819999694824219,0.000964374790134522,0.006228723848695556
2023-08-15,10.649999618530273,10.694999694824219,10.569999694824219,10.59000015258789,5800,0.011396000816917606,10.557999801635741,10.545499992370605,57.998368416289814,-0.434634353796087,1334.739990234375,13631.0498046875,16.459999084472656,0.002223361611454496,0.00828773509251711
2023-08-16,10.789999961853027,10.789999961853027,10.739999771118164,10.739999771118164,10000,0.01314557261383964,10.615999794006347,10.557999992370606,67.18604194764674,-0.43416321042555817,1338.739990234375,13474.6298828125,16.780000686645508,0.008180524476919082,0.007138346160438754
2023-08-17,10.789999961853027,10.789999961853027,10.789999961853027,10.789999961853027,0,0.0,10.657999801635743,10.571499967575074,66.12752665085915,-0.43528498035538876,1343.3299560546875,13316.9296875,17.889999389648438,0.008180524476919082,0.007138346160438754
2023-08-18,10.789999961853027,10.789999961853027,10.789999961853027,10.789999961853027,100,0.0,10.70999984741211,10.585499954223632,68.3317786601118,-0.43527376265609047,1339.0799560546875,13290.7802734375,17.299999237060547,0.004381857537946547,0.007589599887252107
2023-08-21,10.789999961853027,10.789999961853027,10.789999961853027,10.789999961853027,100,0.0,10.761999893188477,10.59699993133545,77.35645737209505,-0.43527376265609047,1339.1700439453125,13497.58984375,17.1299991607666,0.0,0.0
2023-08-22,10.59000015258789,10.600000381469727,10.59000015258789,10.59000015258789,7200,-0.01853566357481151,10.75,10.59849991798401,52.237697438966016,-0.4344773060059107,1339.739990234375,13505.8701171875,16.969999313354492,-0.00617855452493717,0.010701570354525779
2023-08-23,10.59000015258789,10.59000015258789,10.59000015258789,10.59000015258789,0,0.0,10.710000038146973,10.599499940872192,51.514093821064364,-0.43528498035538876,1339.68994140625,13721.0302734375,15.979999542236328,-0.00617855452493717,0.010701570354525779
2023-08-24,10.59000015258789,10.59000015258789,10.59000015258789,10.59000015258789,0,0.0,10.670000076293945,10.600499963760376,57.62576221207557,-0.43528498035538876,1327.780029296875,13463.9697265625,17.200000762939453,-0.00617855452493717,0.010701570354525779
2023-08-25,10.609999656677246,10.609999656677246,10.609999656677246,10.609999656677246,200,0.001888527271122653,10.634000015258788,10.601499938964844,59.01501593229401,-0.4352625449567921,1326.6199951171875,13590.650390625,15.680000305175781,0.0006295090903742177,0.001090341728354738
2023-08-28,10.609999656677246,10.609999656677246,10.609999656677246,10.609999656677246,0,0.0,10.597999954223633,10.603499937057496,59.01501593229401,-0.43528498035538876,1323.6099853515625,13705.1298828125,15.079999923706055,0.0006295090903742177,0.001090341728354738
2023-08-29,10.609999656677246,10.609999656677246,10.609999656677246,10.609999656677246,100,0.0,10.601999855041504,10.608999919891357,59.01501593229401,-0.43527376265609047,1322.8199462890625,13943.759765625,14.449999809265137,0.0006295090903742177,0.001090341728354738
2023-08-30,10.529999732971191,10.59000015258789,10.529999732971191,10.59000015258789,8100,-0.0075400496036498454,10.589999771118164,10.607499885559083,45.90056794733979,-0.43437634671222597,1321.0699462890625,14019.3095703125,13.880000114440918,-0.002513349867883282,0.0043532496683704
2023-08-31,10.529999732971191,10.529999732971191,10.529999732971191,10.529999732971191,0,0.0,10.577999687194824,10.605499887466431,49.99875003005718,-0.43528498035538876,1323.030029296875,14034.9697265625,13.569999694824219,-0.002513349867883282,0.0043532496683704
2023-09-01,10.539999961853027,10.539999961853027,10.539999961853027,10.539999961853027,39000,0.0009496893765841286,10.56399974822998,10.607499885559083,50.875963943718546,-0.4309100776290494,1324.6400146484375,14031.8095703125,13.09000015258789,-0.002196786742355239,0.004651700869753678
2023-09-05,10.739999771118164,10.739999771118164,10.739999771118164,10.739999771118164,100,0.018975314040700964,10.589999771118164,10.61949987411499,56.92186671345099,-0.43527376265609047,1317.949951171875,14020.9501953125,14.010000228881836,0.006641667805761697,0.010691800576351634
2023-09-06,10.739999771118164,10.739999771118164,10.739999771118164,10.739999771118164,0,0.0,10.615999794006347,10.631499862670898,45.09677559721235,-0.43528498035538876,1331.72998046875,13872.4697265625,14.449999809265137,0.006641667805761697,0.010691800576351634
2023-09-07,10.739999771118164,10.739999771118164,10.739999771118164,10.739999771118164,0,0.0,10.657999801635743,10.643499851226807,45.09677559721235,-0.43528498035538876,1333.4599609375,13748.830078125,14.399999618530273,0.006325104680233655,0.0109554026693564
2023-09-08,10.739999771118164,10.739999771118164,10.739999771118164,10.739999771118164,0,0.0,10.699999809265137,10.651499843597412,45.09677559721235,-0.43528498035538876,1334.02001953125,13761.5302734375,13.84000015258789,0.0,0.0
2023-09-11,10.75,10.75,10.539999961853027,10.539999961853027,200,0.0009311200274628728,10.74199981689453,10.662499856948852,46.15260358256469,-0.4352625449567921,1335.3199462890625,13917.8896484375,13.800000190734863,0.00031037334248762427,0.0005375823985037829
2023-09-12,10.75,10.75,10.75,10.75,0,0.0,10.743999862670899,10.673499870300294,74.99671889041943,-0.43528498035538876,1320.43994140625,13773.6103515625,14.229999542236328,0.00031037334248762427,0.0005375823985037829
2023-09-13,10.75,10.75,10.75,10.75,200,0.0,10.745999908447265,10.678499889373779,74.99671889041943,-0.4352625449567921,1324.0999755859375,13813.58984375,13.479999542236328,0.00031037334248762427,0.0005375823985037829
2023-09-14,10.75,10.75,10.75,10.75,0,0.0,10.747999954223634,10.676499891281129,74.99671889041943,-0.43528498035538876,1329.77001953125,13926.0498046875,12.819999694824219,0.0,0.0
2023-09-15,10.75,10.75,10.75,10.75,0,0.0,10.75,10.674499893188477,73.32995365650328,-0.43528498035538876,1327.06005859375,13708.330078125,13.789999961853027,0.0,0.0
2023-09-18,10.699999809265137,10.699999809265137,10.5600004196167,10.5600004196167,800,-0.004651180533475685,10.739999961853027,10.669999885559083,62.8546364595127,-0.4351952387610023,1328.4200439453125,13710.240234375,14.0,-0.0015503935111585616,0.00268536033305178
2023-09-19,10.699999809265137,10.699999809265137,10.699999809265137,10.699999809265137,200,0.0,10.729999923706055,10.665499877929687,62.8546364595127,-0.4352625449567921,1329.6600341796875,13678.1904296875,14.109999656677246,-0.0015503935111585616,0.00268536033305178
2023-09-20,10.699999809265137,10.699999809265137,10.699999809265137,10.699999809265137,100,0.0,10.719999885559082,10.67099986076355,81.47721749824306,-0.43527376265609047,1328.530029296875,13469.1298828125,15.140000343322754,-0.0015503935111585616,0.00268536033305178
2023-09-21,10.699999809265137,10.699999809265137,10.699999809265137,10.699999809265137,200,0.0,10.70999984741211,10.676499843597412,81.47721749824306,-0.4352625449567921,1332.3399658203125,13223.98046875,17.540000915527344,0.0,0.0
2023-09-22,10.699999809265137,10.699999809265137,10.699999809265137,10.699999809265137,100,0.0,10.699999809265137,10.681999826431275,80.76482546745842,-0.43527376265609047,1341.1700439453125,13211.8095703125,17.200000762939453,0.0,0.0
2023-09-25,10.699999809265137,10.699999809265137,10.699999809265137,10.699999809265137,0,0.0,10.699999809265137,10.686499834060669,16.66304355804074,-0.43528498035538876,1334.6600341796875,13271.3203125,16.899999618530273,0.0,0.0
2023-09-26,10.699999809265137,10.699999809265137,10.699999809265137,10.699999809265137,0,0.0,10.699999809265137,10.690999841690063,16.66304355804074,-0.43528498035538876,1338.449951171875,13063.6103515625,18.940000534057617,0.0,0.0
2023-09-27,10.699999809265137,10.699999809265137,10.699999809265137,10.699999809265137,0,0.0,10.699999809265137,10.695499849319457,16.66304355804074,-0.43528498035538876,1353.75,13092.849609375,18.219999313354492,0.0,0.0
2023-09-28,10.699999809265137,10.699999809265137,10.699999809265137,10.699999809265137,0,0.0,10.699999809265137,10.703999853134155,16.66304355804074,-0.43528498035538876,1352.8199462890625,13201.2802734375,17.34000015258789,0.0,0.0
2023-09-29,10.699999809265137,10.699999809265137,10.699999809265137,10.699999809265137,500,0.0,10.699999809265137,10.712499856948853,0.0,-0.43522889185889724,1347.8499755859375,13219.3203125,17.520000457763672,0.0,0.0
2023-10-02,10.699999809265137,10.699999809265137,10.699999809265137,10.699999809265137,0,0.0,10.699999809265137,10.720499849319458,0.0,-0.43528498035538876,1351.93994140625,13307.76953125,17.610000610351562,0.0,0.0
2023-10-03,10.699999809265137,10.699999809265137,10.699999809265137,10.699999809265137,0,0.0,10.699999809265137,10.718499851226806,0.0,-0.43528498035538876,1354.18994140625,13059.4697265625,19.780000686645508,0.0,0.0
2023-10-04,10.699999809265137,10.699999809265137,10.699999809265137,10.699999809265137,0,0.0,10.699999809265137,10.716499853134156,0.0,-0.43528498035538876,1359.219970703125,13236.009765625,18.579999923706055,0.0,0.0
2023-10-05,10.760000228881836,10.760000228881836,10.760000228881836,10.760000228881836,100,0.00560751595198572,10.711999893188477,10.71749987602234,54.538592124229666,-0.43527376265609047,1351.1600341796875,13219.830078125,18.489999771118164,0.0018691719839952399,0.0032375008443641176
2023-10-06,10.760000228881836,10.760000228881836,10.760000228881836,10.760000228881836,0,0.0,10.723999977111816,10.718499898910522,99.97667227294804,-0.43528498035538876,1346.06005859375,13431.33984375,17.450000762939453,0.0018691719839952399,0.0032375008443641176
2023-10-09,10.699999809265137,10.699999809265137,10.569999694824219,10.569999694824219,1600,-0.005576247057657802,10.723999977111816,10.71599988937378,49.994167387929096,-0.43510549716661584,1343.3599853515625,13484.240234375,17.700000762939453,1.0422964775972746e-05,0.00559188879025808
2023-10-10,10.699000358581543,10.699000358581543,10.699000358581543,10.699000358581543,200,-9.34066076083706e-05,10.723800086975098,10.713449907302856,49.58126817738264,-0.4352625449567921,1346.8900146484375,13562.83984375,17.030000686645508,-0.001889884555088724,0.003192825171199792
2023-10-11,10.670000076293945,10.75,10.630000114440918,10.75,7800,-0.0027105599883765485,10.71780014038086,10.709449911117554,39.99639417354113,-0.4344099998101209,1341.8900146484375,13659.6796875,16.09000015258789,-0.0027934045512142403,0.002742358887229865
2023-10-12,10.630000114440918,10.699999809265137,10.630000114440918,10.699999809265137,300,-0.0037488248891297538,10.691800117492676,10.703449916839599,31.57675275434751,-0.4352513272574938,1338.260009765625,13574.2197265625,16.690000534057617,-0.0021842638283715576,0.0018836829455212002
2023-10-13,10.6899995803833,10.6899995803833,10.6899995803833,10.6899995803833,300,0.005644352332684566,10.67779998779297,10.700449895858764,47.997266376715714,-0.4352513272574938,1348.3399658203125,13407.23046875,19.31999969482422,-0.00027167751494057885,0.005149665558997784
2023-10-16,10.720000267028809,10.720000267028809,10.720000267028809,10.720000267028809,100,0.0028064254277953005,10.681800079345702,10.701449918746949,53.56882312194116,-0.43527376265609047,1352.0699462890625,13567.98046875,17.209999084472656,0.0015673176237833708,0.004817622410751548
2023-10-17,10.6899995803833,10.699999809265137,10.6899995803833,10.699999809265137,119400,-0.0027985714457283706,10.679999923706054,10.700949907302856,48.38488188899661,-0.4218910473932114,1347.760009765625,13533.75,17.8799991607666,0.0018840687715838318,0.0042963701927285205
2023-10-18,10.6899995803833,10.6899995803833,10.6899995803833,10.6899995803833,0,0.0,10.683999824523926,10.700449895858764,48.38488188899661,-0.43528498035538876,1352.989990234375,13314.2998046875,19.219999313354492,2.6179940223099627e-06,0.0028024993538754476
2023-10-19,10.6899995803833,10.6899995803833,10.6899995803833,10.6899995803833,57200,0.0,10.695999717712402,10.699949884414673,48.38488188899661,-0.42886845635675774,1354.56005859375,13186.1796875,21.399999618530273,-0.0009328571485761236,0.0016157559775377482
2023-10-20,10.6899995803833,10.6899995803833,10.6899995803833,10.6899995803833,100,0.0,10.695999717712402,10.69944987297058,48.38488188899661,-0.43527376265609047,1356.22998046875,12983.8095703125,21.709999084472656,0.0,0.0
2023-10-23,10.6899995803833,10.6899995803833,10.6899995803833,10.6899995803833,0,0.0,10.6899995803833,10.69894986152649,48.38488188899661,-0.43528498035538876,1349.3399658203125,13018.330078125,20.3700008392334,0.0,0.0
2023-10-24,10.6899995803833,10.6899995803833,10.6899995803833,10.6899995803833,0,0.0,10.6899995803833,10.698449850082397,48.38488188899661,-0.43528498035538876,1334.43994140625,13139.8701171875,18.969999313354492,0.0,0.0
2023-10-25,10.6899995803833,10.6899995803833,10.6899995803833,10.6899995803833,0,0.0,10.6899995803833,10.697949838638305,35.99790783119714,-0.43528498035538876,1343.6400146484375,12821.2197265625,20.190000534057617,0.0,0.0
2023-10-26,10.680000305175781,10.680000305175781,10.630000114440918,10.630000114440918,1300,-0.0009353859307785761,10.687999725341797,10.696949863433838,34.613549025730975,-0.4351391502645108,1352.6800537109375,12595.6103515625,20.68000030517578,-0.0003117953102595254,0.0005400453189314233
2023-10-27,10.649999618530273,10.710000038146973,10.649999618530273,10.710000038146973,700,-0.0028090529764281946,10.679999732971192,10.694449853897094,39.12803505343145,-0.4352064564603006,1350.3399658203125,12643.009765625,21.270000457763672,-0.001248146302402257,0.0014304051676496757
2023-10-30,10.680000305175781,10.699999809265137,10.680000305175781,10.699999809265137,600,0.0028169659831074334,10.677999877929688,10.693449878692627,46.32955626511578,-0.4352176741595989,1355.219970703125,12789.48046875,19.75,-0.0003091576413664458,0.0028648112915354235
2023-10-31,10.699999809265137,10.699999809265137,10.640000343322754,10.640000343322754,400,0.001872612688940123,10.679999923706054,10.693449878692627,55.99678789818559,-0.43524010955819553,1348.0699462890625,12851.240234375,18.139999389648438,0.0006268418985397872,0.00301280284451619
2023-11-01,10.699999809265137,10.699999809265137,10.699999809265137,10.699999809265137,0,0.0,10.681999969482423,10.693449878692627,66.66207117341713,-0.43528498035538876,1350.1600341796875,13061.4697265625,16.8700008392334,0.0015631928906825188,0.0014337467684921543
2023-11-02,10.699999809265137,10.699999809265137,10.699999809265137,10.699999809265137,0,0.0,10.685999870300293,10.690449857711792,53.32839845186988,-0.43528498035538876,1347.8399658203125,13294.1904296875,15.65999984741211,0.0006242042296467076,0.0010811534400476037
2023-11-03,10.699999809265137,10.699999809265137,10.609999656677246,10.699999809265137,114000,0.0,10.695999908447266,10.687449836730957,41.66167371821878,-0.42249680315531996,1333.6800537109375,13478.2802734375,14.90999984741211,0.0,0.0
2023-11-06,10.699999809265137,10.699999809265137,10.699999809265137,10.699999809265137,100,0.0,10.699999809265137,10.687449836730957,55.5470326580508,-0.43527376265609047,1307.8399658203125,13518.7802734375,14.890000343322754,0.0,0.0
2023-11-07,10.649999618530273,10.699999809265137,10.649999618530273,10.65999984741211,12100,-0.00467291510524781,10.689999771118163,10.684999799728393,35.710763303446285,-0.4339276387402937,1297.1099853515625,13639.8603515625,14.8100004196167,-0.0015576383684159367,0.0026979087939151348
2023-11-08,10.710000038146973,10.710000038146973,10.6899995803833,10.6899995803833,7900,0.005633842419327628,10.691999816894532,10.686999797821045,54.99624564455825,-0.43439878211082256,1304.550048828125,13650.41015625,14.449999809265137,0.00032030910469327267,0.0051608391865577835
2023-11-09,10.75,10.75,10.75,10.75,2000,0.0037348236891274755,10.701999855041503,10.692999792098998,62.4964040578269,-0.4350606263694226,1308.1199951171875,13521.4501953125,15.289999961853027,0.0015652503344024311,0.005485216410839961
2023-11-10,10.75,10.75,10.75,10.75,0,0.0,10.711999893188477,10.695999813079833,62.4964040578269,-0.43528498035538876,1315.199951171875,13798.1103515625,14.170000076293945,0.003122888702818368,0.0028663379811278288
2023-11-13,10.75,10.75,10.75,10.75,0,0.0,10.72199993133545,10.697499799728394,62.4964040578269,-0.43528498035538876,1319.6199951171875,13767.740234375,14.760000228881836,0.0012449412297091584,0.002156301462293597
2023-11-14,10.75,10.75,10.75,10.75,0,0.0,10.742000007629395,10.70049982070923,62.4964040578269,-0.43528498035538876,1319.0699462890625,14094.3798828125,14.15999984741211,0.0,0.0
2023-11-15,10.725000381469727,10.725000381469727,10.710000038146973,10.710000038146973,20400,-0.0023255459097928366,10.745000076293945,10.70224986076355,58.82027807737567,-0.43299656969853434,1304.239990234375,14103.83984375,14.180000305175781,-0.0007751819699309456,0.0013426545570318132
2023-11-16,10.75,10.75,10.75,10.75,200,0.0023309666798210227,10.745000076293945,10.705249881744384,69.99615650918079,-0.4352625449567921,1301.8599853515625,14113.669921875,14.319999694824219,1.8069233427286946e-06,0.0023282568206787896
2023-11-17,10.75,10.75,10.75,10.75,0,0.0,10.745000076293945,10.70824990272522,65.90487724519099,-0.43528498035538876,1292.449951171875,14125.48046875,13.800000190734863,1.8069233427286946e-06,0.0023282568206787896
2023-11-20,10.770000457763672,10.770000457763672,10.770000457763672,10.770000457763672,500,0.00186050769894619,10.74900016784668,10.712249946594238,65.90502503398362,-0.43522889185889724,1294.5,14284.5302734375,13.40999984741211,0.0013971581262557375,0.0012326276954107143
2023-11-21,10.75,10.75,10.699999809265137,10.699999809265137,400,-0.0018570526382154506,10.74900016784668,10.715249967575073,60.41315085524063,-0.43524010955819553,1288.1500244140625,14199.98046875,13.350000381469727,1.1516869102464373e-06,0.0018587804361722324
2023-11-22,10.729999542236328,10.729999542236328,10.729999542236328,10.729999542236328,200,-0.00186050769894619,10.75,10.717249965667724,55.76615039868216,-0.4352625449567921,1295.18994140625,14265.8603515625,12.850000381469727,-0.0006190175460718169,0.00214733254641022
2023-11-24,10.770000457763672,10.770000457763672,10.770000457763672,10.770000457763672,100,0.0037279512799501813,10.754000091552735,10.721749973297118,61.66381553283476,-0.43527376265609047,1300.1800537109375,14250.849609375,12.460000038146973,3.4636475961802304e-06,0.0032255013683193247
2023-11-27,10.770000457763672,10.770000457763672,10.770000457763672,10.770000457763672,100,0.0,10.75800018310547,10.727750015258788,61.66381553283476,-0.43527376265609047,1289.7900390625,14241.01953125,12.6899995803833,0.0006224811936679971,0.002845756589565394
2023-11-28,10.729999542236328,10.729999542236328,10.729999542236328,10.729999542236328,700,-0.0037141052764309013,10.75,10.730249977111816,63.789876551447506,-0.4352064564603006,1302.530029296875,14281.759765625,12.6899995803833,4.6153345064266676e-06,0.0037210304249062996
2023-11-29,10.720000267028809,10.770000457763672,10.720000267028809,10.770000457763672,1400,-0.0009318989407370859,10.744000053405761,10.73125,52.08032844888035,-0.4351279325652125,1287.530029296875,14258.490234375,12.979999542236328,-0.0015486680723893291,0.001932342522024107
2023-11-30,10.779999732971191,10.779999732971191,10.710000038146973,10.710000038146973,2700,0.0055969649671485655,10.754000091552735,10.735249996185303,55.76615039868216,-0.4349821024743345,1288.3599853515625,14226.2197265625,12.920000076293945,0.0003169869166601928,0.0047795181957832516
2023-12-01,10.779999732971191,10.779999732971191,10.779999732971191,10.779999732971191,0,0.0,10.755999946594239,10.739249992370606,55.76615039868216,-0.43528498035538876,1296.6600341796875,14305.0302734375,12.630000114440918,0.0015550220088038265,0.0035313009030414604
2023-12-04,10.779999732971191,10.779999732971191,10.779999732971191,10.779999732971191,0,0.0,10.757999801635743,10.743249988555908,55.76615039868216,-0.43528498035538876,1299.18994140625,14185.490234375,13.079999923706055,0.0018656549890495218,0.0032314092304281668
2023-12-05,10.779999732971191,10.779999732971191,10.779999732971191,10.779999732971191,0,0.0,10.767999839782714,10.747249984741211,55.76615039868216,-0.43528498035538876,1307.800048828125,14229.91015625,12.850000381469727,0.0,0.0
2023-12-06,10.75,10.75,10.75,10.75,100000,-0.0027829066525332236,10.773999786376953,10.752250003814698,54.7139955341049,-0.4240672810570828,1313.3699951171875,14146.7099609375,12.970000267028809,-0.0009276355508444079,0.0016067119049697266
2023-12-07,10.800000190734863,10.800000190734863,10.760000228881836,10.760000228881836,36900,0.004651180533475685,10.777999877929688,10.756750011444092,58.61783716740442,-0.4311456493143139,1313.719970703125,14339.990234375,13.0600004196167,0.0006227579603141539,0.003755966410944949
2023-12-08,10.800000190734863,10.800000190734863,10.800000190734863,10.800000190734863,0,0.0,10.781999969482422,10.759250020980835,58.61783716740442,-0.43528498035538876,1312.760009765625,14403.9697265625,12.350000381469727,0.0006227579603141539,0.003755966410944949
2023-12-11,10.789999961853027,10.789999961853027,10.789999961853027,10.789999961853027,600,-0.0009259471023357335,10.784000015258789,10.761250019073486,53.56864067780798,-0.4352176741595989,1316.510009765625,14432.490234375,12.630000114440918,0.0012417444770466506,0.0029887347115861588
2023-12-12,10.789999961853027,10.789999961853027,10.789999961853027,10.789999961853027,4500,0.0,10.786000061035157,10.763250017166138,57.689159044470806,-0.434780183886965,1313.6199951171875,14533.400390625,12.069999694824219,-0.0003086490341119112,0.0005345958087890998
2023-12-13,10.770000457763672,10.789999961853027,10.760000228881836,10.789999961853027,16600,-0.0018535221649732536,10.79000015258789,10.764250040054321,57.68937063546547,-0.43342284227186995,1310.1400146484375,14733.9599609375,12.1899995803833,-0.0009264897557696624,0.0009267612016407277
2023-12-14,10.739999771118164,10.779999732971191,10.739999771118164,10.760000228881836,2100,-0.0027855789573232315,10.77800006866455,10.765000009536744,43.997398816564704,-0.4350494086701243,1292.010009765625,14761.5595703125,12.479999542236328,-0.001546367040765495,0.0014179635871968015
2023-12-15,10.739999771118164,10.739999771118164,10.739999771118164,10.739999771118164,100,0.0,10.76599998474121,10.764499998092651,43.997398816564704,-0.43527376265609047,1291.9200439453125,14813.919921875,12.279999732971191,-0.001546367040765495,0.0014179635871968015
2023-12-18,10.739999771118164,10.739999771118164,10.739999771118164,10.739999771118164,0,0.0,10.755999946594239,10.76399998664856,52.37752540678868,-0.43528498035538876,1276.469970703125,14904.8095703125,12.5600004196167,-0.0009285263191077439,0.001608254760859593
2023-12-19,10.739999771118164,10.739999771118164,10.739999771118164,10.739999771118164,0,0.0,10.745999908447265,10.762499952316285,54.99603106475084,-0.43528498035538876,1302.9300537109375,15003.2197265625,12.529999732971191,0.0,0.0
2023-12-20,10.739999771118164,10.739999771118164,10.739999771118164,10.739999771118164,0,0.0,10.739999771118164,10.761999940872192,35.710763303446285,-0.43528498035538876,1297.760009765625,14777.9404296875,13.670000076293945,0.0,0.0
2023-12-21,10.720000267028809,10.729999542236328,10.710000038146973,10.720000267028809,9300,-0.0018621512584328093,10.735999870300294,10.761499977111816,31.247414860346282,-0.4342417343206463,1296.97998046875,14963.8701171875,13.649999618530273,-0.0006207170861442698,0.0010751135303280859
2023-12-22,10.720000267028809,10.720000267028809,10.720000267028809,10.720000267028809,0,0.0,10.731999969482422,10.758999967575074,31.247414860346282,-0.43528498035538876,1291.7099609375,14992.9697265625,13.029999732971191,-0.0006207170861442698,0.0010751135303280859
2023-12-26,10.720000267028809,10.720000267028809,10.720000267028809,10.720000267028809,0,0.0,10.728000068664551,10.75649995803833,31.247414860346282,-0.43528498035538876,1294.5799560546875,15074.5703125,12.989999771118164,-0.0006207170861442698,0.0010751135303280859
2023-12-27,10.720000267028809,10.720000267028809,10.720000267028809,10.720000267028809,0,0.0,10.724000167846679,10.755999994277953,38.45750974797799,-0.43528498035538876,1293.9200439453125,15099.1796875,12.430000305175781,0.0,0.0
2023-12-28,10.720000267028809,10.720000267028809,10.720000267028809,10.720000267028809,0,0.0,10.720000267028809,10.755999994277953,0.0,-0.43528498035538876,1294.760009765625,15095.1396484375,12.470000267028809,0.0,0.0
2023-12-29,10.770000457763672,10.770000457763672,10.770000457763672,10.770000457763672,700,0.004664196780726604,10.730000305175782,10.755500030517577,38.45750974797799,-0.4352064564603006,1277.8399658203125,15011.349609375,12.449999809265137,0.0015547322602422013,0.0026928752669059352
2024-01-02,10.819999694824219,10.819999694824219,10.779999732971191,10.779999732971191,34800,0.004642454497251647,10.750000190734863,10.75750002861023,58.81865249845408,-0.43138122099957826,1293.5400390625,14765.9404296875,13.199999809265137,0.003102217092659417,0.0026866208048800105
2024-01-03,10.829999923706055,10.84000015258789,10.829999923706055,10.84000015258789,13100,0.0009242355974019567,10.772000122070313,10.760000038146973,61.10638780943478,-0.43381546174731067,1307.6199951171875,14592.2099609375,14.039999961853027,0.003410295625126736,0.0021530185851058353
2024-01-04,10.84000015258789,10.84000015258789,10.84000015258789,10.84000015258789,12000,0.0009233821747260951,10.796000099182129,10.763000059127808,70.58232363749022,-0.433938856439592,1309.530029296875,14510.2998046875,14.130000114440918,0.002163357423126566,0.002146961087044771
2024-01-05,10.84000015258789,10.84000015258789,10.84000015258789,10.84000015258789,0,0.0,10.820000076293946,10.767500066757203,85.70600701860887,-0.43528498035538876,1311.25,14524.0703125,13.350000381469727,0.0006158725907093506,0.0005333614797424739
2024-01-08,10.850000381469727,10.920000076293945,10.84000015258789,10.850000381469727,188200,0.0009225303266668927,10.836000061035156,10.770000076293945,86.65887518384429,-0.41417327027597695,1313.1300048828125,14843.76953125,13.079999923706055,0.0006153041671309959,0.0005328692100113174
2024-01-09,10.859999656677246,10.930000305175781,10.859999656677246,10.899999618530273,800,0.0009215921526231075,10.844000053405761,10.773000049591065,87.4925678663428,-0.4351952387610023,1311.800048828125,14857.7099609375,12.760000228881836,0.0006147074930966667,0.0005323525115886611
2024-01-10,10.899999618530273,10.899999618530273,10.899999618530273,10.899999618530273,400,0.003683237856129562,10.857999992370605,10.778500032424926,89.99389112752911,-0.43524010955819553,1319.7900390625,14969.650390625,12.6899995803833,0.001842453445139854,0.0015941661318225027
2024-01-11,10.899999618530273,10.899999618530273,10.899999618530273,10.899999618530273,0,0.0,10.869999885559082,10.784000015258789,89.99389112752911,-0.43528498035538876,1317.5,14970.1904296875,12.4399995803833,0.0015349433362508897,0.0019166924719552466
2024-01-12,10.899999618530273,10.899999618530273,10.899999618530273,10.899999618530273,0,0.0,10.88199977874756,10.79049997329712,99.99222279909617,-0.43528498035538876,1311.989990234375,14972.759765625,12.699999809265137,0.0012277459520431873,0.0021265183677258784
2024-01-16,10.880000114440918,10.899999618530273,10.880000114440918,10.899999618530273,51500,-0.0018348169531452463,10.887999725341796,10.797499990463256,89.99389112752911,-0.4295078652167612,1319.7099609375,14944.349609375,13.84000015258789,-0.0006116056510484155,0.0010593320618122
2024-01-17,10.890000343322754,10.890000343322754,10.890000343322754,10.890000343322754,10000,0.0009191386743243601,10.8939998626709,10.805000019073486,90.47035372124101,-0.43416321042555817,1337.7900390625,14855.6201171875,14.789999961853027,-0.0003052260929402954,0.0014021198684052653
2024-01-18,10.890000343322754,10.890000343322754,10.890000343322754,10.890000343322754,0,0.0,10.892000007629395,10.812500047683717,90.47035372124101,-0.43528498035538876,1344.050048828125,15055.650390625,14.130000114440918,-0.0003052260929402954,0.0014021198684052653
2024-01-19,10.890000343322754,10.890000343322754,10.890000343322754,10.890000343322754,0,0.0,10.890000152587891,10.820000076293946,90.47035372124101,-0.43528498035538876,1337.6600341796875,15310.9697265625,13.300000190734863,0.00030637955810812006,0.0005306649610439797
2024-01-22,10.899999618530273,10.920000076293945,10.899999618530273,10.920000076293945,22800,0.000918207060815357,10.890000152587891,10.82800006866455,88.22819318551652,-0.432727344915375,1333.2099609375,15360.2900390625,13.1899995803833,0.0003060690202717857,0.0005301270937337762
2024-01-23,10.902000427246094,10.902000427246094,10.890000343322754,10.890000343322754,400,0.00018356043906808672,10.894400215148925,10.837100076675416,83.59733584853365,-0.43524010955819553,1338.739990234375,15425.9404296875,12.550000190734863,0.00036725583329448125,0.00048588481148109105
2024-01-24,10.899999618530273,10.899999618530273,10.899999618530273,10.899999618530273,100,-0.00018352675081723113,10.89640007019043,10.846100044250488,80.69162477023298,-0.43527376265609047,1336.780029296875,15481.919921875,13.140000343322754,0.00030608024968873754,0.0005609925809845756
2024-01-25,10.899999618530273,10.899999618530273,10.899999618530273,10.899999618530273,0,0.0,10.898399925231933,10.855100011825561,78.8352592648327,-0.43528498035538876,1329.8900146484375,15510.5,13.449999809265137,1.1229416951863413e-08,0.00018354359520090683
2024-01-26,10.899999618530273,10.899999618530273,10.899999618530273,10.899999618530273,100,0.0,10.900399780273437,10.864099979400635,78.8352592648327,-0.43527376265609047,1336.030029296875,15455.3603515625,13.260000228881836,-6.117558360574371e-05,0.00010595921898888291
2024-01-29,10.890000343322754,10.890000343322754,10.890000343322754,10.890000343322754,1100,-0.0009173647300427801,10.898399925231933,10.872599983215332,69.22159193955255,-0.43516158566310736,1336.760009765625,15628.0400390625,13.600000381469727,-0.00030578824334759336,0.0005296407738354766
2024-01-30,10.890000343322754,10.890000343322754,10.890000343322754,10.890000343322754,200,0.0,10.895999908447266,10.878599977493286,65.94801330016517,-0.4352625449567921,1333.2099609375,15509.900390625,13.3100004196167,-0.00030578824334759336,0.0005296407738354766
2024-01-31,10.890000343322754,10.890000343322754,10.890000343322754,10.890000343322754,0,0.0,10.894000053405762,10.882100009918213,40.730834974053074,-0.43528498035538876,1326.6199951171875,15164.009765625,14.350000381469727,-0.00030578824334759336,0.0005296407738354766
2024-02-01,10.890000343322754,10.890000343322754,10.890000343322754,10.890000343322754,0,0.0,10.892000198364258,10.885100030899048,40.730834974053074,-0.43528498035538876,1333.9100341796875,15361.6396484375,13.880000114440918,0.0,0.0
2024-02-02,10.920000076293945,10.920000076293945,10.899999618530273,10.899999618530273,100400,0.0027547963292384736,10.896000289916993,10.88910002708435,61.89477044514759,-0.42402241025988957,1328.949951171875,15628.9501953125,13.850000381469727,0.0009182654430794912,0.001590482402248499
2024-02-05,10.90999984741211,10.90999984741211,10.90999984741211,10.90999984741211,7800,-0.000915771869227866,10.900000190734863,10.89260001182556,70.25669987949405,-0.4344099998101209,1337.72998046875,15597.6796875,13.670000076293945,0.0006130081533368692,0.0019105240045446817
2024-02-06,10.9399995803833,10.949999809265137,10.930000305175781,10.930000305175781,28800,0.002749746415285914,10.910000038146972,10.89709997177124,76.58397157636391,-0.43205428295747667,1333.3900146484375,15609.0,13.0600004196167,0.0015295902917655073,0.002117747258107446
2024-02-07,11.050000190734863,11.050000190734863,10.949999809265137,10.949999809265137,10600,0.010054900783433851,10.942000007629394,10.906599998474121,89.20943574294745,-0.4340959042297683,1326.7900390625,15756.6396484375,12.829999923706055,0.003962958443163966,0.005585053910340183
2024-02-08,10.9399995803833,11.0,10.9399995803833,11.0,31400,-0.009954806194826582,10.951999855041503,10.908599996566773,57.959050330236764,-0.4317626227757207,1327.6199951171875,15793.7099609375,12.789999961853027,0.0009499470012977277,0.010125539580037474
2024-02-09,10.899999618530273,10.899999618530273,10.899999618530273,10.899999618530273,10700,-0.003656303783114545,10.94799976348877,10.908599996566773,49.997965209560135,-0.43408468653047,1331.469970703125,15990.66015625,12.930000305175781,-0.0011854030648357587,0.010231134155539856
2024-02-12,10.899999618530273,10.949999809265137,10.899999618530273,10.949999809265137,900,0.0,10.945999717712402,10.908599996566773,49.70545020777159,-0.435184021061704,1330.06005859375,15942.5498046875,13.930000305175781,-0.004537036659313709,0.005035504879707009
2024-02-13,11.0,11.0,11.0,11.0,100,0.009174347244904846,10.957999801635742,10.914599990844726,61.361713503835524,-0.43527376265609047,1328.5,15655.599609375,15.850000381469727,0.0018393478205967668,0.00661012872450715
2024-02-14,10.949999809265137,10.949999809265137,10.949999809265137,10.949999809265137,300,-0.004545471884987551,10.937999725341797,10.917599964141846,55.10047843521765,-0.4352513272574938,1340.7900390625,15859.150390625,14.380000114440918,0.001542958453305765,0.0069888410935369915
2024-02-15,10.949999809265137,10.949999809265137,10.949999809265137,10.949999809265137,0,0.0,10.939999771118163,10.920599937438965,55.10047843521765,-0.43528498035538876,1326.0,15906.169921875,14.010000228881836,0.001542958453305765,0.0069888410935369915
2024-02-16,10.979999542236328,10.979999542236328,10.90999984741211,10.90999984741211,500,0.0027397016889267878,10.955999755859375,10.925099897384644,58.821815701895005,-0.43522889185889724,1327.6600341796875,15775.650390625,14.239999771118164,-0.000601923398686921,0.0036796973155315705
2024-02-20,10.979999542236328,10.979999542236328,10.979999542236328,10.979999542236328,0,0.0,10.971999740600586,10.929099893569946,58.821815701895005,-0.43528498035538876,1333.3399658203125,15630.7802734375,15.420000076293945,0.0009132338963089293,0.0015817675076012158
2024-02-21,11.050000190734863,11.050000190734863,11.03499984741211,11.050000190734863,600,0.006375287014290576,10.981999778747559,10.936499881744385,63.79150695949064,-0.4352176741595989,1333.75,15580.8701171875,15.34000015258789,0.003038329567739121,0.0031981174284489143
2024-02-22,10.989999771118164,11.050000190734863,10.989999771118164,11.050000190734863,600,-0.005429902134029607,10.989999771118164,10.94099988937378,57.81116320800635,-0.4352176741595989,1332.8699951171875,16041.6201171875,14.539999961853027,0.00031512829342032295,0.0059089002435216195
2024-02-23,10.989999771118164,10.989999771118164,10.989999771118164,10.989999771118164,100,0.0,10.99799976348877,10.945499897003174,55.736377031893305,-0.43527376265609047,1327.1700439453125,15996.8203125,13.75,0.00031512829342032295,0.0059089002435216195
2024-02-26,10.989999771118164,10.989999771118164,10.989999771118164,10.989999771118164,700,0.0,10.999999809265137,10.949999904632568,56.6653126920583,-0.4352064564603006,1330.0,15976.25,13.739999771118164,-0.001809967378009869,0.0031349554587553445
2024-02-27,10.989999771118164,10.989999771118164,10.989999771118164,10.989999771118164,0,0.0,11.001999855041504,10.954999876022338,54.38462622024837,-0.43528498035538876,1331.719970703125,16035.2998046875,13.430000305175781,0.0,0.0
2024-02-28,10.989999771118164,10.989999771118164,10.989999771118164,10.989999771118164,0,0.0,10.989999771118164,10.95999984741211,43.47691963677022,-0.43528498035538876,1331.7900390625,15947.740234375,13.84000015258789,0.0,0.0
2024-02-29,10.989999771118164,10.989999771118164,10.989999771118164,10.989999771118164,0,0.0,10.989999771118164,10.96499981880188,57.14057152871492,-0.43528498035538876,1333.3800048828125,16091.919921875,13.399999618530273,0.0,0.0
2024-03-01,10.979999542236328,10.979999542236328,10.979999542236328,10.979999542236328,100,-0.0009099389526937562,10.987999725341798,10.969499778747558,62.49719125613937,-0.43527376265609047,1335.199951171875,16274.9404296875,13.109999656677246,-0.0003033129842312521,0.0005253534992840426
2024-03-04,10.979999542236328,11.020000457763672,10.979999542236328,11.020000457763672,300,0.0,10.98599967956543,10.972499752044678,62.49719125613937,-0.4352513272574938,1330.9000244140625,16207.509765625,13.489999771118164,-0.0003033129842312521,0.0005253534992840426
2024-03-05,10.979999542236328,10.979999542236328,10.979999542236328,10.979999542236328,0,0.0,10.983999633789063,10.975999736785889,45.45157428206339,-0.43528498035538876,1328.93994140625,15939.58984375,14.460000038146973,-0.0003033129842312521,0.0005253534992840426
2024-03-06,10.979999542236328,10.979999542236328,10.979999542236328,10.979999542236328,500,0.0,10.981999588012695,10.97799973487854,58.81855356458459,-0.43522889185889724,1333.4300537109375,16031.5400390625,14.5,0.0,0.0
2024-03-07,10.979999542236328,10.979999542236328,10.979999542236328,10.979999542236328,0,0.0,10.979999542236328,10.974499702453613,58.81855356458459,-0.43528498035538876,1327.0899658203125,16273.3798828125,14.4399995803833,0.0,0.0
2024-03-08,10.979999542236328,10.979999542236328,10.979999542236328,10.979999542236328,300,0.0,10.979999542236328,10.976499700546265,49.995000546261636,-0.4352513272574938,1321.1800537109375,16085.1103515625,14.739999771118164,0.0,0.0
2024-03-11,10.979999542236328,10.979999542236328,10.979999542236328,10.979999542236328,0,0.0,10.979999542236328,10.980499696731567,49.995000546261636,-0.43528498035538876,1315.97998046875,16019.26953125,15.220000267028809,0.0,0.0
2024-03-12,10.989999771118164,10.989999771118164,10.989999771118164,10.989999771118164,500,0.000910767695696979,10.981999588012695,10.984999704360963,12.497961890633533,-0.43522889185889724,1310.5400390625,16265.6396484375,13.84000015258789,0.000303589231898993,0.0005258319742800474
2024-03-13,10.989999771118164,10.989999771118164,10.989999771118164,10.989999771118164,0,0.0,10.983999633789063,10.98449969291687,49.965025282809776,-0.43528498035538876,1311.1500244140625,16177.76953125,13.75,0.000303589231898993,0.0005258319742800474
2024-03-14,10.989999771118164,10.989999771118164,10.989999771118164,10.989999771118164,0,0.0,10.98599967956543,10.986499691009522,49.965025282809776,-0.43528498035538876,1313.6500244140625,16128.5302734375,14.399999618530273,0.000303589231898993,0.0005258319742800474
2024-03-15,11.050000190734863,11.050000190734863,11.020000457763672,11.050000190734863,7200,0.005459546939607929,10.999999809265137,10.991499710083009,87.48454136318831,-0.4344773060059107,1321.9200439453125,15973.169921875,14.40999984741211,0.0018198489798693096,0.003152070895236068
2024-03-18,11.100000381469727,11.963000297546387,11.0,11.220000267028809,20800,0.004524904060796864,11.023999977111817,10.997499752044678,92.29763978359787,-0.4329516989013411,1329.3399658203125,16103.4501953125,14.329999923706055,0.003328150333468264,0.002919902020505477
2024-03-19,11.100000381469727,11.25,11.100000381469727,11.170000076293945,7600,0.0,11.046000099182129,11.003499794006348,92.29763978359787,-0.4344324352087175,1336.0899658203125,16166.7900390625,13.819999694824219,0.003328150333468264,0.002919902020505477
2024-03-20,11.0600004196167,11.100000381469727,11.050999641418457,11.100000381469727,7800,-0.0036036000430957893,11.060000228881837,11.003999805450439,70.58248865162103,-0.4344099998101209,1337.02001953125,16369.41015625,13.039999961853027,0.0003071013392336915,0.004072944655426766
2024-03-21,11.010000228881836,11.074000358581543,11.0,11.069999694824219,70600,-0.004520812733983304,11.06400032043457,11.004999828338622,57.1391776333341,-0.42736528465078477,1330.1099853515625,16401.83984375,12.920000076293945,-0.0027081375923596975,0.0023897336032380843
2024-03-22,11.010000228881836,11.010000228881836,11.010000228881836,11.010000228881836,0,0.0,11.056000328063964,11.005999851226807,57.1391776333341,-0.43528498035538876,1334.6800537109375,16428.8203125,13.0600004196167,-0.0027081375923596975,0.0023897336032380843
2024-03-25,11.0600004196167,11.0600004196167,11.010000228881836,11.010000228881836,2500,0.004541343296587952,11.04800033569336,11.009499883651733,65.38119362762544,-0.4350045378729311,1343.5999755859375,16384.470703125,13.1899995803833,6.8435208682160464e-06,0.004531081891329965
2024-03-26,11.069999694824219,11.069999694824219,11.039999961853027,11.0600004196167,6400,0.0009040935649318182,11.042000198364258,11.013499879837036,66.66321006163498,-0.4345670476002972,1339.1300048828125,16315.7001953125,13.239999771118164,0.0018151456205065901,0.0024038430939521713
2024-03-27,11.170000076293945,11.5,11.15999984741211,11.5,2800,0.009033458376379366,11.064000129699707,11.022499895095825,75.67282631843005,-0.4349708847750362,1343.06005859375,16399.51953125,12.779999732971191,0.0048262984126330455,0.004072166821609945
2024-03-28,11.079999923706055,12.529999732971191,11.010000228881836,11.399999618530273,17200,-0.008057309934929924,11.07800006866455,11.026999902725219,60.86773075306317,-0.43335553607608013,1349.800048828125,16379.4599609375,13.010000228881836,0.0006267473354604203,0.008548759036606724
2024-04-01,11.0600004196167,11.880000114440918,11.0600004196167,11.600000381469727,3000,-0.0018050094067749711,11.088000106811524,11.030999946594239,58.33171477755339,-0.43494844937643956,1345.31005859375,16396.830078125,13.649999618530273,-0.00027628698844184285,0.008647331064666678
2024-04-02,11.15999984741211,11.15999984741211,11.09000015258789,11.09000015258789,200,0.009041539240635554,11.107999992370605,11.039999961853027,64.91070107941579,-0.4352625449567921,1355.530029296875,16240.4501953125,14.609999656677246,-0.0002735933670231135,0.008651681171731375
2024-04-03,11.475000381469727,11.475000381469727,11.399999618530273,11.399999618530273,1400,0.02822585469216321,11.189000129699707,11.064750003814698,77.39993293465547,-0.4351279325652125,1350.72998046875,16277.4599609375,14.329999923706055,0.011820794842007931,0.015207116620370333
2024-04-04,11.399999618530273,11.625,11.300000190734863,11.475000381469727,24800,-0.006536013982236355,11.235000038146973,11.085750007629395,71.35309609250508,-0.43250299092940886,1344.8399658203125,16049.080078125,16.350000381469727,0.010243793316854136,0.0174120917635386
2024-04-05,11.289999961853027,11.350000381469727,11.180000305175781,11.350000381469727,5700,-0.00964909301386696,11.277000045776367,11.10125002861023,61.88031634880268,-0.4346455714953853,1351.3599853515625,16248.51953125,16.030000686645508,0.004013582565353298,0.0210261362694461
2024-04-08,11.850000381469727,11.850000381469727,11.449999809265137,11.449999809265137,15000,0.04960145451805542,11.435000038146972,11.144750070571899,74.67035744855416,-0.43360232546064287,1350.27001953125,16253.9599609375,15.1899995803833,0.011138782507317369,0.03334599929404582
2024-04-09,11.399999618530273,11.899999618530273,11.399999618530273,11.899999618530273,3500,-0.03797474670491452,11.482999992370605,11.165750074386597,57.61377967814579,-0.43489236087994804,1354.219970703125,16306.6396484375,14.979999542236328,0.0006592049330913138,0.044688852190272
2024-04-10,11.220000267028809,11.220000267028809,11.149999618530273,11.149999618530273,3200,-0.015789417326723676,11.431999969482423,11.177250099182128,53.791107574024174,-0.434926013977843,1348.5400390625,16170.3603515625,15.800000190734863,-0.0013875698378609247,0.045529744821170226
2024-04-11,11.350000381469727,11.350000381469727,11.130000114440918,11.3100004196167,3300,0.011586462686898225,11.422000122070312,11.195250129699707,57.762189412459534,-0.4349147962785447,1363.760009765625,16442.19921875,14.90999984741211,-0.01405923378157999,0.02482586394105332
2024-04-12,11.119999885559082,11.130000114440918,11.109999656677246,11.119999885559082,7900,-0.02026436019210609,11.388000106811523,11.201750135421753,52.272416809714784,-0.43439878211082256,1367.8399658203125,16175.08984375,17.309999465942383,-0.008155771610643847,0.017243060624680128
2024-04-15,11.279999732971191,11.279999732971191,11.274999618530273,11.274999618530273,1400,0.014388475634778741,11.273999977111817,11.213250112533569,54.34751059975398,-0.4351279325652125,1379.6099853515625,15885.01953125,19.229999542236328,0.0019035260431902918,0.019249005279385344
2024-04-16,11.170000076293945,11.170000076293945,11.170000076293945,11.170000076293945,51500,-0.009751742844081757,11.228000068664551,11.21675009727478,51.90087088629078,-0.4295078652167612,1387.6700439453125,15865.25,18.399999618530273,-0.005209209133803035,0.0177674060316362
2024-04-17,11.170000076293945,11.199999809265137,11.170000076293945,11.199999809265137,3300,0.0,11.218000030517578,11.22025008201599,49.99972332176422,-0.4349147962785447,1387.3399658203125,15683.3701171875,18.209999084472656,0.0015455775968989949,0.012144099169259398
2024-04-18,11.170000076293945,11.170000076293945,11.170000076293945,11.170000076293945,100,0.0,11.181999969482423,11.225750064849853,51.84396755289503,-0.43527376265609047,1379.5400390625,15601.5,18.0,-0.003250580948027252,0.00563017135609863
2024-04-19,11.130000114440918,11.149999618530273,11.130000114440918,11.149999618530273,54700,-0.0035810171512817845,11.184000015258789,11.231750059127808,51.422464803200334,-0.4291488988392154,1379.4000244140625,15282.009765625,18.709999084472656,-0.001193672383760595,0.002067501216265269
2024-04-22,11.140000343322754,11.274999618530273,11.140000343322754,11.170000076293945,95700,0.0008984931517530548,11.156000137329102,11.238250064849854,49.57777698888662,-0.42454964212691,1373.9300537109375,15451.3095703125,16.940000534057617,-0.0008941746665095766,0.002369844802812986
2024-04-23,11.270000457763672,11.350000381469727,11.15999984741211,11.15999984741211,433200,0.011669668800220467,11.176000213623047,11.248750066757202,45.30863887247466,-0.3866899069951274,1378.8399658203125,15696.6396484375,15.6899995803833,0.0029957149335639124,0.007838661231320931
2024-04-24,11.5,11.579999923706055,11.260000228881836,11.319999694824219,45600,0.02040812181847662,11.242000198364257,11.270250082015991,52.13644822103209,-0.43016970947536126,1370.47998046875,15712.75,15.970000267028809,0.010992094590150048,0.009772447635366244
2024-04-25,11.579999923706055,11.670000076293945,11.300000190734863,11.300000190734863,14400,0.006956515104874272,11.32400016784668,11.290750074386597,56.27671324019581,-0.4336696316564327,1376.969970703125,15611.759765625,15.369999885559082,0.013011435241190453,0.006825443844977652
2024-04-26,11.529999732971191,11.539999961853027,11.300000190734863,11.40999984741211,36200,-0.004317805791389073,11.404000091552735,11.313250064849854,41.11077428873247,-0.431224173209402,1371.699951171875,15927.900390625,15.029999732971191,0.007682277043987273,0.012378930561089631
2024-04-29,11.711000442504883,11.824999809265137,11.40999984741211,11.649999618530273,82100,0.015698240565964694,11.51820011138916,11.345800065994263,60.156236196392506,-0.42607524923147955,1377.0899658203125,15983.080078125,14.670000076293945,0.006112316626483298,0.010034691387786787
2024-04-30,11.5600004196167,11.800000190734863,11.5,11.800000190734863,19300,-0.012893861940277196,11.576200103759765,11.365800094604491,61.31766979310174,-0.4331199643908157,1374.6400146484375,15657.8203125,15.649999618530273,-0.000504475721900525,0.014672532027431746
2024-05-01,11.630000114440918,11.994999885559082,11.489999771118164,11.510000228881836,5000,0.0060553367027074145,11.602200126647949,11.373550081253052,59.7081462947852,-0.43472409539047346,1385.4599609375,15605.48046875,15.390000343322754,0.002953238442798304,0.014546282743108617
2024-05-02,11.619999885559082,11.890000343322754,11.503999710083008,11.890000343322754,4900,-0.0008598648996932523,11.610200119018554,11.384550094604492,70.45745589064607,-0.43473531308977176,1375.0,15840.9599609375,14.680000305175781,-0.0025661300457543446,0.009589136450396345
2024-05-03,11.75,11.78499984741211,11.520000457763672,11.78499984741211,11200,0.011187617531948302,11.654200172424316,11.40755009651184,69.71395107839287,-0.4340285980339785,1364.6400146484375,16156.330078125,13.489999771118164,0.005461029778320821,0.00604568927215571
2024-05-06,11.802000045776367,11.880000114440918,11.600000381469727,11.84000015258789,13800,0.004425535810754555,11.672400093078613,11.405150079727173,77.86497943556523,-0.4337369378522225,1355.050048828125,16349.25,13.489999771118164,0.004917762814336535,0.006038805660266748
2024-05-07,11.649999618530273,11.850000381469727,11.649999618530273,11.668000221252441,12900,-0.012879209172727557,11.690399932861329,11.417650079727172,68.66173666548859,-0.43383789714590726,1352.1700439453125,16332.5595703125,13.229999542236328,0.0009113147233250999,0.0124123063649237
2024-05-08,11.680000305175781,11.75,11.5,11.53600025177002,8300,0.002575166319987554,11.7003999710083,11.440650081634521,69.37614248988946,-0.4343539113136294,1357.72998046875,16302.759765625,13.0,-0.0019595023473284825,0.009501892689227283
2024-05-09,11.979999542236328,12.489999771118164,11.350000381469727,11.71500015258789,76600,0.02568486551559479,11.77239990234375,11.47215003967285,76.9662832386636,-0.4266922226928864,1361.93994140625,16346.259765625,12.6899995803833,0.005126940887618263,0.019408261880566005
2024-05-10,11.40999984741211,11.800000190734863,11.350000381469727,11.75,47700,-0.04757927517564964,11.704399871826173,11.486650037765504,56.319842099580136,-0.4299341377900968,1365.4000244140625,16340.8701171875,12.550000190734863,-0.006439747780022431,0.037454773861011814
2024-05-13,11.5,11.699999809265137,11.380000114440918,11.670000076293945,42700,0.007887831182425753,11.6439998626709,11.497650051116944,55.486257929773224,-0.4304950227550121,1370.1099853515625,16388.240234375,13.600000381469727,-0.0046688594925430316,0.03821205880787832
2024-05-14,11.399999618530273,11.5,11.350000381469727,11.5,39300,-0.008695685345193604,11.593999862670898,11.50915002822876,47.4564193179183,-0.4308764245311545,1363.7900390625,16511.1796875,13.420000076293945,-0.01612904311280583,0.028470881224691717
2024-05-15,11.369999885559082,11.48900032043457,11.350000381469727,11.48900032043457,31400,-0.00263155561184647,11.531999778747558,11.519150018692017,44.51951046613892,-0.4317626227757207,1362.550048828125,16742.390625,12.449999809265137,-0.0011464699248714405,0.008390909648464834
2024-05-16,11.350000381469727,11.472000122070312,11.350000381469727,11.472000122070312,1500,-0.001758971353619465,11.405999946594239,11.528150033950805,45.22767882261225,-0.43511671486591413,1353.5999755859375,16698.3203125,12.420000076293945,-0.004362070770219846,0.0037782948912499794
2024-05-17,11.460000038146973,11.470000267028809,11.350000381469727,11.375,30100,0.009691599381514981,11.41599998474121,11.544650030136108,43.0850543744995,-0.4319084528665987,1346.0400390625,16685.970703125,11.989999771118164,0.0017670241386830154,0.006876737628149411
2024-05-20,11.399999618530273,11.444999694824219,11.350000381469727,11.350000381469727,30600,-0.005235638692580702,11.395999908447266,11.557649993896485,45.35923712885167,-0.43185236437010716,1353.3900146484375,16794.869140625,12.149999618530273,0.0008989964451049381,0.007810518788433676
2024-05-21,11.487000465393066,11.487000465393066,11.420000076293945,11.449999809265137,16500,0.007631653488950674,11.413400077819825,11.568499994277953,45.892808550215136,-0.4334340599711683,1360.1600341796875,16832.619140625,11.859999656677246,0.004029204725961651,0.008089427479596715
2024-05-22,11.449999809265137,11.449999809265137,11.449999809265137,11.449999809265137,500,-0.003221089460159865,11.429400062561035,11.565999984741211,45.19195191244632,-0.43522889185889724,1363.4200439453125,16801.5390625,12.289999961853027,-0.0002750248879299644,0.006921074654201928
2024-05-23,11.449999809265137,11.449999809265137,11.3100004196167,11.449999809265137,16900,0.0,11.449399948120117,11.559499979019165,40.84214400394518,-0.43338918917397506,1365.81005859375,16736.029296875,12.770000457763672,0.0014701880095969362,0.00557374173850383
2024-05-24,11.460000038146973,11.460000038146973,11.407999992370605,11.414999961853027,6800,0.0008733824496436338,11.449399948120117,11.555999994277954,39.28538034781724,-0.43452217680310395,1367.6199951171875,16920.7890625,11.930000305175781,-0.0007825690035054104,0.0021564984903724546
2024-05-28,11.369999885559082,11.449999809265137,11.350000381469727,11.449999809265137,14300,-0.007853416430044224,11.443400001525879,11.538949966430664,40.87317695687791,-0.433680849355731,1360.9300537109375,17019.880859375,12.920000076293945,-0.0023266779934668635,0.004806175978425379
2024-05-29,11.36400032043457,11.470000267028809,11.350000381469727,11.350000381469727,3700,-0.0005276662431749068,11.41879997253418,11.529149961471557,39.5360593729233,-0.43486992548135145,1362.760009765625,16920.580078125,14.279999732971191,-0.0025025667411918326,0.004686622307636016
2024-05-30,11.489999771118164,11.489999771118164,11.420000076293945,11.420000076293945,5200,0.011087596544416156,11.426799964904784,11.52214994430542,31.66135950598553,-0.4347016599918768,1370.550048828125,16737.080078125,14.470000267028809,0.0009021712903990083,0.009551116147026079
2024-05-31,11.550000190734863,11.550000190734863,11.40999984741211,11.5,64800,0.005221968739069993,11.446800041198731,11.51864995956421,58.47359400074788,-0.4280159112100865,1375.6199951171875,16735.01953125,12.920000076293945,0.005260633013437081,0.005807727920691903
2024-06-03,11.380000114440918,11.484999656677246,11.37399959564209,11.460000038146973,7300,-0.014718621081090122,11.43080005645752,11.500149965286255,43.37682745294199,-0.43446608830661243,1382.0999755859375,16828.669921875,13.109999656677246,0.0005303147341320091,0.01352770971045307
2024-06-04,11.399999618530273,11.520000457763672,11.380000114440918,11.46500015258789,1600,0.0017574256492296492,11.436800003051758,11.48004994392395,49.99915255695549,-0.43510549716661584,1370.7900390625,16857.05078125,13.15999984741211,-0.00257974223093016,0.010654344161396625
2024-06-05,11.5,11.59000015258789,11.420000076293945,11.5,13400,0.008771963580347819,11.463999938964843,11.472549962997437,57.25356910560262,-0.43378180864941573,1373.719970703125,17187.900390625,12.630000114440918,-0.0013964106171708845,0.012058685845915958
2024-06-06,11.460000038146973,11.510000228881836,11.25,11.371999740600586,77700,-0.003478257552437136,11.457999992370606,11.461549949645995,56.00348347290871,-0.426568828000605,1368.739990234375,17173.119140625,12.579999923706055,0.002350377225713444,0.006146598500762379
2024-06-07,11.479999542236328,11.479999542236328,11.399999618530273,11.399999618530273,5900,0.0017451574190909813,11.443999862670898,11.436549949645997,51.20975406267332,-0.4346231360967887,1365.25,17133.130859375,12.220000267028809,0.0023462878156672216,0.006147194300312891
2024-06-10,11.550000190734863,11.550000190734863,11.442999839782715,11.550000190734863,2800,0.006097617708171077,11.477999877929687,11.443549966812133,58.97032356641194,-0.4349708847750362,1379.050048828125,17192.529296875,12.739999771118164,0.0014548391916083074,0.004794534414996851
2024-06-11,11.399999618530273,11.449999809265137,11.369999885559082,11.369999885559082,2700,-0.012987062314069653,11.477999877929687,11.438549947738647,45.16054598082971,-0.4349821024743345,1373.9599609375,17343.55078125,12.850000381469727,-0.0017147623956025315,0.010001726687473058
2024-06-12,11.404999732971191,11.475000381469727,11.399999618530273,11.399999618530273,3900,0.0004386065445818321,11.458999824523925,11.438799953460693,47.40407616313877,-0.4348474900827548,1377.3599853515625,17608.439453125,12.039999961853027,-0.0021502793537722478,0.009802193659270951
2024-06-13,11.46500015258789,11.529999732971191,11.399999618530273,11.529999732971191,15800,0.005260887419685112,11.45999984741211,11.443549966812133,50.8083118035649,-0.4335125838662564,1370.4100341796875,17667.560546875,11.9399995803833,-0.002429189449934236,0.009455956206065706
2024-06-14,11.489999771118164,11.529999732971191,11.470000267028809,11.529999732971191,47200,0.0021805161969081777,11.461999893188477,11.450549936294555,51.59157510321406,-0.42999022628658834,1373.739990234375,17688.880859375,12.65999984741211,0.0026266700537250407,0.00244190256921969
2024-06-17,11.40999984741211,11.5,11.40999984741211,11.5,5000,-0.00696256965184161,11.433999824523926,11.448049926757813,52.14513703545584,-0.43472409539047346,1382.280029296875,17857.01953125,12.75,0.0001596113215838931,0.006357379026076456
2024-06-18,11.479999542236328,11.479999542236328,11.359999656677246,11.359999656677246,6700,0.00613494266085346,11.449999809265137,11.452049922943115,55.822467758541094,-0.43453339450240225,1379.06005859375,17862.23046875,12.300000190734863,0.000450963068640009,0.006717865934426422
2024-06-20,11.449999809265137,11.494999885559082,11.36400032043457,11.369999885559082,8900,-0.002613217261971057,11.458999824523925,11.45019989013672,47.77703811200452,-0.4342866051178395,1381.1500244140625,17721.58984375,13.279999732971191,-0.001146948084319736,0.006670732056626021
2024-06-21,11.420000076293945,11.442000389099121,11.380000114440918,11.4350004196167,11400,-0.002620064058596383,11.449999809265137,11.448699903488158,42.52804371292481,-0.4340061626353819,1391.8199462890625,17689.359375,13.199999809265137,0.0003005537800953399,0.005052730146029181
2024-06-24,11.4399995803833,11.5,11.430000305175781,11.430000305175781,23000,0.0017512700486641553,11.439999771118163,11.448199892044068,54.16558033232153,-0.43270490951677837,1388.3900146484375,17496.8203125,13.329999923706055,-0.0011606704239677617,0.002521816747261867
2024-06-25,11.430000305175781,11.470000267028809,11.369999885559082,11.449999809265137,42300,-0.000874062550200283,11.443999862670898,11.446699905395509,52.11169957999997,-0.43053989355220534,1386.1099853515625,17717.650390625,12.84000015258789,-0.0005809521867108369,0.0022003580920418576
2024-06-26,11.430000305175781,11.529999732971191,11.430000305175781,11.529999732971191,2400,0.0,11.434000015258789,11.449699926376343,44.26129206166035,-0.43501575557222943,1390.8900146484375,17805.16015625,12.550000190734863,0.00029240249948795743,0.0013368684415251035
2024-06-27,11.449999809265137,11.449999809265137,11.449999809265137,11.449999809265137,400,0.0017497378438651179,11.434000015258789,11.453999900817871,49.15135414877915,-0.43524010955819553,1393.3800048828125,17858.6796875,12.239999771118164,0.000291891764554945,0.0013360324579276758
2024-06-28,11.4399995803833,11.4399995803833,11.369999885559082,11.369999885559082,4200,-0.0008733824496437448,11.43799991607666,11.451499891281127,46.55059766587307,-0.4348138369848599,1386.949951171875,17732.599609375,12.4399995803833,0.0002921184647404577,0.0013357357211053488
2024-07-01,11.4399995803833,11.4399995803833,11.4399995803833,11.4399995803833,0,0.0,11.43799991607666,11.44599986076355,39.21451446301967,-0.43528498035538876,1380.2900390625,17879.30078125,12.220000267028809,0.0002921184647404577,0.0013357357211053488
2024-07-02,11.4399995803833,11.4399995803833,11.4399995803833,11.4399995803833,0,0.0,11.439999771118163,11.448999834060668,55.55342456567005,-0.43528498035538876,1383.4200439453125,18028.759765625,12.029999732971191,-0.0002911274832145816,0.0005042475924078826
2024-07-03,11.5,11.5,11.369999885559082,11.369999885559082,400,0.005244792116914532,11.453999710083007,11.453999853134155,61.443796149757716,-0.43524010955819553,1383.4200439453125,18188.30078125,12.09000015258789,0.0017482640389715105,0.003028082140544329
2024-07-05,11.449999809265137,11.449999809265137,11.399999618530273,11.399999618530273,200,-0.004347842672596802,11.453999710083007,11.451499843597412,48.146431490034296,-0.4352625449567921,1380.25,18352.759765625,12.479999542236328,0.0002989831481059098,0.004803301337973171
2024-07-08,11.425000190734863,11.449999809265137,11.401000022888184,11.401000022888184,500,-0.002183372833774566,11.45099983215332,11.449749851226807,41.97386640706527,-0.43522889185889724,1376.5699462890625,18403.740234375,12.369999885559082,-0.00042880779648561224,0.0050312557481998425
2024-07-09,11.399999618530273,11.401000022888184,11.399999618530273,11.401000022888184,600,-0.002188233854460986,11.442999839782715,11.445749855041504,48.56944685943231,-0.4352176741595989,1382.75,18429.2890625,12.510000228881836,-0.0029064831202774513,0.00124825635455133
2024-07-10,11.5,11.5,11.399999618530273,11.425000190734863,127400,0.008771963580347819,11.454999923706055,11.443249845504761,52.62970599799139,-0.420993631449347,1382.4200439453125,18647.44921875,12.850000381469727,0.001466785630704089,0.006326470150435537
2024-07-11,11.479999542236328,11.5,11.4399995803833,11.486000061035156,100200,-0.001739170240319332,11.45099983215332,11.447249841690063,54.05197401252709,-0.4240448456584862,1382.989990234375,18283.41015625,12.920000076293945,0.0016148531618558337,0.006202304949714418
2024-07-12,11.600000381469727,11.649999618530273,11.489999771118164,11.609999656677246,102700,0.010453035193241922,11.480999946594238,11.45699987411499,69.56309124439406,-0.42376440317602854,1371.27001953125,18398.44921875,12.460000038146973,0.005828609511090137,0.006607569009575501
2024-07-15,11.970000267028809,12.350000381469727,11.5600004196167,11.640000343322754,187000,0.03189654080961346,11.589999961853028,11.482249879837036,82.71460666803287,-0.41430788266755664,1374.1099853515625,18472.5703125,13.119999885559082,0.01353680192084535,0.017028578254844086
2024-07-16,11.75,11.996000289916992,11.75,11.960000038146973,18200,-0.01837930343533878,11.660000038146972,11.495249891281128,65.68532161682465,-0.4332433590830971,1383.68994140625,18509.33984375,13.1899995803833,0.007990090855838869,0.02522825201520181
2024-07-17,11.380000114440918,11.800000190734863,11.319999694824219,11.630000114440918,94600,-0.03148935196247504,11.636000061035157,11.493749904632569,48.200949423767305,-0.42467303681919133,1382.6400146484375,17996.919921875,14.479999542236328,-0.005990704862733454,0.03345969039865051
2024-07-18,11.425000190734863,11.449999809265137,11.350000381469727,11.380000114440918,48200,0.003954312464095722,11.625000190734863,11.490999937057495,49.11613706191019,-0.4298780492936053,1378.6500244140625,17871.220703125,15.930000305175781,-0.015304780977906033,0.017920738077762982
2024-07-19,11.390000343322754,11.4399995803833,11.3100004196167,11.430000305175781,69000,-0.0030634439236589817,11.583000183105469,11.487999963760377,48.26344909604968,-0.42754476783955764,1385.239990234375,17726.939453125,16.520000457763672,-0.010199494474012768,0.018768477564489447
2024-07-22,11.350000381469727,11.390000343322754,11.350000381469727,11.359999656677246,15700,-0.003511849047175608,11.459000205993652,11.484499979019166,46.959047253957856,-0.4335238015655547,1388.81005859375,18007.5703125,14.90999984741211,-0.0008736601689129561,0.004187153758522659
2024-07-23,11.300000190734863,11.350000381469727,11.289999961853027,11.350000381469727,66500,-0.00440530300038533,11.369000244140626,11.477500009536744,45.42444865637275,-0.4278252103220153,1387.0999755859375,17997.349609375,14.720000267028809,-0.0036601986570733067,0.0006831194262474746
2024-07-24,11.350000381469727,11.449999809265137,11.1899995803833,11.1899995803833,55300,0.004424795565566519,11.363000297546387,11.47350001335144,45.06539462424834,-0.42908159264342555,1384.5699462890625,17342.41015625,18.040000915527344,-0.0011641188273314729,0.004860713739769515
2024-07-25,11.359999656677246,11.380000114440918,11.359999656677246,11.359999656677246,21300,0.0008809933807443215,11.350000190734864,11.469999980926513,46.95901307607521,-0.4328956104048496,1382.6500244140625,17181.720703125,18.459999084472656,0.00030016198197517036,0.004443611594914007
2024-07-26,9.550000190734863,11.109999656677246,9.510000228881836,11.109999656677246,19100,-0.15933094371869028,10.982000160217286,11.375,21.286290730023453,-0.4331423997894123,1381.4300537109375,17357.880859375,16.389999389648438,-0.05134171825745981,0.09353819671807148
2024-07-29,8.760000228881836,10.449999809265137,8.640000343322754,9.380000114440918,22900,-0.08272250744240428,10.464000129699707,11.241000032424926,17.245610811335226,-0.43271612721607666,1382.0899658203125,17370.19921875,16.600000381469727,-0.08039081926011675,0.08013141565343061
2024-07-30,9.109999656677246,10.569999694824219,8.630000114440918,8.630000114440918,19200,0.03995427153545705,10.026000022888184,11.124500036239624,22.079361277380727,-0.43313118209011403,1381.3599853515625,17147.419921875,17.690000534057617,-0.06736639320854583,0.10052615051813853
2024-07-31,8.289999961853027,9.010000228881836,8.100000381469727,9.010000228881836,4400,-0.09001094684160538,9.413999938964844,10.967000055313111,18.60230870273378,-0.4347914015862633,1383.5,17599.400390625,16.360000610351562,-0.04425972758285087,0.07302245252552625
2024-08-01,10.449999809265137,11.630000114440918,8.3100004196167,8.3100004196167,106000,0.26055486819680196,9.231999969482422,10.914500045776368,41.92406855687879,-0.42339421909918445,1367.9200439453125,17194.150390625,18.59000015258789,0.07016606429688454,0.1772248909853813
2024-08-02,10.539999961853027,11.010000228881836,9.930000305175781,10.5600004196167,9000,0.008612454950295279,9.429999923706054,10.869000053405761,39.546697769648794,-0.4342753874185412,1368.969970703125,16776.16015625,23.389999389648438,0.05971879210183062,0.18078437692779348
2024-08-05,11.0,11.0,9.489999771118164,9.789999961853027,29900,0.04364326753432923,9.877999877929687,10.847750043869018,44.70329995014703,-0.43193088826519527,1357.1700439453125,16200.080078125,38.56999969482422,0.10427019689380883,0.13647513810503317
2024-08-06,13.859999656677246,14.5,10.880000114440918,10.890000343322754,101800,0.2599999687888406,10.827999877929688,10.970750045776366,62.95706628847585,-0.4238653624697133,1367.4000244140625,16366.849609375,27.709999084472656,0.10408523042448836,0.13615742244546467
2024-08-07,10.600000381469727,13.630000114440918,10.600000381469727,13.630000114440918,29600,-0.23520918874171615,11.289999961853027,10.925750064849854,46.77351153572163,-0.4319645413630902,1370.31005859375,16195.8095703125,27.850000381469727,0.022811349193817887,0.2482609595603792
2024-08-08,10.300000190734863,12.5,9.520000457763672,10.770000457763672,88700,-0.028301903767787184,11.260000038146973,10.86675009727478,45.82370419056198,-0.4253348810777914,1375.3299560546875,16660.01953125,23.790000915527344,-0.0011703745735542521,0.24871694219100568
2024-08-09,11.390000343322754,12.199999809265137,8.699999809265137,10.420000076293945,63000,0.10582525557313827,11.430000114440919,10.856250095367432,50.14179407511491,-0.428217829797456,1373.760009765625,16745.30078125,20.3700008392334,-0.05256194564545502,0.1718066799522505
2024-08-12,9.399999618530273,11.399999618530273,9.0,11.100000381469727,19900,-0.17471472035197033,11.110000038146973,10.727750062942505,44.07726575968805,-0.43305265819502586,1363.8399658203125,16780.609375,20.709999084472656,-0.03239712284887308,0.14031481617244382
2024-08-13,10.149999618530273,11.970000267028809,8.699999809265137,9.109999656677246,63900,0.07978723728046977,10.368000030517578,10.647750043869019,46.415729054718746,-0.42811687050377123,1369.5400390625,17187.609375,18.1200008392334,0.0036325908338792345,0.15500102307587854
2024-08-14,11.199999809265137,11.699999809265137,9.5,10.760000228881836,46100,0.10344829854160165,10.48799991607666,10.638750028610229,49.550017625413545,-0.43011362097886974,1362.1700439453125,17192.599609375,16.190000534057617,0.002840271823367028,0.15422157076683157
2024-08-15,9.75,11.125,9.524999618530273,11.0,37500,-0.12946427088915058,10.377999877929687,10.555000019073486,50.57401164929508,-0.431078343118524,1355.7099609375,17594.5,15.229999542236328,0.017923754977640278,0.12818886098910123
2024-08-16,10.1899995803833,11.420000076293945,7.710000038146973,10.899999618530273,194200,0.045128162090595,10.137999725341796,10.494999980926513,54.18858899868968,-0.4135002083180786,1363.510009765625,17631.720703125,14.800000190734863,0.00637072991434869,0.12119682405649497
2024-08-19,8.199999809265137,12.0,8.199999809265137,10.119999885559082,48400,-0.1952894850897834,9.89799976348877,10.337499952316284,47.56811007212142,-0.42985561389500865,1348.97998046875,17876.76953125,14.649999618530273,-0.09320853129611299,0.12424178145461312
2024-08-20,8.050000190734863,9.319999694824219,7.840000152587891,9.010000228881836,40800,-0.018292636831624076,9.477999877929687,10.174999952316284,49.33477384132331,-0.4307081590416799,1330.8800048828125,17816.939453125,15.880000114440918,-0.05615131994360415,0.12459984423813389
2024-08-21,8.84000015258789,12.289999961853027,8.0,8.630000114440918,217200,0.09813663889875146,9.005999946594239,10.049499940872192,45.17092864644297,-0.41092013747946826,1327.5799560546875,17918.990234375,16.270000457763672,-0.03848182767421867,0.14775122716882183
2024-08-22,10.3100004196167,11.956999778747559,10.0,11.010000228881836,238600,0.16628962009672232,9.118000030517578,9.996999979019165,49.362843840568324,-0.4085195498296308,1333.6600341796875,17619.349609375,17.549999237060547,0.08204454072128324,0.09333739395872094
2024-08-23,10.050000190734863,11.069999694824219,9.5,11.0,65400,-0.025218255897171193,9.09000015258789,10.021999979019165,47.33889889464787,-0.42794860501429666,1339.5400390625,17877.7890625,15.859999656677246,0.07973600103276753,0.09707087229096807
2024-08-26,10.050000190734863,10.359999656677246,9.680000305175781,10.050000190734863,73500,0.0,9.460000228881835,10.086499977111817,37.2914944438434,-0.42703997137113386,1323.8800048828125,17725.76953125,16.149999618530273,0.047023788066517046,0.10405404425113257
2024-08-27,8.899999618530273,10.079999923706055,8.25,10.079999923706055,67100,-0.11442791546061659,9.630000114440918,10.075999975204468,43.4005715290354,-0.42775790412622544,1326.6400146484375,17754.8203125,15.430000305175781,-0.04654872378592926,0.060122197268816686
2024-08-28,7.889999866485596,8.699999809265137,7.010000228881836,8.630000114440918,54000,-0.11348312307135433,9.440000057220459,10.055999970436096,41.133143009901126,-0.42922742273430353,1326.3599853515625,17556.029296875,17.110000610351562,-0.07597034617732364,0.0657939456324934
2024-08-29,7.289999961853027,8.300000190734863,7.079999923706055,8.0,40600,-0.07604561657614117,8.835999965667725,9.89799997806549,34.35110732676259,-0.43073059444027656,1336.68994140625,17516.4296875,15.649999618530273,-0.10131888503603736,0.021892389822703005
2024-08-30,8.779999732971191,8.890000343322754,7.269999980926514,7.489999771118164,51700,0.20438954443278545,8.58199987411499,9.8099999666214,47.539630060269054,-0.42948542981816457,1332.8800048828125,17713.619140625,15.0,0.00495360159509665,0.17372798621642163
2024-09-03,8.699999809265137,9.5,8.119999885559082,9.5,33600,-0.009111608899671664,8.311999797821045,9.694999957084656,43.92283241207503,-0.43151583339115795,1337.550048828125,17136.30078125,20.719999313354492,0.03974410631899087,0.14646204479205846
2024-09-04,8.5,9.029999732971191,8.010000228881836,8.800000190734863,18600,-0.02298848432756806,8.23199987411499,9.426999974250794,37.815836422899956,-0.43319848828590385,1340.4100341796875,17084.30078125,21.31999969482422,0.05742981706851524,0.12745984865103918
2024-09-05,8.699999809265137,8.779999732971191,8.329999923706055,8.779999732971191,59100,0.023529389325310124,8.3939998626709,9.331999945640565,44.65914137684259,-0.42865532007008994,1331.010009765625,17127.66015625,19.899999618530273,-0.0028569013006432,0.023881356068244822
2024-09-06,9.300000190734863,9.5600004196167,8.710000038146973,8.989999771118164,42300,0.06896556260044417,8.795999908447266,9.281999945640564,45.5454846707943,-0.43053989355220534,1332.7900390625,16690.830078125,22.3799991607666,0.023168822532728745,0.04597808383261208
2024-09-09,7.579999923706055,10.0,7.570000171661377,9.800000190734863,128200,-0.18494626147882887,8.555999946594238,9.091499924659729,46.81063284206163,-0.4209038898549605,1337.77001953125,16884.599609375,19.450000762939453,-0.03081710318435819,0.13539925973908978
2024-09-10,7.0,8.15999984741211,6.800000190734863,7.699999809265137,51300,-0.07651714110077168,8.215999984741211,8.971499943733216,44.827523727846234,-0.4295303006153578,1341.27001953125,17025.880859375,19.079999923706055,-0.0641659466597188,0.12740572045597656
2024-09-11,6.619999885559082,7.135000228881836,6.409999847412109,6.909999847412109,14600,-0.054285730634416884,7.839999961853027,8.794999957084656,38.60364008804869,-0.4336471962578361,1343.3399658203125,17395.529296875,17.690000534057617,-0.10524971107133914,0.06990861186557093
2024-09-12,6.510000228881836,6.989999771118164,6.150000095367432,6.980000019073486,34200,-0.01661626262520033,7.402000045776367,8.56049997806549,27.32692249177444,-0.43144852719536814,1339.1800537109375,17569.6796875,17.06999969482422,-0.049139711453462964,0.030280190646598426
2024-09-13,6.329999923706055,6.900000095367432,6.329999923706055,6.900000095367432,24700,-0.02764981549112766,6.807999992370606,8.389499974250793,27.59031381427404,-0.4325142086287072,1335.68994140625,17683.98046875,16.559999465942383,-0.03285060291691496,0.01936577773833299
2024-09-16,5.685999870300293,6.400000095367432,4.889999866485596,6.400000095367432,37600,-0.10173776637720966,6.429199981689453,8.164299988746643,25.603715505632664,-0.4310671254192257,1329.510009765625,17592.130859375,17.139999389648438,-0.04866794816451255,0.04628972916379872
2024-09-17,5.150000095367432,7.599999904632568,5.005000114440918,5.909999847412109,364300,-0.09426658233542196,6.05920000076294,8.011800003051757,27.490951562794862,-0.39441890181166017,1319.1099853515625,17628.060546875,17.610000610351562,-0.07455138806791976,0.0407893709240365
2024-09-18,4.75,5.150000095367432,4.75,5.150000095367432,59100,-0.07766991999228168,5.685200023651123,7.846799993515015,29.663158953970964,-0.42865532007008994,1322.9300537109375,17573.30078125,18.229999542236328,-0.0912247562349711,0.012318881317764058
2024-09-19,7.0,10.760000228881836,5.619999885559082,8.130000114440918,7604600,0.4736842105263157,5.783199977874756,7.7547999858856205,48.45243579467906,0.417776180483585,1322.260009765625,18013.98046875,16.329999923706055,0.10058256939953736,0.3232220417280581
2024-09-20,6.360000133514404,6.99399995803833,6.050000190734863,6.050000190734863,421700,-0.09142855235508507,5.789200019836426,7.557299971580505,35.79806556142751,-0.38797994241443257,1327.6099853515625,17948.3203125,16.149999618530273,0.10152857939298299,0.3223696408306939
2024-09-23,5.53000020980835,6.210000038146973,5.480000019073486,6.210000038146973,162000,-0.13050312991855462,5.758000087738037,7.33129997253418,32.90178630809383,-0.4171123074921331,1331.5,17974.26953125,15.890000343322754,0.08391750941755867,0.3381128016252021
2024-09-24,4.920000076293945,5.579999923706055,4.809999942779541,5.440000057220459,174700,-0.11030743406346899,5.71200008392334,7.074799966812134,31.508219870130432,-0.41568765968124827,1333.6199951171875,18074.51953125,15.390000343322754,-0.11074637211236955,0.019540986487354504
2024-09-25,7.519999980926514,8.119999885559082,5.300000190734863,5.320000171661377,3173500,0.5284552569745187,6.266000080108642,7.0057999849319454,45.11584262562816,-0.07929129312364964,1324.8900146484375,18082.2109375,15.40999984741211,0.09588156433083168,0.37475587548204503
2024-09-26,7.230000019073486,9.0,6.900000095367432,8.399999618530273,712500,-0.038563824812310354,6.31200008392334,6.97279999256134,41.20640733725607,-0.35535887285495893,1335.050048828125,18190.2890625,15.369999885559082,0.12652799936624645,0.34992274386423583
2024-09-27,7.380000114440918,7.949999809265137,7.0,7.0,219400,0.0207469011025887,6.516000080108642,6.977300000190735,49.0195414780544,-0.4106733480949055,1313.300048828125,18119.58984375,16.959999084472656,0.17021277775493235,0.3116611878148848
2024-09-30,6.710000038146973,7.7270002365112305,6.510000228881836,7.150000095367432,126400,-0.09078591678920345,6.752000045776367,6.873800015449524,48.5907989876002,-0.42110580844233003,1309.300048828125,18189.169921875,16.729999542236328,-0.036200946832975034,0.05580394037144553
2024-10-01,6.619999885559082,7.25,6.010000228881836,6.96999979019165,42000,-0.013412839355623207,7.0920000076293945,6.769800019264221,49.999930000098004,-0.4305735466501003,1315.3299560546875,17910.359375,19.260000228881836,-0.027817285014079318,0.057144627111973434
2024-10-02,6.820000171661377,7.199999809265137,6.369999885559082,6.449999809265137,43500,0.030211524102678133,6.9520000457763675,6.68580002784729,51.53610254377404,-0.43040528116062565,1324.8399658203125,17925.119140625,18.899999618530273,-0.024662410680716174,0.06127813490018173
2024-10-03,7.179999828338623,9.447999954223633,6.410999774932861,8.579999923706055,5379200,0.05278587208445029,6.942000007629394,6.609800028800964,54.138192539032396,0.16813750029908456,1324.030029296875,17918.48046875,20.489999771118164,0.023194852277168405,0.03365252756795125
2024-10-04,6.909999847412109,7.5,6.320000171661377,7.059999942779541,557800,-0.03760445506709553,6.847999954223633,6.490300011634827,56.184237352713396,-0.3727126536694382,1334.4100341796875,18137.849609375,19.209999084472656,0.015130980373344297,0.047044339829783406
2024-10-07,6.860000133514404,7.230000019073486,6.659999847412109,6.75,276800,-0.007235848770160369,6.877999973297119,6.454300022125244,59.0859910828784,-0.4042343886976779,1345.8800048828125,17923.900390625,22.639999389648438,0.0026485227490647967,0.0459986783602359
2024-10-08,6.909999847412109,8.079999923706055,6.809999942779541,7.900000095367432,1136400,0.0072885878898796275,6.935999965667724,6.44980001449585,61.920433979109085,-0.30780704552944,1342.3699951171875,18182.919921875,21.420000076293945,-0.012517238649125425,0.022907774570534806
2024-10-09,7.099999904632568,7.320000171661377,6.909999847412109,7.179999828338623,320600,0.027496390942992166,6.991999912261963,6.473800015449524,50.714183653372366,-0.39932103640501987,1341.31005859375,18291.619140625,20.860000610351562,0.009183043354237141,0.017443446907157125
2024-10-10,7.059999942779541,7.239999771118164,6.920000076293945,7.010000228881836,165600,-0.005633797519761674,6.9679999351501465,6.5013000011444095,55.468627498216826,-0.4167084703173941,1343.02001953125,18282.05078125,20.93000030517578,0.009717060437703373,0.01669806743551656
2024-10-11,6.869999885559082,7.090000152587891,6.559999942779541,7.019999980926514,190000,-0.026912189626117078,6.959999942779541,6.528299999237061,61.63179233100848,-0.41397135168860744,1349.739990234375,18342.939453125,20.459999084472656,-0.0016831987342955286,0.027418585538993782
2024-10-14,6.789999961853027,7.079999923706055,6.650000095367432,6.670000076293945,93100,-0.011644821694133722,6.9459999084472654,6.583500003814697,67.87744783505364,-0.4248413023086659,1348.3299560546875,18502.689453125,19.700000762939453,-0.01473026961333749,0.010969616415561299
2024-10-15,6.679999828338623,6.932000160217285,6.349999904632568,6.78000020980835,103400,-0.01620031430521318,6.899999904632568,6.659999990463257,34.671351628917336,-0.4236858792809404,1357.27001953125,18315.58984375,20.639999389648438,-0.018252441875154662,0.007837828242895768
2024-10-16,6.070000171661377,6.590000152587891,6.010000228881836,6.550000190734863,162700,-0.09131731622049433,6.69399995803833,6.7259999990463255,31.045608780436154,-0.41703378359704496,1363.1800537109375,18367.080078125,19.579999923706055,-0.03972081740661374,0.04474189474776963
2024-10-17,5.739999771118164,6.289999961853027,5.550000190734863,6.059999942779541,189800,-0.05436579756354287,6.429999923706054,6.662999987602234,24.691244248064308,-0.4139937870872041,1364.199951171875,18373.609375,19.110000610351562,-0.053961142696416796,0.03756013582718005
2024-10-18,5.28000020980835,5.71999979019165,5.139999866485596,5.519999980926514,275100,-0.08013929959098332,6.111999988555908,6.6089999914169315,26.40251531171245,-0.4044250895857491,1370.050048828125,18489.55078125,18.030000686645508,-0.07527413779167351,0.0189500931993451
2024-10-21,5.409999847412109,5.489999771118164,5.25,5.25,74700,0.024621142507204263,5.835999965667725,6.602999973297119,30.293012762973902,-0.42690535897955423,1369.010009765625,18540.009765625,18.3700008392334,-0.036627984882440644,0.054586262522582925
2024-10-22,5.130000114440918,5.498000144958496,5.099999904632568,5.420000076293945,101500,-0.05175595949510614,5.526000022888184,6.613499975204467,23.17448383773724,-0.42389901556760823,1376.5,18579.76953125,18.200000762939453,-0.035758038859628395,0.05418152503987149
2024-10-23,5.0,5.179999828338623,4.929999828338623,5.059999942779541,92500,-0.025341152347144846,5.311999988555908,6.4874999761581424,12.671157751879377,-0.4249086085044558,1376.6300048828125,18276.650390625,19.239999771118164,-0.01749198977834891,0.03878881852211256
2024-10-24,5.099999904632568,5.110000133514404,4.901000022888184,4.949999809265137,68600,0.019999980926513672,5.184000015258789,6.380999970436096,17.09080600463973,-0.42758963863675087,1377.3399658203125,18415.490234375,19.079999923706055,-0.01903237697191244,0.03629158623564321
2024-10-25,5.079999923706055,5.289999961853027,5.010000228881836,5.289999961853027,88500,-0.003921564960883028,5.14399995803833,6.265999960899353,17.27930497402626,-0.42535731647638797,1376.3199462890625,18518.609375,20.329999923706055,-0.0030875787938380674,0.0226820687180434
2024-10-28,5.0,5.260000228881836,4.849999904632568,5.059999942779541,110100,-0.015748016714081325,5.061999988555908,6.180499958992004,15.272640252305422,-0.4229342934279539,1387.6600341796875,18567.189453125,19.799999237060547,0.00011013308384977272,0.018211830651280868
2024-10-29,4.960000038146973,5.039999961853027,4.800000190734863,4.949999809265137,107700,-0.007999992370605447,5.027999973297119,6.097499966621399,8.846092176254757,-0.42320351821111324,1381.969970703125,18712.75,19.34000015258789,-0.009223191348523266,0.00600736232238213
2024-10-30,4.900000095367432,4.949999809265137,4.809999942779541,4.869999885559082,49200,-0.012096762564130281,5.007999992370605,6.001499962806702,8.778565152763306,-0.42976587230062224,1383.1800537109375,18607.9296875,20.350000381469727,-0.011948257216272351,0.0038761463705000556
2024-10-31,4.900000095367432,5.03000020980835,4.760000228881836,4.96999979019165,46400,0.0,4.968000030517578,5.887499976158142,9.464951590764784,-0.4300799678809748,1378.5699462890625,18095.150390625,23.15999984741211,-0.006698918311578576,0.006152439468499526
2024-11-01,4.5,4.900000095367432,4.409999847412109,4.800000190734863,73800,-0.08163267093517013,4.852000045776367,5.766999983787537,8.363580039870442,-0.427006318273239,1372.9300537109375,18239.919921875,21.8799991607666,-0.0312431444997668,0.04405577370698878
2024-11-04,4.179999828338623,4.449999809265137,4.150000095367432,4.349999904632568,76800,-0.07111114925808382,4.688000011444092,5.632999968528748,7.770220457566126,-0.4266697872942898,1379.3399658203125,18179.98046875,21.979999542236328,-0.050914606731084645,0.04440606364603957
2024-11-05,4.440000057220459,4.449999809265137,4.133999824523926,4.179999828338623,43300,0.06220101424864777,4.584000015258789,5.509499979019165,18.773839357682604,-0.4304277165592223,1372.8599853515625,18439.169921875,20.489999771118164,-0.030180935314868724,0.08017789008490707
2024-11-06,4.460000038146973,4.639999866485596,4.300000190734863,4.349999904632568,61400,0.004504500150622537,4.496000003814697,5.377499985694885,22.173774647334866,-0.4283973129862289,1378.0,18983.470703125,16.270000457763672,-0.0014685449529378374,0.06685649695854749
2024-11-07,4.489999771118164,4.598999977111816,4.349999904632568,4.369999885559082,33200,0.00672639746964121,4.413999938964844,5.248999977111817,28.876770749196737,-0.4315607041883512,1399.800048828125,19269.4609375,15.199999809265137,0.024477303956303837,0.032688575153860686
2024-11-08,4.440000057220459,4.579999923706055,4.25,4.400000095367432,44000,-0.011135794308794189,4.4019999504089355,5.127499985694885,22.904846854183035,-0.43034919266413413,1372.0799560546875,19286.779296875,14.9399995803833,3.170110382318588e-05,0.009734933090021668
2024-11-11,4.309999942779541,4.400000095367432,4.130000114440918,4.400000095367432,90600,-0.02927930467692408,4.427999973297119,5.003499984741211,24.99977931837263,-0.4251217447911236,1397.199951171875,19298.759765625,14.970000267028809,-0.011229567172025686,0.018003034238128126
2024-11-12,4.28000020980835,4.449999809265137,3.859999895095825,4.409999847412109,107000,-0.006960494981316456,4.396000003814697,4.883500003814698,26.623133589501307,-0.4232820421062014,1400.550048828125,19281.400390625,14.710000038146973,-0.01579186465567824,0.011865561927845956
2024-11-13,3.990000009536743,4.78000020980835,3.819999933242798,4.619999885559082,206900,-0.0677570528167315,4.3019999980926515,4.779499995708465,17.91892910021727,-0.41207556050719374,1406.6500244140625,19230.720703125,14.020000457763672,-0.03466561749165734,0.030754099490350413
2024-11-14,3.450000047683716,4.046999931335449,3.4000000953674316,3.9600000381469727,133000,-0.13533833598053646,4.094000053405762,4.665000009536743,13.77769096672803,-0.42036544028864187,1399.0,19107.650390625,14.3100004196167,-0.0700186279261948,0.06421879441711026
2024-11-15,2.7300000190734863,3.4539999961853027,2.5950000286102295,3.4100000858306885,318800,-0.20869565758227393,3.7520000457763674,4.5375,10.726590151503899,-0.3995229549923894,1400.8299560546875,18680.119140625,16.139999389648438,-0.13726368212651396,0.0704890260725088
2024-11-18,2.6500000953674316,2.8499999046325684,2.640000104904175,2.7699999809265137,93000,-0.02930400115279308,3.4200000762939453,4.399500012397766,10.580152891473446,-0.4248525200079642,1394.3499755859375,18791.810546875,15.579999923706055,-0.12444599823853449,0.09019048655619179
2024-11-19,2.569999933242798,2.799999952316284,2.384999990463257,2.7699999809265137,241800,-0.030188739337966508,3.078000020980835,4.27150000333786,10.50842259625665,-0.408160583452085,1389.5,18987.470703125,16.350000381469727,-0.08939613269101117,0.10331736625502438
2024-11-20,2.009999990463257,2.9800000190734863,1.899999976158142,2.799999952316284,9529700,-0.21789881608009976,2.682000017166138,4.122000002861023,8.831871998852819,0.6337281096752728,1392.1600341796875,18966.140625,17.15999984741211,-0.09246385219028645,0.10863076596868476
2024-11-21,1.7400000095367432,2.0,1.6299999952316284,2.0,1362600,-0.13432834935699933,2.3400000095367433,3.954000008106232,9.171558287930893,-0.28243260971667195,1397.6199951171875,18972.419921875,16.8700008392334,-0.1274719682583552,0.09404268019873624
2024-11-22,1.8200000524520874,1.850000023841858,1.5700000524520874,1.6399999856948853,2645100,0.0459770359062488,2.1580000162124633,3.7910000145435334,12.420327332425757,-0.13856561621589825,1399.5999755859375,19003.650390625,15.239999771118164,-0.10208337651028343,0.1348607430677824
2024-11-25,2.190000057220459,2.3299999237060547,1.8799999952316284,1.899999976158142,2011500,0.20329670005771172,2.0660000085830688,3.650500017404556,15.384544033983957,-0.2096409589699647,1403.510009765625,19054.83984375,14.600000381469727,0.03831512886898706,0.16894288121331796
2024-11-26,2.240000009536743,2.680000066757202,2.140000104904175,2.430000066757202,1999600,0.022831027858393638,2.000000023841858,3.5145000159740447,16.15846196521464,-0.2109758651864631,1395.56005859375,19174.30078125,14.100000381469727,0.09070158794078471,0.09819459698275347
2024-11-27,2.2100000381469727,2.4010000228881836,2.061000108718872,2.319999933242798,629000,-0.013392844313413588,2.0400000333786013,3.3800000131130217,15.24383861487911,-0.36472565176904437,1395.27001953125,19060.48046875,14.100000381469727,0.07091162786756393,0.11607065836322654
2024-11-29,2.119999885559082,2.1549999713897705,1.9600000381469727,2.119999885559082,502700,-0.04072405024180603,2.116000008583069,3.2410000026226045,15.060176678396346,-0.37889360598280475,1393.300048828125,19218.169921875,13.510000228881836,-0.010428622232275328,0.03188105938469357
2024-12-02,2.490000009536743,2.680000066757202,2.1700000762939453,2.200000047683716,2375500,0.1745283697881359,2.25,3.1405000030994414,24.43810838092962,-0.16880853352413108,1399.8599853515625,19403.94921875,13.34000015258789,0.040137158410972096,0.11718573708408886
2024-12-03,2.299999952316284,2.490000009536743,2.200000047683716,2.4700000286102295,661000,-0.07630524357138779,2.271999979019165,3.0465000092983248,23.38700891363945,-0.3611359879935865,1401.06005859375,19480.91015625,13.300000190734863,0.019166358658314026,0.13571853670894204
2024-12-04,2.2899999618530273,2.4600000381469727,2.180000066757202,2.440000057220459,619400,-0.004347822030685733,2.281999969482422,2.939000004529953,25.290596178061648,-0.36580255090168173,1411.6700439453125,19735.119140625,13.449999809265137,0.031291768062020796,0.12915885832660057
2024-12-05,2.119999885559082,2.509999990463257,2.059999942779541,2.4000000953674316,1549700,-0.07423584241302095,2.2639999389648438,2.8219999969005585,28.33863323641542,-0.2614442943295415,1410.800048828125,19700.259765625,13.539999961853027,-0.05162963600503149,0.04096032293350536
2024-12-06,1.8300000429153442,2.130000114440918,1.7999999523162842,2.069999933242798,1729900,-0.1367923859898038,2.205999970436096,2.6890000104904175,32.95437259508756,-0.24123000019399424,1399.989990234375,19859.76953125,12.770000457763672,-0.07179201681117016,0.06625609287650026
2024-12-09,1.9500000476837158,2.369999885559082,1.9199999570846558,2.109999895095825,4744000,0.06557377155969979,2.0979999780654905,2.5645000100135804,36.94010613428792,0.09688267435624519,1424.219970703125,19736.689453125,14.1899995803833,-0.04848481894770832,0.10361154297408635
2024-12-10,1.9299999475479126,2.0399999618530273,1.8300000429153442,2.0399999618530273,4245100,-0.010256461357301072,2.0239999771118162,2.445500010251999,37.786059038435205,0.040917572556996844,1426.5999755859375,19687.240234375,14.180000305175781,-0.027158358595801697,0.102236348859069
2024-12-11,1.9900000095367432,2.7699999809265137,1.9299999475479126,2.319999933242798,60138700,0.031088115865008925,1.9639999866485596,2.3310000002384186,49.527975345792186,6.310893547554928,1433.949951171875,20034.890625,13.579999923706055,0.028801808689135882,0.03796678095965592
2024-12-12,2.069999933242798,2.3399999141693115,2.0299999713897705,2.2799999713897705,19453500,0.040200966493803225,1.9539999961853027,2.2349999964237215,58.54879476336317,1.746950152640558,1429.1500244140625,19902.83984375,13.920000076293945,0.020344207000503694,0.02688980642555741
2024-12-13,1.9900000095367432,2.1600000858306885,1.9299999475479126,2.1600000858306885,8775400,-0.03864730738456079,1.9859999895095826,2.1619999945163726,54.403748903004356,0.5491130038681511,1427.8599853515625,19926.720703125,13.8100004196167,0.010880591658083786,0.0431337524373834
2024-12-16,2.130000114440918,2.1510000228881836,2.0199999809265137,2.1500000953674316,8634700,0.07035181117248634,2.0220000028610228,2.1319999992847443,48.23489886908133,0.5333297009554345,1434.449951171875,20173.890625,14.6899995803833,0.023968490093909594,0.056283407227247145
2024-12-17,3.2899999618530273,4.0,2.1700000762939453,2.1700000762939453,72529500,0.544600838069244,2.294000005722046,2.163999992609024,68.68292977561765,7.70085623220942,1431.3499755859375,20109.060546875,15.869999885559082,0.1921017806190565,0.3100998082698637
2024-12-18,3.75,4.318999767303467,3.494999885559082,3.9100000858306885,44897300,0.1398176423953168,2.6460000038146974,2.2229999959468842,73.76511095321366,4.6011591267029255,1436.4200439453125,19392.689453125,27.6200008392334,0.25159009721234904,0.25612076471852013
2024-12-19,3.0399999618530273,3.619999885559082,2.930000066757202,3.609999895095825,13059600,-0.1893333435058594,2.8400000095367433,2.274499994516373,61.91687445268926,1.0297016772061742,1451.5,19372.76953125,24.09000015258789,0.1650283789862338,0.36761601114569487
2024-12-20,2.9600000381469727,3.190000057220459,2.619999885559082,3.109999895095825,12527800,-0.026315764707210976,3.034000015258789,2.335499995946884,56.58241168520203,0.9700459523377832,1437.449951171875,19572.599609375,18.360000610351562,-0.025277155272584523,0.16457795086856955
2024-12-23,3.2300000190734863,3.3299999237060547,3.0,3.259999990463257,11086200,0.09121620859692281,3.2539999961853026,2.405999994277954,62.73948679655977,0.8083315992534048,1445.4200439453125,19764.880859375,16.780000686645508,-0.04147763320538252,0.1408879856074845
2024-12-24,3.559999942779541,3.809999942779541,3.2799999713897705,3.6500000953674316,26417600,0.10216715843881441,3.3079999923706054,2.474499988555908,65.99473009469327,2.528161949473882,1442.699951171875,20031.130859375,14.270000457763672,0.05568920077617542,0.07122914851771307
2024-12-26,4.619999885559082,4.949999809265137,3.380000114440918,3.5999999046325684,40285600,0.2977527977014305,3.481999969482422,2.593499982357025,75.71994830266816,4.08383248816295,1457.6099853515625,20020.359375,14.729999542236328,0.16371205491238924,0.11621175229376908
2024-12-27,4.599999904632568,5.449999809265137,4.239999771118164,5.179999828338623,39694300,-0.00432900030777672,3.79399995803833,2.712999975681305,80.1740472409773,4.017502232212068,1466.989990234375,19722.029296875,15.949999809265137,0.13186365194415606,0.15321476582563268
2024-12-30,4.71999979019165,4.929999828338623,3.924999952316284,4.489999771118164,18996900,0.026086932184114398,4.145999908447266,2.8429999709129334,80.17404672606865,1.695730137644493,1472.800048828125,19486.7890625,17.399999618530273,0.10650357652592272,0.1663234219450662
2024-12-31,3.819999933242798,4.639999866485596,3.625,4.630000114440918,15777200,-0.1906779442700588,4.263999891281128,2.909499967098236,67.27588066277428,1.3345538733369366,1467.3900146484375,19310.7890625,17.350000381469727,-0.05630667079790704,0.11735847471841827
2025-01-02,4.090000152587891,4.290999889373779,3.7100000381469727,3.930000066757202,11451900,0.07068068692762774,4.369999933242798,2.9989999771118163,68.48574928392652,0.8493547255873096,1473.52001953125,19280.7890625,17.93000030517578,-0.031303441719438885,0.13981174767513022
2025-01-03,4.320000171661377,4.53000020980835,3.9100000858306885,4.260000228881836,13476900,0.056234721391870135,4.309999990463257,3.100499987602234,69.29657767439386,1.076513136378005,1471.6500244140625,19621.6796875,16.1299991607666,-0.021254178650186972,0.146902963713051
2025-01-06,4.050000190734863,4.369999885559082,3.859999895095825,4.230000019073486,12465200,-0.06249999310131449,4.200000047683716,3.197000002861023,67.10948071972282,0.9630236725770437,1465.530029296875,19864.98046875,16.040000915527344,0.021471805072727796,0.07307953644148005
2025-01-07,3.7200000286102295,4.019999980926514,3.5490000247955322,4.010000228881836,9218300,-0.08148151767488088,4.000000095367431,3.291500002145767,62.801790506800906,0.598796194060348,1459.449951171875,19489.6796875,17.81999969482422,-0.029248929794775076,0.07463689123974958
2025-01-08,2.9700000286102295,3.2699999809265137,2.880000114440918,3.200000047683716,12847500,-0.2016129016752174,3.830000114440918,3.342500001192093,47.24126583251582,1.0059089369944674,1451.8800048828125,19478.880859375,17.700000762939453,-0.11519813748380425,0.07543678261615697
2025-01-10,3.2100000381469727,3.240000009536743,2.9000000953674316,3.0299999713897705,5533600,0.08080808324067523,3.654000091552734,3.406500005722046,45.161177290626114,0.18545762801566892,1455.22998046875,19161.630859375,19.540000915527344,-0.06742877870314101,0.14173395071284633
2025-01-13,2.4000000953674316,2.930000066757202,2.365000009536743,2.640000104904175,9209500,-0.252336427773729,3.2700000762939454,3.4270000100135802,44.36608883509711,0.5978090365220972,1472.25,19088.099609375,19.190000534057617,-0.12438041540275706,0.17949918943166818
2025-01-14,2.309999942779541,2.5199999809265137,2.2300000190734863,2.359999895095825,8211700,-0.03750006208816914,2.922000026702881,3.4390000104904175,44.28811520647666,0.48587883292360046,1458.8900146484375,19044.390625,18.709999084472656,-0.06967613554040764,0.16888691803055517
2025-01-15,2.4100000858306885,2.7100000381469727,2.380000114440918,2.4700000286102295,6695800,0.043290106289275876,2.660000038146973,3.460000014305115,42.57235669458034,0.3158297292605806,1460.43994140625,19511.23046875,16.1200008392334,-0.08218212785754075,0.1527943950594721
2025-01-16,3.009999990463257,3.140000104904175,2.619999885559082,2.819999933242798,18915200,0.24896260716345897,2.668000030517578,3.5040000081062317,45.2503229414318,1.686565277317777,1437.219970703125,19338.2890625,16.600000381469727,0.08491755045485523,0.1476985047301113
2025-01-17,2.8399999141693115,3.0199999809265137,2.7850000858306885,3.0199999809265137,6932600,-0.05647843084138393,2.594000005722046,3.481500005722046,31.836645261255413,0.3423932411989691,1453.3199462890625,19630.19921875,15.970000267028809,0.07859142753711697,0.15575042338867462
2025-01-21,2.859999895095825,3.0299999713897705,2.759999990463257,2.950000047683716,7874400,0.00704224701794165,2.6859999656677247,3.437000000476837,32.24480694332668,0.44804153319041445,1435.530029296875,19756.779296875,15.0600004196167,0.06650880778000556,0.16116997490543988
2025-01-22,3.1600000858306885,3.4000000953674316,3.0380001068115234,3.2300000190734863,23957400,0.10489517543314864,2.855999994277954,3.44300000667572,34.64557865250775,2.252184111336959,1425.7900390625,20009.33984375,15.100000381469727,0.018486330536568785,0.08129320688838587
2025-01-23,3.049999952316284,3.1500000953674316,2.930000066757202,3.0,5969500,-0.03481016788817204,2.9839999675750732,3.447500002384186,41.02550928040468,0.23435557925698453,1434.3399658203125,20053.6796875,15.020000457763672,0.02570908485430608,0.07169891117889327
2025-01-24,2.869999885559082,3.2799999713897705,2.8399999141693115,3.0899999141693115,7293300,-0.05901641625289322,2.9559999465942384,3.4294999957084658,35.47607168200808,0.3828554825679586,1433.9300537109375,19954.30078125,14.850000381469727,0.003689530430694458,0.0884783733476474
2025-01-27,2.640000104904175,2.75,2.5299999713897705,2.559999942779541,5697800,-0.08013929959098332,2.915999984741211,3.383500003814697,29.999901703329783,0.20387709026348727,1427.6300048828125,19341.830078125,17.899999618530273,-0.057988627910682856,0.022682037097446428
2025-01-28,2.559999942779541,2.680000066757202,2.4149999618530273,2.640000104904175,4305200,-0.030303090509739783,2.855999994277954,3.2805000066757204,31.421336861554437,0.047659409835278714,1417.9200439453125,19733.58984375,16.40999984741211,-0.05648626878453877,0.025014259304564992
2025-01-29,2.4600000381469727,2.609999895095825,2.2899999618530273,2.609999895095825,4553000,-0.03906246362021115,2.715999984741211,3.1735000133514406,33.33321197946367,0.07545686869648084,1443.260009765625,19632.3203125,16.559999465942383,-0.04983495124031142,0.02660726970286903
2025-01-30,2.559999942779541,2.630000114440918,2.4800000190734863,2.549999952316284,2659200,0.04065036710645531,2.6179999828338625,3.065500020980835,43.45028425419023,-0.1369839206148371,1443.3199462890625,19681.75,15.84000015258789,-0.009571729007831875,0.04371356606256908
2025-01-31,2.5,2.7300000190734863,2.5,2.7300000190734863,4156700,-0.023437478172126713,2.544000005722046,2.999500024318695,37.965922038210216,0.03100112637729439,1441.6600341796875,19627.439453125,16.43000030517578,-0.007283191561960852,0.04224043770520184
2025-02-03,2.2799999713897705,2.390000104904175,2.200000047683716,2.2100000381469727,4135800,-0.08800001144409175,2.471999979019165,2.909000015258789,47.45734336610495,0.028656627223948447,1456.780029296875,19391.9609375,18.6200008392334,-0.023595707503254387,0.06432533523185588
2025-02-04,2.450000047683716,2.630000114440918,2.3299999237060547,2.369999885559082,4811700,0.07456143790665148,2.45,2.815500009059906,52.868550916983715,0.10447705678119831,1459.050048828125,19654.01953125,17.209999084472656,-0.012292017236522327,0.0818518306353244
2025-02-05,2.6500000953674316,2.7149999141693115,2.315000057220459,2.4800000190734863,5444300,0.08163267093517002,2.488000011444092,2.7455000042915345,54.724107635128206,0.17544022254228173,1450.1600341796875,19692.330078125,15.770000457763672,0.022731365799243248,0.09596134124630704
2025-02-06,2.9700000286102295,3.1089999675750732,2.7899999618530273,2.869999885559082,11909800,0.12075468744405038,2.5700000286102296,2.7080000042915344,49.1147409307944,0.9007205706742525,1443.8900146484375,19791.990234375,15.5,0.09231626542862396,0.02488088561891417
2025-02-07,3.140000104904175,3.2200000286102295,2.8499999046325684,3.180000066757202,12081700,0.057239082375865946,2.6980000495910645,2.7165000081062316,56.636820841683026,0.9200037957680405,1442.1500244140625,19523.400390625,16.540000915527344,0.08654214691836211,0.032041149130711856
2025-02-10,3.3499999046325684,3.5,3.2100000381469727,3.259999990463257,12936300,0.06687891487659758,2.912000036239624,2.7235000014305113,59.99965714482298,1.015870253971363,1450.6199951171875,19714.26953125,15.8100004196167,0.0816242282321713,0.0342290260051306
2025-02-11,3.049999952316284,3.2899999618530273,3.0,3.255000114440918,5936800,-0.0895522271213881,3.032000017166138,2.7559999942779543,47.75482625652216,0.23068739158643847,1453.2099609375,19643.859375,16.020000457763672,0.011521923377025142,0.08766538380051966
2025-02-12,2.9200000762939453,3.0899999141693115,2.821000099182129,2.9000000953674316,5773800,-0.04262291083762548,3.0860000133514403,2.7865000009536742,47.368154601236704,0.2124025417301998,1450.75,19649.94921875,15.890000343322754,-0.021765407694138667,0.08027423076388751
2025-02-13,2.9100000858306885,3.059999942779541,2.819999933242798,3.055000066757202,5948100,-0.0034246541787590346,3.074000024795532,2.811500000953674,50.86926013038416,0.23195499160714705,1452.1199951171875,19945.640625,15.100000381469727,-0.045199930712590874,0.04312157787957086
2025-02-14,2.9200000762939453,2.9790000915527344,2.759999990463257,2.9600000381469727,6244300,0.0034364227382495116,3.030000019073486,2.8070000052452087,56.730387722210445,0.2651818169287293,1438.739990234375,20026.76953125,14.770000457763672,-0.01420371409271167,0.024849681121391066
2025-02-18,2.740000009536743,2.8399999141693115,2.609999895095825,2.7950000762939453,5976000,-0.06164385686785934,2.908000040054321,2.8020000100135802,54.128095063017554,0.23508472971137442,1441.2900390625,20041.259765625,15.350000381469727,-0.020544029436122952,0.03575843194694241
2025-02-19,2.640000104904175,2.799999952316284,2.640000104904175,2.7200000286102295,3521500,-0.036496315432303805,2.8260000705718995,2.791000020503998,54.128095063017554,-0.04025369956554496,1440.0799560546875,20056.25,15.270000457763672,-0.031567916520637875,0.0328188594450913
2025-02-20,2.5799999237060547,2.6700000762939453,2.4800000190734863,2.6700000762939453,3772000,-0.022727340459820944,2.758000040054321,2.762000012397766,50.46695914544085,-0.012153362823288574,1439.97998046875,19962.359375,15.65999984741211,-0.0402891709199947,0.01973355332668469
2025-02-21,2.549999952316284,2.759999990463257,2.490000009536743,2.6600000858306885,4242000,-0.011627896231359958,2.6860000133514403,2.737000012397766,51.18449343941439,0.04056982387874936,1431.699951171875,19524.009765625,18.209999084472656,-0.02361718404116157,0.012458067048617884
2025-02-24,2.430000066757202,2.5199999809265137,2.3410000801086426,2.5,3501000,-0.047058779530595896,2.588000011444092,2.715000021457672,53.73097187058693,-0.04255332792169768,1434.2900390625,19286.9296875,18.979999542236328,-0.02713800540725893,0.018122564575685413
2025-02-25,2.1600000858306885,2.4000000953674316,1.9900000095367432,2.369999885559082,4695100,-0.11111110020948456,2.4720000267028808,2.691000020503998,43.12767571585938,0.09139721939937359,1428.6500244140625,19026.390625,19.43000030517578,-0.0565992586571468,0.05042313481836831
2025-02-26,2.1700000762939453,2.369999885559082,2.1600000858306885,2.299999952316284,2955500,0.004629625030506013,2.378000020980835,2.671500027179718,37.49972346005016,-0.10374587759395659,1429.5,19075.259765625,19.100000381469727,-0.05118008490319148,0.057980321991606194
2025-02-27,1.9500000476837158,2.25,1.9500000476837158,2.2300000190734863,4550700,-0.1013824980992436,2.2520000457763674,2.646000027656555,21.977848742917587,0.07519886161261981,1434.4200439453125,18544.419921875,21.1299991607666,-0.06928799109274071,0.06419908024857161
2025-02-28,1.8300000429153442,1.9299999475479126,1.809999942779541,1.850000023841858,3465100,-0.06153846247896877,2.108000063896179,2.6095000326633455,12.994237876331894,-0.04658048196978951,1449.8599853515625,18847.279296875,19.6299991607666,-0.05276377851590212,0.05354800529999244
2025-03-03,1.659999966621399,1.9199999570846558,1.6399999856948853,1.9149999618530273,5078900,-0.09289621437555862,1.9540000438690186,2.5675000309944154,1.1560589731726338,0.1344507493062718,1459.800048828125,18350.189453125,22.780000686645508,-0.085272391651257,0.02098758676756469
2025-03-04,1.5,1.5499999523162842,1.2799999713897705,1.5399999618530273,8641900,-0.09638552399916434,1.8220000267028809,2.528500032424927,1.257849428126704,0.5341373753049126,1457.9300537109375,18285.16015625,23.510000228881836,-0.08360673361789724,0.01919115066139171
2025-03-05,1.5700000524520874,1.6200000047683716,1.5,1.5299999713897705,2964300,0.04666670163472486,1.7020000219345093,2.4845000326633455,5.882300949487501,-0.10275872005570567,1452.8499755859375,18552.73046875,21.93000030517578,-0.047538345579999364,0.08160261644676971
2025-03-06,1.409999966621399,1.5199999809265137,1.399999976158142,1.4700000286102295,2871000,-0.10191087928996823,1.5940000057220458,2.422500026226044,5.35709960846701,-0.11322483350102512,1443.030029296875,18069.259765625,24.8700008392334,-0.050543233884802564,0.08423159182014406
2025-03-07,1.4500000476837158,1.4800000190734863,1.399999976158142,1.399999976158142,1729700,0.028368852488815266,1.5180000066757202,2.346500027179718,7.017492521680779,-0.24125243559259085,1446.5,18196.220703125,23.3700008392334,-0.008958441722142699,0.08101740281070448
2025-03-10,1.2899999618530273,1.3899999856948853,1.2799999713897705,1.3600000143051147,3143400,-0.11034488315105817,1.444000005722046,2.254000020027161,7.100538988771461,-0.08266782061243973,1446.260009765625,17468.3203125,27.860000610351562,-0.06129563665073704,0.07776614664990696
2025-03-11,1.4049999713897705,1.440000057220459,1.2699999809265137,1.2699999809265137,2081900,0.08914729685073075,1.425,2.1567500233650208,13.782882621961079,-0.20174369866395733,1457.030029296875,17436.099609375,26.920000076293945,0.002390422062829282,0.10225185380233867
2025-03-12,1.7699999809265137,1.7999999523162842,1.4800000190734863,1.5,4996700,0.259786488946117,1.4649999856948852,2.0927500247955324,29.850542072278046,0.1252298004830643,1451.02001953125,17648.44921875,24.229999542236328,0.0795296342152632,0.18525302353419662
2025-03-13,1.6399999856948853,1.7549999952316284,1.5299999713897705,1.7050000429153442,2773900,-0.0734463257810768,1.5109999895095825,2.028750020265579,28.43583365736238,-0.12411721951968019,1448.75,17303.009765625,24.65999984741211,0.09182915333859032,0.16663259425580024
2025-03-14,1.8700000047683716,1.9199999570846558,1.6950000524520874,1.7000000476837158,2996900,0.1402439152924948,1.5949999809265136,1.9767500162124634,37.387152410804944,-0.09910175008445794,1453.22998046875,17754.08984375,21.770000457763672,0.10886135948584501,0.16881846998912817
2025-03-17,1.75,1.940000057220459,1.6799999475479126,1.8899999856948853,3791000,-0.06417112538095182,1.6869999885559082,1.9182500123977662,40.09634706323491,-0.010021999956610444,1449.050048828125,17808.66015625,20.510000228881836,0.0008754880434887294,0.12078566231557326
2025-03-18,1.6799999475479126,1.7289999723434448,1.649999976158142,1.7200000286102295,1398500,-0.04000002997262142,1.7419999837875366,1.8652500092983246,38.49739907470901,-0.27840545566858016,1442.489990234375,17504.119140625,21.700000762939453,0.012024253312973854,0.11169723251682007
2025-03-19,1.590000033378601,1.7000000476837158,1.590000033378601,1.690000057220459,2382700,-0.05357137915431087,1.705999994277954,1.8127500057220458,40.99971425374886,-0.16800085917465304,1448.93994140625,17750.7890625,19.899999618530273,-0.05258084483596137,0.01211595361440711
2025-03-20,1.5199999809265137,1.6100000143051147,1.5,1.590000033378601,1520300,-0.04402518929722532,1.6819999933242797,1.7597500085830688,42.050980209571975,-0.2647422979232435,1443.3900146484375,17691.630859375,19.799999237060547,-0.045865532808052535,0.006970331974243492
2025-03-21,1.649999976158142,1.659999966621399,1.440000057220459,1.475000023841858,2070900,0.08552631372560082,1.637999987602234,1.7147500097751618,49.73785561877415,-0.20297764558677098,1465.8199462890625,17784.05078125,19.280000686645508,-0.004023418241978456,0.07769908819796924
2025-03-24,1.6399999856948853,1.7400000095367432,1.6299999952316284,1.7400000095367432,2376400,-0.006060600368335001,1.615999984741211,1.6752500057220459,53.976842173096806,-0.16870757423044633,1464.780029296875,18188.58984375,17.479999542236328,0.0118135080200135,0.06659963060616111
2025-03-25,1.440000057220459,1.6799999475479126,1.399999976158142,1.6699999570846558,7441500,-0.12195117696277546,1.5680000066757203,1.6392500042915343,46.560502202235725,0.399480112928048,1466.27001953125,18271.859375,17.149999618530273,-0.014161821201836547,0.1039757164910689
2025-03-26,1.4199999570846558,1.4900000095367432,1.3899999856948853,1.4600000381469727,2330900,-0.013888957875743513,1.533999991416931,1.60174999833107,50.28531169187174,-0.1738116274111755,1462.0899658203125,17899.01953125,18.329999923706055,-0.04730024506895133,0.06476798607165558
2025-03-27,1.4299999475479126,1.4600000381469727,1.3600000143051147,1.399999976158142,1558500,0.00704224701794165,1.515999984741211,1.5757499933242798,49.418199549080015,-0.2604571367912906,1465.6800537109375,17804.029296875,18.690000534057617,-0.04293262927352578,0.06922771839201385
2025-03-28,1.309999942779541,1.399999976158142,1.2699999809265137,1.3899999856948853,3116200,-0.08391609032863334,1.4479999780654906,1.5497499883174897,50.59481588047328,-0.08571903482157894,1461.8900146484375,17322.990234375,21.649999618530273,-0.030254267062145068,0.047636354728171335
2025-03-31,1.2100000381469727,1.25,1.190000057220459,1.25,2684900,-0.07633580839735754,1.3619999885559082,1.5272499918937683,44.14377483580489,-0.13410097189517248,1469.4100341796875,17299.2890625,22.280000686645508,-0.05106988390268308,0.050469099344462455
2025-04-01,1.2999999523162842,1.3899999856948853,1.2300000190734863,1.2599999904632568,2289500,0.0743800920098645,1.3339999675750733,1.5172499895095826,33.093189214055215,-0.17845575492067417,1471.9599609375,17449.890625,21.770000457763672,-0.028623935572042125,0.08928458681155439
2025-04-02,1.3899999856948853,1.4500000476837158,1.2799999713897705,1.2799999713897705,2494300,0.0692307974459867,1.327999973297119,1.5082499861717225,40.74031759443078,-0.15548190675774362,1469.969970703125,17601.05078125,21.510000228881836,0.02242502701949789,0.08556813523621255
2025-04-03,1.4500000476837158,1.4900000095367432,1.2699999809265137,1.2699999809265137,2964100,0.043165512666415884,1.3319999933242799,1.5102499902248383,32.203008788266814,-0.10278115545430229,1466.0400390625,16550.609375,30.020000457763672,0.06225880070742237,0.016734516568726945
2025-04-04,1.2899999618530273,1.409999966621399,1.2799999713897705,1.375,2506600,-0.11034488315105817,1.327999997138977,1.5022499859333038,31.14718243563992,-0.154102129744052,1450.6800537109375,15587.7900390625,45.310001373291016,0.0006838089871148053,0.09703286879246065
2025-04-07,1.2799999713897705,1.3799999952316284,1.1699999570846558,1.1699999570846558,2411200,-0.007751930820906638,1.3419999837875367,1.501749986410141,32.758225863296985,-0.16480381487463586,1458.52001953125,15603.259765625,46.97999954223633,-0.024977100435182975,0.07819136945462576
2025-04-08,1.1299999952316284,1.3550000190734863,1.1100000143051147,1.3300000429153442,3019000,-0.11718748399289292,1.3079999923706054,1.4879999876022338,31.14718243563992,-0.09662263853953232,1469.949951171875,15267.91015625,52.33000183105469,-0.07842809932161925,0.06130290280260755
2025-04-09,1.2200000286102295,1.2200000286102295,1.0700000524520874,1.1399999856948853,4166800,0.07964604757379035,1.2740000009536743,1.4604999899864197,37.902799887383274,0.03213411400642329,1486.1300048828125,17124.970703125,33.619998931884766,-0.015097789080003069,0.09862216288656991
2025-04-10,1.1299999952316284,1.190000057220459,1.090000033378601,1.190000057220459,2359700,-0.07377051743279484,1.2099999904632568,1.4349999904632569,28.33300443731254,-0.1705809300132634,1443.949951171875,16387.310546875,40.720001220703125,-0.037103984617299135,0.10341269631329336
2025-04-11,1.1399999856948853,1.149999976158142,1.100000023841858,1.1299999952316284,1410100,0.008849549119871458,1.1799999952316285,1.3984999895095824,29.166327220704858,-0.27710420254997664,1452.0400390625,16724.4609375,37.560001373291016,0.004908359753622323,0.07678418023799158
2025-04-14,1.1399999856948853,1.2200000286102295,1.1100000143051147,1.190000057220459,2124700,0.0,1.1519999980926514,1.3679999887943268,34.99950821880421,-0.19694252336428236,1419.050048828125,16831.48046875,30.889999389648438,-0.021640322770974458,0.04536239110227402
2025-04-15,1.3899999856948853,1.559999942779541,1.1959999799728394,1.2100000381469727,15049100,0.21929824836586542,1.2039999961853027,1.3534999907016754,48.779933768056615,1.252877804745971,1419.4200439453125,16823.169921875,30.1200008392334,0.07604926582857896,0.12413614251450734
2025-04-16,1.3300000429153442,1.350000023841858,1.2799999713897705,1.3200000524520874,2368100,-0.043165426904336224,1.2259999990463257,1.3404999911785125,46.09324949305129,-0.1696386432722057,1427.02001953125,16307.16015625,32.63999938964844,0.0587109404871764,0.14073743677057646
2025-04-17,1.399999976158142,1.4700000286102295,1.3109999895095825,1.340000033378601,2406900,0.0526315270557125,1.2799999952316283,1.334499990940094,53.6579274993777,-0.16528617594446302,1414.22998046875,16286.4501953125,29.649999618530273,0.07625478283908056,0.1328169374343508
2025-04-21,1.350000023841858,1.3969999551773071,1.2999999523162842,1.3600000143051147,2163400,-0.035714252262698754,1.322000002861023,1.3194999933242797,55.93153945280809,-0.19260127373583796,1414.22998046875,15870.900390625,33.81999969482422,-0.008749384037107491,0.053287823992198245
2025-04-22,1.4199999570846558,1.4500000476837158,1.3600000143051147,1.3600000143051147,1981300,0.051851801486336724,1.3779999971389771,1.3084999918937683,55.171748281524444,-0.21302870415805308,1421.6400146484375,16300.419921875,30.56999969482422,0.022923025426450156,0.05078286860828769
2025-04-23,1.4900000095367432,1.5299999713897705,1.4249999523162842,1.4850000143051147,2643900,0.04929581307579878,1.3980000019073486,1.3109999895095825,54.385298123378384,-0.1387002286074779,1429.219970703125,16708.05078125,28.450000762939453,0.021811120766478915,0.049834823926629745
2025-04-24,1.9700000286102295,1.9900000095367432,1.4700000286102295,1.4700000286102295,11621300,0.3221476617458032,1.5259999990463258,1.3384999930858612,66.66606838141566,0.8683575081986399,1426.449951171875,17166.0390625,26.469999313354492,0.14109842543597959,0.15679844624697803
2025-04-25,2.0899999141693115,2.319999933242798,1.9900000095367432,2.059999942779541,14999500,0.0609136466072735,1.6639999866485595,1.3714999914169312,76.3150894608477,1.2473138258940113,1430.06005859375,17382.939453125,24.84000015258789,0.14411904047629184,0.15428670068198877
2025-04-28,2.3299999237060547,2.5,2.0299999713897705,2.259999990463257,12340500,0.11483254516406682,1.8599999666213989,1.422499990463257,79.9993627297951,0.9490352015520562,1437.3599853515625,17366.130859375,25.149999618530273,0.16596461783904784,0.13791906796516223
2025-04-29,2.430000066757202,2.569999933242798,2.134999990463257,2.25,10679300,0.04291851773629629,2.0619999885559084,1.4834999918937684,88.23457119237155,0.7626867808085979,1435.8800048828125,17461.3203125,24.170000076293945,0.07288823650254554,0.037422585928693755
2025-04-30,2.309999942779541,2.3299999237060547,2.1700000762939453,2.259999990463257,6077500,-0.04938276571234812,2.2259999752044677,1.533999991416931,81.50222778983769,0.24647069449915496,1431.1600341796875,17446.33984375,24.700000762939453,0.036122765729338334,0.0823183075965755
2025-05-01,2.190000057220459,2.4200000762939453,2.190000057220459,2.365000009536743,4534000,-0.051948003693320643,2.2699999809265137,1.5739999949932098,80.11300306495926,0.07332550582980271,1423.75,17710.740234375,24.600000381469727,-0.01947075055645749,0.054045912981960244
2025-05-02,2.259999990463257,2.259999990463257,2.059999942779541,2.240000009536743,6460700,0.03196343900175114,2.303999996185303,1.614499992132187,80.76861274712697,0.2894569182102633,1435.0999755859375,17977.73046875,22.68000030517578,-0.023122443467972542,0.04772301276193559
2025-05-05,2.109999895095825,2.239000082015991,2.0299999713897705,2.2100000381469727,4750100,-0.06637172389398305,2.259999990463257,1.6554999887943267,74.61875788724512,0.09756695401344186,1398.9000244140625,17844.240234375,23.639999389648438,-0.02878542952851752,0.05310206866862722
2025-05-06,1.9900000095367432,2.109999895095825,1.9800000190734863,2.0250000953674316,4112400,-0.05687198650482983,2.171999979019165,1.6909999907016755,66.30384580499555,0.026031685588144858,1374.3699951171875,17689.66015625,24.760000228881836,-0.030426757132353915,0.05423987170758006
2025-05-07,2.059999942779541,2.0850000381469727,1.9199999570846558,1.9850000143051147,2743600,0.03517584568207788,2.121999979019165,1.7374999880790711,69.72920163125102,-0.12751618240706689,1374.77001953125,17738.16015625,23.549999237060547,-0.029355954905578335,0.05608766547048862
2025-05-08,2.299999952316284,2.3499999046325684,2.0799999237060547,2.0799999237060547,5765700,0.11650486223456546,2.14399995803833,1.7914999842643737,72.27672772980526,0.21149390808703702,1397.2900390625,17928.140625,22.479999542236328,0.03160290713727117,0.08674362995104873
2025-05-09,2.0299999713897705,2.3299999237060547,2.0,2.305000066757202,5827300,-0.11739129848876828,2.0979999542236327,1.8364999830722808,65.1781636373806,0.21840401085479347,1403.8499755859375,17928.919921875,21.899999618530273,0.01142980314262502,0.11874240776779364
2025-05-12,2.1500000953674316,2.2699999809265137,2.130000114440918,2.190000057220459,4413700,0.059113362398476754,2.105999994277954,1.8869999885559081,65.93846396665259,0.059830613573940664,1395.1700439453125,18708.33984375,18.389999389648438,0.019408975381424647,0.12189824552297193
2025-05-13,2.259999990463257,2.305000066757202,2.1500000953674316,2.1500000953674316,5249900,0.05116273963561224,2.1599999904632567,1.9429999887943268,66.5232055717031,0.15363301510637495,1416.030029296875,19010.08984375,18.219999313354492,-0.0023717321515597614,0.09968915979623329
2025-05-14,2.369999885559082,2.4700000286102295,2.2200000286102295,2.259999990463257,6231900,0.04867252015929324,2.221999979019165,1.9919999837875366,60.203648999927445,0.2637908222157393,1416.0,19146.810546875,18.6200008392334,0.05298287406446075,0.0054532067327541026
2025-05-15,2.2899999618530273,2.36899995803833,2.240000009536743,2.319999933242798,2864100,-0.033755243700015036,2.219999980926514,2.0399999797344206,55.2079324570133,-0.11399885475260824,1407.3299560546875,19112.3203125,17.829999923706055,0.02202667203163015,0.048324599225231996
2025-05-16,2.4100000858306885,2.5,2.259999990463257,2.309999942779541,5399200,0.052401801736520204,2.2960000038146973,2.090499985218048,52.22182061482653,0.17038104015874572,1397.02001953125,19211.099609375,17.239999771118164,0.022439692731932803,0.0487019511489377
2025-05-19,2.3399999141693115,2.4000000953674316,2.2799999713897705,2.309999942779541,3188800,-0.02904571334786865,2.3339999675750733,2.1399999797344207,47.45724741279239,-0.07757498513100883,1398.1300048828125,19215.4609375,18.139999389648438,-0.003466385103787828,0.04844053720441256
2025-05-20,2.1600000858306885,2.4000000953674316,2.1500000953674316,2.3499999046325684,4539600,-0.07692300638503313,2.3139999866485597,2.1769999861717224,45.90129139047157,0.07395369699050784,1388.550048828125,19142.7109375,18.09000015258789,-0.017855639332127193,0.06538455334616447
2025-05-21,2.0999999046325684,2.315000057220459,2.069999933242798,2.1600000858306885,3819800,-0.027777860562003376,2.259999990463257,2.2074999809265137,47.45724741279239,-0.006791302558698332,1392.72998046875,18872.640625,20.8700008392334,-0.04458219343163505,0.028015138756333425
2025-05-22,2.190000057220459,2.234999895095825,2.072999954223633,2.0799999237060547,3418200,0.042857217464320696,2.240000009536743,2.218499982357025,48.04431905534118,-0.051841582940695,1373.8599853515625,18925.740234375,20.280000686645508,-0.020614549827571937,0.06021054950636803
2025-05-23,2.109999895095825,2.180000066757202,2.059999942779541,2.0999999046325684,3022300,-0.03652975344035825,2.1799999713897704,2.219499981403351,49.99959302663157,-0.09625245446268822,1381.3399658203125,18737.2109375,22.290000915527344,-0.007150132179346976,0.043528153774614955
2025-05-27,2.140000104904175,2.2300000190734863,2.0999999046325684,2.1600000858306885,4359600,0.014218109620800279,2.140000009536743,2.209999990463257,54.60075928675673,0.05376183825355715,1368.0999755859375,19199.16015625,18.959999084472656,0.006848524548254242,0.04020330677271663
2025-05-28,2.069999933242798,2.1600000858306885,2.069999933242798,2.1600000858306885,3013100,-0.03271035898594565,2.121999979019165,2.191999983787537,50.30631593901251,-0.09728448279813237,1374.800048828125,19100.939453125,19.309999465942383,-0.018340667601834542,0.028261323822043882
2025-05-29,2.0999999046325684,2.2100000381469727,2.0799999237060547,2.0999999046325684,2603100,0.014492740269210325,2.121999979019165,2.181499981880188,42.957325202738296,-0.14327704992118676,1373.5999755859375,19175.869140625,19.18000030517578,-0.0013331696986450166,0.0271737899671087
2025-05-30,2.0,2.075000047683716,1.9500000476837158,2.065000057220459,3477600,-0.04761900436850974,2.0839999675750733,2.171999979019165,48.799455277467274,-0.04517826955750127,1370.4100341796875,19113.76953125,18.56999969482422,-0.021945541028415023,0.032424962370515856
2025-06-02,1.899999976158142,1.9900000095367432,1.899999976158142,1.9700000286102295,3394400,-0.050000011920928955,2.0419999837875364,2.153999978303909,39.8369451819517,-0.05451139537369182,1381.989990234375,19242.609375,18.360000610351562,-0.027708758673409457,0.03656695480887182
2025-06-03,1.9500000476837158,1.9950000047683716,1.909999966621399,1.909999966621399,1699100,0.02631582744894323,2.0039999723434447,2.1459999859333037,36.75170839639864,-0.24468505157787246,1376.0699462890625,19398.9609375,17.690000534057617,-0.02376772961349849,0.04338996791035069
2025-06-04,2.049999952316284,2.0899999141693115,1.9500000476837158,1.9600000381469727,2881700,0.0512820011216677,1.9999999761581422,2.148999983072281,36.20647198022452,-0.11202453967610639,1377.719970703125,19460.490234375,17.610000610351562,0.009199272216560658,0.05276593492735194
2025-06-05,2.009999990463257,2.069999933242798,1.9950000047683716,2.0199999809265137,2564200,-0.019512176967531936,1.9819999933242798,2.1464999854564666,37.499541899756075,-0.14764073494822774,1361.0899658203125,19298.44921875,18.479999542236328,0.019361883867692997,0.03590573646828172
2025-06-06,2.0399999618530273,2.0799999237060547,2.0,2.0,2321200,0.014925358971198843,1.9899999856948853,2.133499985933304,32.03840543367873,-0.1748997442431112,1354.550048828125,19529.94921875,16.770000457763672,0.015565061041778202,0.03540142407990975
2025-06-09,2.059999942779541,2.1500000953674316,2.0299999713897705,2.069999933242798,2014100,0.00980391240220757,2.021999979019165,2.1349999845027923,35.71378420634599,-0.20934929878820874,1359.18994140625,19591.240234375,17.15999984741211,0.001739031468624826,0.018581380431427836
2025-06-10,2.049999952316284,2.119999885559082,2.0199999809265137,2.109999895095825,2677400,-0.004854364437391179,2.0419999599456786,2.129999977350235,43.209126993994914,-0.13494229934254542,1353.8499755859375,19714.990234375,16.950000762939453,0.006624968978671745,0.010265896234502326
2025-06-11,1.940000057220459,2.072999954223633,1.9199999570846558,2.059999942779541,4203500,-0.05365848666071282,2.0199999809265137,2.113999980688095,40.697024803640225,0.03625100964890157,1363.8800048828125,19615.880859375,17.260000228881836,-0.016236312898632144,0.0332269557255258
2025-06-12,2.140000104904175,2.375,1.9249999523162842,1.965000033378601,10981300,0.10309280504365881,2.0460000038146973,2.1024999916553497,47.42199913876118,0.7965642326894818,1365.68994140625,19662.490234375,18.020000457763672,0.014859984648518268,0.08021367422489781
2025-06-13,2.0299999713897705,2.130000114440918,2.009999990463257,2.049999952316284,4085000,-0.05140192902903151,2.044000005722046,2.089499992132187,45.99936077747311,0.02295803598040903,1349.7900390625,19406.830078125,20.81999969482422,-0.0006558702153618423,0.08985607228555856
2025-06-16,2.0199999809265137,2.1050000190734863,2.0,2.1050000190734863,4454300,-0.004926103745908295,2.0360000133514404,2.069999986886978,43.87691800107495,0.06438499948905288,1365.1400146484375,19701.2109375,19.110000610351562,0.015588257422906334,0.07926402068196647
2025-06-17,1.9800000190734863,2.049999952316284,1.9700000286102295,2.0199999809265137,2897100,-0.01980196150035629,2.022000026702881,2.051999992132187,45.26249443474195,-0.11029701398416727,1357.780029296875,19521.08984375,21.600000381469727,-0.025376664758432033,0.023734122508500294
2025-06-18,2.009999990463257,2.059999942779541,1.9600000381469727,1.9800000190734863,2428500,0.015151500555948827,2.0360000133514404,2.044499987363815,45.26249443474195,-0.16286315289602893,1380.5,19546.26953125,20.139999389648438,-0.003192188230105253,0.01754112238975323
2025-06-20,1.9199999570846558,2.0299999713897705,1.9199999570846558,2.0299999713897705,3582400,-0.04477613622170129,1.9919999837875366,2.0354999899864197,45.74399699409597,-0.033422120692876645,1374.8900146484375,19447.41015625,20.6200008392334,-0.016475532388702918,0.030101981004820675
2025-06-23,2.0399999618530273,2.1700000762939453,1.9450000524520874,2.059999942779541,17081200,0.0625000038805108,1.993999981880188,2.027999985218048,57.29083104595966,1.480832672186846,1369.469970703125,19630.970703125,19.829999923706055,0.010958456071586112,0.053760847978275045
2025-06-24,2.7799999713897705,2.859999895095825,2.259999990463257,2.259999990463257,44813600,0.3627451094972407,2.1459999799728395,2.0614999890327455,75.15087737629172,4.591769912390244,1361.93994140625,19912.529296875,17.479999542236328,0.12682299238535008,0.21123796194274552
2025-06-25,2.8499999046325684,3.109999895095825,2.680000066757202,3.049999952316284,24708900,0.02517983236086274,2.3199999570846557,2.096999979019165,74.69071282189046,2.336485121563728,1353.780029296875,19973.55078125,16.760000228881836,0.15014164857953807,0.1850631581277127
2025-06-26,2.950000047683716,3.1500000953674316,2.880000114440918,2.934999942779541,13188700,0.03508777066574664,2.5079999685287477,2.140999984741211,77.97554127135493,1.0441837270002872,1357.030029296875,20167.91015625,16.59000015258789,0.14100423750795002,0.1920971174778309
2025-06-27,2.740000009536743,3.3299999237060547,2.640000104904175,3.0799999237060547,36062300,-0.07118645245848754,2.671999979019165,2.17299998998642,68.81668625713954,3.610075393697595,1352.760009765625,20273.4609375,16.31999969482422,-0.0036396164772927175,0.05870666996744184
2025-06-30,3.075000047683716,3.1500000953674316,2.9200000762939453,2.940000057220459,16226500,0.12226278721933714,2.8789999961853026,2.2267499923706056,73.3328616711518,1.3849549962842251,1363.5899658203125,20369.73046875,16.729999542236328,0.028721368475532083,0.09688163082141918
2025-07-01,2.880000114440918,3.009999990463257,2.815000057220459,2.9600000381469727,9502100,-0.06341461145331817,2.8990000247955323,2.275749999284744,67.58434727864667,0.6306320246689403,1348.5,20202.890625,16.829999923706055,-0.004112758897489521,0.10951339813190444
2025-07-02,2.7699999809265137,2.9700000286102295,2.75,2.859999895095825,6973600,-0.03819448928589997,2.883000040054321,2.3167499959468842,67.58434045099162,0.3469924979112745,1355.5899658203125,20393.130859375,16.639999389648438,0.0068845621600396685,0.10071303169853575
2025-07-03,2.819999933242798,2.9000000953674316,2.7799999713897705,2.799999952316284,4667600,0.01805052442619881,2.8570000171661376,2.3552499949932098,65.38419537713004,0.08831235209233945,1354.75,20601.099609375,16.3799991607666,-0.027852858771006444,0.04170556416411288
2025-07-07,2.6500000953674316,2.799999952316284,2.5799999237060547,2.7899999618530273,8068900,-0.06028363187933783,2.839000034332275,2.3872500002384185,63.65599791866946,0.4698599583256195,1362.199951171875,20412.51953125,17.790000915527344,-0.026809198913012994,0.04038909058992587
2025-07-08,2.609999895095825,2.75,2.5799999237060547,2.6600000858306885,6846700,-0.01509441465361916,2.7460000038146974,2.4157499969005585,62.8257016097107,0.33275723750172426,1374.6400146484375,20418.4609375,16.809999465942383,-0.019109174035586058,0.03932109778091582
2025-07-09,2.490000009536743,2.640000104904175,2.430000066757202,2.619999885559082,8707400,-0.04597696949511809,2.6679999828338623,2.4372500002384188,60.713927858008866,0.541484968345303,1370.300048828125,20611.33984375,15.9399995803833,-0.04045167200935836,0.023095736026328865
2025-07-10,2.619999885559082,2.75,2.5399999618530273,2.559999942779541,6553600,0.052208785351179454,2.637999963760376,2.4657499969005583,62.29803320474195,0.29987816085838953,1373.0,20630.66015625,15.779999732971191,-0.0029541995991859324,0.050206067659797765
2025-07-11,2.5399999618530273,2.6500000953674316,2.440000057220459,2.640000104904175,5902800,-0.030534323358943016,2.581999969482422,2.495749992132187,62.55025330846697,0.22687337382501446,1372.6400146484375,20585.529296875,16.399999618530273,-0.008100835834293885,0.05279731655655632
2025-07-14,2.450000047683716,2.559999942779541,2.4200000762939453,2.5199999809265137,4516900,-0.03543303760668293,2.5419999599456786,2.511249989271164,58.40130663751741,0.0714072792497924,1378.1700439453125,20640.330078125,17.200000762939453,-0.004586191871482163,0.049246841813584415
2025-07-15,2.430000066757202,2.5199999809265137,2.390000104904175,2.490000009536743,4138300,-0.008163257362146625,2.5059999942779543,2.5312499940395354,39.82525876744371,0.028937069706406096,1382.010009765625,20677.80078125,17.3799991607666,-0.02471020610925752,0.014537898230138062
2025-07-16,2.6500000953674316,2.6549999713897705,2.4100000858306885,2.430000066757202,7246400,0.09053498871043897,2.5380000114440917,2.5627499997615812,44.65207689606705,0.3775943815970531,1386.449951171875,20730.490234375,17.15999984741211,0.01564623124720314,0.06627333343386926
2025-07-17,2.869999885559082,3.0299999713897705,2.759999990463257,2.9000000953674316,15248000,0.0830187857639102,2.588000011444092,2.607249993085861,47.98960758784165,1.2751898086503015,1384.9200439453125,20885.650390625,16.520000457763672,0.05513017237073418,0.05494239721923921
2025-07-18,2.819999933242798,2.930000066757202,2.7699999809265137,2.869999885559082,8041800,-0.017421586867605088,2.644000005722046,2.6477499902248383,52.185391693238884,0.46681996181577856,1391.5799560546875,20895.650390625,16.40999984741211,0.05204406253558136,0.0602762860662312
2025-07-21,2.700000047683716,3.2300000190734863,2.680000066757202,2.890000104904175,19067800,-0.04255315191482678,2.694000005722046,2.6867499947547913,38.3897550153928,1.7036834864469919,1390.5699462890625,20974.1796875,16.649999618530273,0.007681348993826109,0.06644317816559848
2025-07-22,2.990000009536743,3.0199999809265137,2.690000057220459,2.8399999141693115,10323700,0.10740739138201616,2.805999994277954,2.734249997138977,53.21593678901474,0.722796642103822,1381.8199462890625,20892.689453125,16.5,0.01581088419986143,0.08031400243051359
2025-07-23,3.390000104904175,3.5999999046325684,3.069999933242798,3.1649999618530273,32564400,0.13377929568281366,2.9539999961853027,2.7647500038146973,65.4995501456616,3.2176914899421516,1379.780029296875,21020.01953125,15.369999885559082,0.06621117838333435,0.09511114021510937
2025-07-24,3.0399999618530273,3.390000104904175,3.0199999809265137,3.3499999046325684,11962100,-0.10324487676115901,2.988000011444092,2.7742500066757203,54.78227695088619,0.9065874274072665,1373.719970703125,21057.9609375,15.390000343322754,0.045980603434556934,0.1299040118273646
2025-07-25,2.950000047683716,3.140000104904175,2.890000104904175,3.0999999046325684,7143400,-0.02960523529561243,3.0140000343322755,2.7742500066757203,56.756399123705634,0.366040151319798,1372.0,21108.3203125,14.930000305175781,0.00030972787534740603,0.12131073055104152
2025-07-28,2.9200000762939453,3.140000104904175,2.880000114440918,3.0899999141693115,9155800,-0.010169481662661628,3.0580000400543215,2.7832500100135804,57.013219739159375,0.5917851319989068,1382.780029296875,21178.580078125,15.029999732971191,-0.04767319790647769,0.04909781815789807
2025-07-29,2.75,2.940000057220459,2.700000047683716,2.930000066757202,7659100,-0.05821920268910019,3.0100000381469725,2.7670000076293944,55.751868050694085,0.42388982660116176,1388.2900390625,21098.2890625,15.979999542236328,-0.03266463988245808,0.024170516957630686
2025-07-30,2.809999942779541,2.9200000762939453,2.75,2.7699999809265137,4511600,0.021818161010742188,2.894000005722046,2.7634999990463256,54.33755431752179,0.07081274118698218,1388.8599853515625,21129.669921875,15.479999542236328,-0.015523507780339877,0.040286400853845945
2025-07-31,2.930000066757202,3.049999952316284,2.8399999141693115,2.890000104904175,11540700,0.04270467132428535,2.8720000267028807,2.7715000033378603,58.744029034422475,0.8593160425642052,1392.52001953125,21122.44921875,16.719999313354492,0.0021012098819757816,0.05327265440944364
2025-08-01,2.930000066757202,2.9549999237060547,2.759999990463257,2.8499999046325684,6486900,0.0,2.868000030517578,2.7770000100135803,61.21455394730072,0.2923959554264195,1391.510009765625,20650.130859375,20.3799991607666,0.021507610778342512,0.021354029346095503
2025-08-04,3.0899999141693115,3.190000057220459,2.9600000381469727,3.049999952316284,8786100,0.05460745521046695,2.901999998092651,2.7990000009536744,64.4732866707792,0.5503132976930698,1390.1800537109375,21053.580078125,17.520000457763672,0.0324373755115841,0.028715092958579977
2025-08-05,3.069999933242798,3.244999885559082,3.0399999618530273,3.1700000762939453,8047200,-0.006472485916521498,2.965999984741211,2.822000002861023,60.095746985850255,0.4674257175778871,1383.5899658203125,20916.55078125,17.850000381469727,0.016044989764648483,0.03355251219252911
2025-08-06,2.9800000190734863,3.049999952316284,2.9100000858306885,3.049999952316284,6328600,-0.029315933591648635,3.0,2.84650000333786,52.82013729830592,0.2746383374372012,1386.5799560546875,21169.419921875,16.770000457763672,0.0062730119007656055,0.04338916434970351
2025-08-07,2.950000047683716,3.0999999046325684,2.890000104904175,3.0,5617700,-0.010067104428777118,3.0039999961853026,2.863000011444092,53.367491790274144,0.1948917131255442,1384.3900146484375,21242.69921875,16.56999969482422,-0.015285174645649083,0.012283198606742686
2025-08-08,3.0,3.0889999866485596,2.940000057220459,3.0199999809265137,6074000,0.016949136104436047,3.0179999828338624,2.8860000133514405,58.06407826057744,0.24607807502371423,1384.969970703125,21450.01953125,15.149999618530273,-0.007477967305329902,0.02324095290169631
2025-08-11,3.0199999809265137,3.450000047683716,3.015000104904175,3.140000104904175,15426100,0.006666660308837891,3.0039999961853026,2.9145000100135805,50.94294682337534,1.2951685311005845,1387.81005859375,21385.400390625,16.25,0.004516230661498939,0.013635892852621987
2025-08-12,3.140000104904175,3.1500000953674316,2.990000009536743,3.0899999141693115,6717900,0.039735140640910105,3.018000030517578,2.950000011920929,40.45758247925479,0.3183088408055062,1389.7900390625,21681.900390625,14.729999542236328,0.02111697901806135,0.016923630927865908
2025-08-13,3.140000104904175,3.200000047683716,3.0250000953674316,3.1700000762939453,7550400,0.0,3.050000047683716,2.9745000123977663,55.20753676037966,0.4116961874639032,1383.0899658203125,21713.140625,14.489999771118164,0.015467266983249331,0.02127929413341671
2025-08-14,3.069999933242798,3.0999999046325684,2.9800000190734863,3.009999990463257,7086600,-0.022293047555013712,3.074000024795532,2.984500014781952,56.38213251373442,0.3596684981183602,1378.780029296875,21710.669921875,14.829999923706055,0.005814031028632131,0.03142015675197409
2025-08-15,3.0199999809265137,3.078000068664551,2.9800000190734863,3.049999952316284,4777600,-0.016286629773138106,3.078000020980835,2.994500017166138,55.20752304964008,0.100651821320476,1387.8699951171875,21622.98046875,15.09000015258789,-0.012859892442717272,0.011534812043170167
2025-08-18,3.430000066757202,3.450000047683716,3.0350000858306885,3.059999942779541,17055400,0.1357616186821642,3.160000038146973,3.031000018119812,78.33242111080787,1.477938505767883,1387.97998046875,21629.76953125,14.989999771118164,0.032393980451337456,0.08956936272357238
2025-08-19,3.0,3.5450000762939453,2.940000057220459,3.430000066757202,20711600,-0.12536444850968576,3.1320000171661375,3.031500017642975,56.050456761782506,1.888080027512545,1386.9100341796875,21314.94921875,15.569999694824219,-0.0019631532002198915,0.13115097112725393
2025-08-20,3.0299999713897705,3.0799999237060547,2.8499999046325684,3.0399999618530273,12263800,0.009999990463256836,3.109999990463257,3.0135000109672547,53.377870187174345,0.9404312261902555,1391.3399658203125,21172.859375,15.6899995803833,0.006799053545245089,0.13059245858638016
2025-08-21,3.0,3.0799999237060547,2.950000047683716,3.0,5173600,-0.009900980750178201,3.096000003814697,3.0115000128746034,52.317393536907794,0.14507391054176752,1396.9100341796875,21100.310546875,16.600000381469727,-0.041755146265535704,0.07308829407042335
2025-08-22,3.059999942779541,3.130000114440918,2.9000000953674316,2.9800000190734863,8501200,0.019999980926513672,3.1039999961853026,3.0170000076293944,48.93568540586287,0.5183540723921961,1399.6099853515625,21496.5390625,14.220000267028809,0.006699663546530769,0.015221235022680097
2025-08-25,3.130000114440918,3.194999933242798,3.0199999809265137,3.059999942779541,7282500,0.022875873519720535,3.044000005722046,3.0275000095367433,52.05430118598661,0.38164397104374154,1382.8900146484375,21449.2890625,14.789999961853027,0.010991624565352002,0.018150575946916138
2025-08-26,3.069999933242798,3.1600000858306885,3.0399999618530273,3.109999895095825,5478500,-0.019169386263373167,3.0579999923706054,3.043500006198883,53.14632863604068,0.17927667570230235,1389.050048828125,21544.26953125,14.619999885559082,0.00790215606095368,0.023488699249112215
2025-08-27,3.109999895095825,3.1600000858306885,3.066999912261963,3.0899999141693115,5418900,0.01302930381851053,3.0739999771118165,3.0585000038146974,55.55500807902638,0.172590926920512,1393.949951171875,21590.140625,14.850000381469727,0.005578597024952632,0.021990583015227237
2025-08-28,3.5999999046325684,3.740000009536743,3.140000104904175,3.1700000762939453,30346000,0.15755627847750953,3.1939999580383303,3.0919999957084654,65.95694808476684,2.9688380487085326,1392.75,21705.16015625,14.430000305175781,0.05047206534421563,0.0941247068390112
2025-08-29,3.740000009536743,3.75,3.5199999809265137,3.549999952316284,12816400,0.038888919059141935,3.3299999713897703,3.1324999928474426,67.99951828149841,1.0024202325126943,1384.4100341796875,21455.55078125,15.359999656677246,0.069824833785054,0.07706999880606837
2025-09-02,3.6700000762939453,3.9200000762939453,3.569999933242798,3.8299999237060547,17773900,-0.018716559642861674,3.437999963760376,3.1615000009536742,63.58928266239427,1.5585376752262112,1392.93994140625,21279.630859375,17.170000076293945,0.05924287929792993,0.08988181761515637
2025-09-03,4.099999904632568,4.269999980926514,3.7899999618530273,3.7899999618530273,21230200,0.11716616332412921,3.64399995803833,3.212999999523163,70.16764727857642,1.9462550160735594,1394.5699462890625,21497.73046875,16.350000381469727,0.04577950758013649,0.06820292338203114
2025-09-04,4.320000171661377,4.480000019073486,3.9800000190734863,4.179999828338623,16165300,0.0536586029624615,3.8860000133514405,3.2800000071525575,74.70314427047221,1.378089764313662,1389.6300048828125,21707.689453125,15.300000190734863,0.05070273554790968,0.0679895687908099
2025-09-05,4.269999980926514,4.650000095367432,4.21999979019165,4.394999980926514,13056100,-0.011574117765748682,4.020000028610229,3.346000003814697,74.70313723074331,1.0293090577307336,1392.06005859375,21700.390625,15.180000305175781,0.053083549506947346,0.06437206699052535
2025-09-08,4.619999885559082,4.769999980926514,4.159999847412109,4.300000190734863,15381900,0.0819671911465969,4.196000003814698,3.4269999980926515,74.08864029295125,1.2902103080107332,1385.510009765625,21798.69921875,15.109999656677246,0.04135055878110324,0.04796988724123063
2025-09-09,5.619999885559082,5.630000114440918,4.920000076293945,4.940000057220459,29246000,0.21645022181185336,4.585999965667725,3.55699999332428,93.0916684508894,2.8454433564271673,1385.719970703125,21879.490234375,15.039999961853027,0.09561443173090052,0.11462312263075351
2025-09-10,6.25,6.289999961853027,5.590000152587891,5.760000228881836,29966900,0.1120996667739691,5.015999984741211,3.7124999880790712,94.23040013029058,2.926311750668655,1387.25,21886.060546875,15.350000381469727,0.13683902657747313,0.07057229149491655
2025-09-11,6.789999961853027,7.364999771118164,6.510000228881836,6.619999885559082,40010500,0.08639999389648434,5.509999942779541,3.8949999809265137,95.66232113059417,4.052972597393311,1387.199951171875,22043.0703125,14.710000038146973,0.13831662749410226,0.06887497526141538
2025-09-12,6.760000228881836,7.539999961853027,6.5,6.550000190734863,32030800,-0.004418222848267095,6.007999992370605,4.079499995708465,94.90258965930336,3.1578338464863913,1389.5,22141.099609375,14.760000228881836,0.06469381260739544,0.06121661032857803
2025-09-15,7.71999979019165,8.319999694824219,7.090000152587891,7.099999904632568,34784300,0.14201176461625753,6.627999973297119,4.314499986171723,95.80811453738501,3.4667131966652454,1393.699951171875,22348.75,15.6899995803833,0.07466451188815826,0.0739170241601418
2025-09-16,7.349999904632568,8.449999809265137,7.300000190734863,8.449999809265137,33813200,-0.047927447618479335,6.973999977111816,4.510499978065491,90.22533031600128,3.3577781187793962,1385.010009765625,22333.9609375,16.360000610351562,0.029888698049837032,0.0995085408506207
2025-09-17,7.110000133514404,7.420000076293945,6.670000076293945,6.820000171661377,33657400,-0.03265303050778223,7.146000003814697,4.715999984741211,86.23167233396596,3.3403009432726356,1377.6400146484375,22261.330078125,15.720000267028809,0.02047709549666532,0.10552882925070488
2025-09-18,6.889999866485596,7.046999931335449,6.559999942779541,6.974999904632568,20841400,-0.030942371715549366,7.165999984741211,4.908999979496002,81.33311892757749,1.9026406012017458,1378.68994140625,22470.720703125,15.699999809265137,-0.03717428328060365,0.009351710850632857
2025-09-19,6.659999847412109,7.0289998054504395,6.599999904632568,6.840000152587891,24550500,-0.0333817160421519,7.145999908447266,5.091999971866608,77.34062256718008,2.3187162858752117,1386.75,22631.48046875,15.449999809265137,-0.0323257060884945,0.0012521805550683156
2025-09-22,6.380000114440918,6.78000020980835,5.480000019073486,6.769999980926514,22500900,-0.04204200291085469,6.877999973297119,5.257999980449677,74.41423040264911,2.088798321057133,1396.22998046875,22788.98046875,16.100000381469727,-0.03545536355618532,0.005833134978487463
2025-09-23,7.179999828338623,7.440000057220459,6.550000190734863,6.550000190734863,20365700,0.1253918024369518,6.84399995803833,5.460499966144562,76.01333696320549,1.8492780056397047,1389.3900146484375,22573.470703125,16.639999389648438,0.01665602782798174,0.09426744746741357
2025-09-24,6.820000171661377,7.150000095367432,6.670000076293945,7.110000133514404,14416900,-0.05013922914821933,6.785999965667725,5.64799997806549,70.6269046057162,1.1819595097820808,1391.8499755859375,22497.859375,16.18000030517578,0.01107019012595926,0.09908816553566523
2025-09-25,6.670000076293945,6.789999961853027,6.329999923706055,6.5,12341000,-0.02199414832725599,6.742000007629395,5.825999987125397,69.48036735106913,0.9490912900485478,1403.6500244140625,22384.69921875,16.739999771118164,0.01775280832049216,0.09427434001045581
2025-09-26,5.949999809265137,6.630000114440918,5.940000057220459,6.630000114440918,19882100,-0.10794606578608357,6.6,5.943499982357025,60.18363951692957,1.7950292118330973,1408.9200439453125,22484.0703125,15.289999961853027,-0.0600264810871863,0.043820672540374056
2025-09-29,5.239999771118164,6.309999942779541,5.010000228881836,6.300000190734863,37939600,-0.11932774132889634,6.371999931335449,6.018499970436096,46.95502136326872,3.820665262624693,1408.7099609375,22591.150390625,16.1200008392334,-0.0830893184807453,0.05321513409363246
2025-09-30,4.980000019073486,5.454999923706055,4.699999809265137,5.420000076293945,32030500,-0.049618275458282346,5.931999969482422,6.083999967575073,39.182186659293784,3.1578001933884963,1399.3299560546875,22660.009765625,16.280000686645508,-0.09229736085775408,0.037396709513565184
2025-10-01,5.059999942779541,6.230000019073486,4.940000057220459,6.050000190734863,94271200,0.016064241646516875,5.579999923706055,6.131999969482422,34.01099770428438,10.139774760549203,1403.1500244140625,22755.16015625,16.290000915527344,-0.05096059171355394,0.06770597184296584
2025-10-02,6.275000095367432,6.480000019073486,5.369999885559082,5.400000095367432,50964100,0.24011860994616363,5.500999927520752,6.229749965667724,46.3228719523575,5.281714507732551,1401.8199462890625,22844.05078125,16.6299991607666,0.06885485871146606,0.15191116689875309
2025-10-03,6.789999961853027,7.579999923706055,6.730000019073486,6.789999961853027,55232200,0.0820716906228891,5.66899995803833,6.35574996471405,42.43892812168375,5.760497131483547,1405.6300048828125,22780.509765625,16.649999618530273,0.11275151407185653,0.1151348281958299
2025-10-06,6.554999828338623,7.090000152587891,6.429999828338623,7.039999961853027,25828000,-0.034609740034559855,5.931999969482422,6.452499961853027,43.391418898068224,2.46202239441107,1406.06005859375,22941.669921875,16.3700008392334,0.09586018684483096,0.13788222707016873
2025-10-07,6.260000228881836,6.960000038146973,6.119999885559082,6.800000190734863,23964300,-0.04500375395609357,6.188000011444092,6.484499979019165,42.99825326480549,2.2529581325885424,1409.9200439453125,22788.359375,17.239999771118164,0.0008193988774118921,0.07055820339811193
2025-10-08,6.239999771118164,6.320000171661377,6.019999980926514,6.190000057220459,15883700,-0.003194961187284906,6.423999977111817,6.483999967575073,44.463265668170266,1.3465007230896324,1414.5699462890625,23043.380859375,16.299999237060547,-0.02760281839264611,0.021767326463491134
2025-10-09,5.78000020980835,6.199999809265137,5.78000020980835,6.190000057220459,20852200,-0.07371788111899014,6.325,6.433499979972839,42.786788776690074,1.9038521127259629,1422.52001953125,23024.630859375,16.43000030517578,-0.04063886542078954,0.03546349881029243
2025-10-10,5.130000114440918,5.980000019073486,5.070000171661377,5.71999979019165,29558100,-0.1124567598223295,5.993000030517578,6.351999974250793,40.3399425978004,2.88045379593718,1421.510009765625,22204.4296875,21.65999984741211,-0.06312320070953485,0.055396034153855224
2025-10-13,5.460000038146973,5.46999979019165,5.119999885559082,5.380000114440918,14739600,0.06432746907297471,5.774000072479248,6.23899998664856,35.66658405392256,1.2181590254177141,1429.030029296875,22694.609375,19.030000686645508,-0.04061572395611498,0.09292459579225275
2025-10-14,5.449999809265137,5.730000019073486,5.179999828338623,5.239999771118164,15112200,-0.001831543738455732,5.611999988555908,6.143999981880188,37.876009340228514,1.259956173003202,1426.0699462890625,22521.69921875,20.809999465942383,-0.016653611495936842,0.08931929335805514
2025-10-15,5.460000038146973,5.639999866485596,5.28000020980835,5.610000133514404,28078000,0.0018349044462047104,5.45600004196167,6.061499977111817,39.019864669273964,2.7144206286229537,1429.4300537109375,22670.080078125,20.639999389648438,0.021443609926907897,0.037183729533459095
2025-10-16,5.039999961853027,5.75,4.960000038146973,5.460000038146973,29918000,-0.07692309035889422,5.307999992370606,5.968999981880188,41.26668526467377,2.920826295711783,1420.0899658203125,22562.5390625,25.309999465942383,-0.02563990988371508,0.04445035613254421
2025-10-17,4.869999885559082,5.03000020980835,4.789999961853027,4.820000171661377,14872500,-0.03373017412314472,5.255999946594239,5.879499983787537,46.03840717057624,1.2330673477851628,1415.719970703125,22679.970703125,20.780000686645508,-0.03627278667861141,0.039440513376290814
2025-10-20,4.909999847412109,5.139999866485596,4.829999923706055,5.010000228881836,12505200,0.008213544721353827,5.145999908447266,5.805999970436096,49.213326439422495,0.9675107522963661,1419.739990234375,22990.5390625,18.229999542236328,-0.034146573253561706,0.0425698449536013
2025-10-21,4.659999847412109,4.90500020980835,4.639999866485596,4.835000038146973,11651800,-0.05091649852734037,4.98799991607666,5.679999971389771,45.67085658192674,0.8717789064846232,1419.739990234375,22953.669921875,17.8700008392334,-0.02547770930971042,0.030416572543118726
2025-10-22,4.320000171661377,4.460000038146973,4.059999942779541,4.361000061035156,19963500,-0.07296130619822838,4.759999942779541,5.554999971389771,23.89844225618677,1.8041604190619183,1430.739990234375,22740.400390625,18.600000381469727,-0.03855475333473831,0.04197557222491646
2025-10-23,4.440000057220459,4.5,4.329999923706055,4.329999923706055,10673900,0.027777750183035854,4.639999961853027,5.443499970436096,14.925311184785684,0.7620810250464893,1430.4000244140625,22941.80078125,17.299999237060547,-0.03203335151417763,0.05295771238438633
2025-10-24,4.71999979019165,4.84499979019165,4.519999980926514,4.579999923706055,10261600,0.06306300210871574,4.609999942779541,5.381999969482422,22.974863930045274,0.715830450839574,1435.8399658203125,23204.869140625,16.3700008392334,0.005959815364507737,0.07058802888879082
2025-10-27,4.840000152587891,5.0,4.75,4.900000095367432,9180600,0.025423806722535414,4.596000003814697,5.361999988555908,27.950189680304902,0.5945671214248868,1436.969970703125,23637.4609375,15.789999961853027,0.038754853004762335,0.02108435076303736
2025-10-28,4.449999809265137,4.889999866485596,4.429999828338623,4.809999942779541,10434700,-0.08057858079079305,4.553999996185302,5.33549997806549,25.06954170970772,0.7352482883249416,1430.969970703125,23827.490234375,16.420000076293945,0.002636076013486033,0.07448279390315721
2025-10-29,4.329999923706055,4.559999942779541,4.309999942779541,4.460000038146973,9080500,-0.026966267573593106,4.5559999465942385,5.298999977111817,27.692187274294596,0.5833382044272825,1425.969970703125,23958.470703125,16.920000076293945,-0.02737368054728358,0.053002368141713975
2025-10-30,4.090000152587891,4.349999904632568,4.059999942779541,4.139999866485596,12573000,-0.0554271998491741,4.485999965667725,5.18974997997284,31.68998628219262,0.9751163524206176,1424.010009765625,23581.140625,16.90999984741211,-0.054324016071186754,0.026823176414451064
2025-10-31,4.289999961853027,4.329999923706055,4.059999942779541,4.179999828338623,8457500,0.04889970704245328,4.4,5.06474997997284,28.413136245339047,0.5134519377988365,1424.02001953125,23724.9609375,17.440000534057617,-0.011164586793437977,0.05392861681892073
2025-11-03,4.099999904632568,4.380000114440918,4.065000057220459,4.349999904632568,8345000,-0.04428905802096794,4.251999950408935,4.941999983787537,26.643470118116525,0.5008320260882423,1427.1700439453125,23834.720703125,17.170000076293945,-0.016938850275896256,0.05728918984561984
2025-11-04,4.03000020980835,4.070000171661377,3.809999942779541,3.869999885559082,11864600,-0.017073096695716106,4.168000030517578,4.830499982833862,25.762587025976856,0.8956501705914183,1428.969970703125,23348.640625,19.0,-0.00415414922474359,0.047918794708649064
2025-11-05,4.139999866485596,4.199999809265137,4.0,4.130000114440918,7421000,0.02729519874701869,4.130000019073487,4.725499987602234,32.95436187073361,0.3971804845718953,1439.81005859375,23499.80078125,18.010000228881836,-0.011355651989888452,0.03613299509768561
2025-11-06,3.8499999046325684,4.236999988555908,3.8399999141693115,4.199999809265137,9443000,-0.07004830222354708,4.081999969482422,4.628999972343445,31.521571538929507,0.6240023643836415,1439.739990234375,23053.990234375,19.5,-0.019942066724081497,0.04873512631633721
2025-11-07,3.8299999237060547,3.930000066757202,3.569999933242798,3.640000104904175,9917700,-0.005194800369332064,3.9899999618530275,4.563999962806702,30.29180891362404,0.6772527829526999,1447.9000244140625,23004.5390625,19.079999923706055,-0.015982634615286817,0.04956028975995041
2025-11-10,3.7799999713897705,4.050000190734863,3.690000057220459,4.0,15169500,-0.013054818097203102,3.925999975204468,4.4799999594688416,32.67697929515836,1.2663839147011313,1454.0,23527.169921875,17.600000381469727,-0.029432640230027413,0.03539306385507555
2025-11-11,3.4200000762939453,3.7139999866485596,3.4000000953674316,3.6500000953674316,14491300,-0.09523806820651015,3.8039999485015867,4.378499972820282,32.421688889906676,1.1903054780600204,1456.0899658203125,23468.30078125,17.280000686645508,-0.03782922889101511,0.04987259862223769
2025-11-12,3.240000009536743,3.490000009536743,3.2049999237060547,3.4100000858306885,17117400,-0.052631597292903454,3.6239999771118163,4.26749997138977,27.099083674743923,1.4848934793328328,1459.8399658203125,23406.4609375,17.510000228881836,-0.05364149453220557,0.04110093148527972
2025-11-13,2.9700000286102295,3.234999895095825,2.944999933242798,3.174999952316284,15064000,-0.08333332720116826,3.4480000019073485,4.163999974727631,16.47500450880854,1.2545492419414186,1468.02001953125,22870.359375,20.0,-0.07706766423352729,0.021983442411188023
2025-11-14,2.950000047683716,3.069999933242798,2.7149999141693115,2.7149999141693115,13583400,-0.0067340002470883675,3.272000026702881,4.067999982833863,12.350512184548862,1.0884599861307007,1468.7099609375,22900.58984375,19.829999923706055,-0.04756630824705336,0.0385500594979175
2025-11-17,2.75,2.950000047683716,2.6700000762939453,2.9200000762939453,13165400,-0.06779662523760033,3.0660000324249266,3.959999990463257,13.361972563509852,1.041570003063782,1446.530029296875,22708.0703125,22.3799991607666,-0.05262131756195232,0.04049174847721951
2025-11-18,2.880000114440918,2.9800000190734863,2.690000057220459,2.700000047683716,10780600,0.04727276888760645,2.9580000400543214,3.8710000038146974,18.88399704390089,0.7740503101977818,1461.68994140625,22432.849609375,24.690000534057617,-0.009085952199027414,0.05757074017739982
2025-11-19,3.009999990463257,3.1649999618530273,2.865000009536743,2.9000000953674316,13168600,0.0451388440474334,2.912000036239624,3.805499994754791,25.675499970742024,1.0419289694413278,1456.550048828125,22564.23046875,23.65999984741211,0.008204995899146509,0.0658279820468928
2025-11-20,2.990000009536743,3.7300000190734863,2.9800000190734863,3.240000009536743,31384000,-0.00664451195677096,2.9160000324249267,3.7329999923706056,18.137119832807784,3.085277767424948,1466.1300048828125,22078.05078125,26.420000076293945,0.028589033659422964,0.030531794269615917
2025-11-21,3.0,3.180000066757202,2.8399999141693115,3.0,14453800,0.0033444784051375187,2.9260000228881835,3.6470000028610228,20.42994327795192,1.1860988408231556,1473.25,22273.080078125,23.43000030517578,0.013946270165266653,0.027471393869957898
2025-11-24,3.200000047683716,3.259999990463257,3.0299999713897705,3.049999952316284,15251400,0.06666668256123853,3.0160000324249268,3.564999997615814,29.14551462877077,1.2755712104264438,1467.72998046875,22872.009765625,20.520000457763672,0.02112221633653503,0.039757625493512624
