Date,Close,High,Low,Open,Volume,returns,sma_5,sma_20,rsi,volume_z,USD_KRW,NASDAQ,VIX,sentiment_mean,sentiment_vol
2022-12-27,109.0999984741211,119.66999816894531,108.76000213623047,117.5,208643400,-0.1140885333144338,126.59400177001953,161.51000022888184,7.743779421340591,2.422121872867978,1275.1300048828125,10353.23046875,21.649999618530273,-0.07348897746009242,0.050063320780421736
2022-12-28,112.70999908447266,116.2699966430664,108.23999786376953,110.3499984741211,221070500,0.03308891531476843,121.5760009765625,158.10400009155273,12.378844594863835,2.732834613621048,1272.280029296875,10213.2900390625,22.139999389648438,-0.032850150488713425,0.0747720012588976
2022-12-29,121.81999969482422,123.56999969482422,117.5,120.38999938964844,221923300,0.0808269069678893,118.42599945068359,154.46000022888182,21.328587734088458,2.754157031990114,1274.3199462890625,10478.08984375,21.440000534057617,-5.7570343925357946e-05,0.10159736388683746
2022-12-30,123.18000030517578,124.4800033569336,119.75,119.94999694824219,157777300,0.011164017515666869,117.99199981689453,150.8840003967285,17.43033122667653,1.150325126851633,1260.260009765625,10466.48046875,21.670000076293945,0.041693279932774864,0.03561959937405033
2023-01-03,108.0999984741211,118.80000305175781,104.63999938964844,118.47000122070312,231402800,-0.12242248574195735,114.98199920654297,146.546000289917,16.681537775780825,2.991171413943162,1270.0999755859375,10386.98046875,22.899999618530273,-0.010143853752800394,0.10328648480186335
2023-01-04,113.63999938964844,114.58999633789062,107.5199966430664,109.11000061035156,180389000,0.05124885285593783,115.88999938964844,143.1055004119873,23.207606946236794,1.71568174907936,1279.0799560546875,10458.759765625,22.010000228881836,-0.020003205123450885,0.0909339336434614
2023-01-05,110.33999633789062,111.75,107.16000366210938,110.51000213623047,157986300,-0.029039097760312105,115.41599884033204,139.6314998626709,23.433204495678382,1.1555507195335453,1271.0799560546875,10305.240234375,22.459999084472656,-0.03340424354877721,0.0869179172317889
2023-01-06,113.05999755859375,114.38999938964844,101.80999755859375,103.0,220911100,0.024651090365942707,113.66399841308593,136.58250007629394,25.01959718516801,2.7288491615947477,1274.1800537109375,10569.2900390625,21.1299991607666,0.015620281820522811,0.04089872101640066
2023-01-09,119.7699966430664,123.5199966430664,117.11000061035156,118.95999908447266,190284000,0.059349011404278285,112.98199768066407,133.89899978637695,32.80261603161212,1.9630848093067363,1252.8800048828125,10635.650390625,21.969999313354492,0.01832033466996963,0.044532834079861375
2023-01-10,118.8499984741211,122.76000213623047,114.91999816894531,121.06999969482422,167642500,-0.007681374256751861,115.13199768066406,130.8889995574951,32.59649640143492,1.3969831025722101,1239.280029296875,10742.6298828125,20.579999923706055,0.025439575837823043,0.03352214838686712
2023-01-11,123.22000122070312,125.94999694824219,120.51000213623047,122.08999633789062,183810800,0.036769060182475055,117.047998046875,128.65899925231935,41.04641923389462,1.8012364526150888,1240.1600341796875,10931.669921875,21.09000015258789,0.029478899110000494,0.03410466224453163
2023-01-12,123.55999755859375,124.12999725341797,117.0,122.55999755859375,169400900,0.0027592625752506095,119.69199829101562,126.78949928283691,41.408059028827786,1.440948089040509,1241.5999755859375,11001.099609375,18.829999923706055,0.0106156495003246,0.023243330056090538
2023-01-13,122.4000015258789,122.62999725341797,115.5999984741211,116.55000305175781,180714100,-0.009388119582672827,121.55999908447265,125.06949920654297,47.90690342622807,1.7238101709974927,1239.1300048828125,11079.16015625,18.350000381469727,0.010046734391684279,0.023925963827493648
2023-01-17,131.49000549316406,131.6999969482422,125.0199966430664,125.69999694824219,186477000,0.07426473736900463,123.90400085449218,123.7604995727539,55.390374592602065,1.867899013421378,1240.7099609375,11095.1103515625,19.360000610351562,0.022545293453860804,0.04520028077890053
2023-01-18,128.77999877929688,136.67999267578125,127.01000213623047,136.55999755859375,195680300,-0.020609982513142944,125.89000091552734,122.6879997253418,64.90455815212175,2.0980076121268465,1237.0,10957.009765625,20.34000015258789,0.014755545091062952,0.05184101200871125
2023-01-19,127.16999816894531,129.99000549316406,124.30999755859375,127.26000213623047,170291900,-0.012501946153228194,126.68000030517578,121.5529998779297,61.29332961114404,1.4632256157370824,1237.8800048828125,10852.26953125,20.520000457763672,0.013717602900877831,0.05259184045676193
2023-01-20,133.4199981689453,133.50999450683594,127.3499984741211,128.67999267578125,138858100,0.0491468120625187,128.6520004272461,121.33399963378906,59.48330581849229,0.6772914758103218,1232.1800537109375,11140.4296875,19.850000381469727,0.005344961132049186,0.038149530430986095
2023-01-23,143.75,145.3800048828125,134.27000427246094,135.8699951171875,203119200,0.07742468874848996,132.9220001220703,121.64299926757812,64.66560524630898,2.2840012073492244,1230.030029296875,11364.41015625,19.809999465942383,0.03802318488592682,0.04598370610726797
2023-01-24,143.88999938964844,146.5,141.10000610351562,143.0,158699100,0.0009739087975544347,135.4019989013672,122.56999931335449,82.42432624201612,1.173372740890804,1229.280029296875,11334.26953125,19.200000762939453,0.04251513653618769,0.038654427676418905
2023-01-25,144.42999267578125,146.41000366210938,138.07000732421875,141.91000366210938,192734300,0.003752820129427681,138.53199768066406,123.63399887084961,80.67341024093727,2.0243492578641025,1232.6600341796875,11313.3603515625,19.079999923706055,0.027383805891824025,0.043358944346622755
2023-01-26,160.27000427246094,161.4199981689453,154.75999450683594,159.97000122070312,234815100,0.10967259156647335,145.1519989013672,126.1924991607666,89.79752434775249,3.076488590538804,1232.5899658203125,11512.41015625,18.729999542236328,0.03813310683115182,0.06197058975186605
2023-01-27,177.89999389648438,180.67999267578125,161.1699981689453,162.42999267578125,306590600,0.11000180416824756,154.047998046875,129.45199890136718,91.75680780249299,4.87107963140288,1231.8499755859375,11621.7099609375,18.510000228881836,0.07447573862138286,0.06124806523678198
2023-01-30,166.66000366210938,179.77000427246094,166.5,178.0500030517578,230878800,-0.06318150994943417,158.62999877929687,131.69399909973146,78.53230523826579,2.9780699279846834,1228.949951171875,11393.8095703125,19.940000534057617,0.05216429526176225,0.09989253315487974
2023-01-31,173.22000122070312,174.3000030517578,162.77999877929688,164.57000732421875,196813500,0.03936155894904236,164.49599914550782,134.1959991455078,80.9588807161541,2.126340825653846,1231.5,11584.5498046875,19.399999618530273,0.028727284389285252,0.08708002594599483
2023-02-01,181.41000366210938,183.80999755859375,169.92999267578125,173.88999938964844,213806300,0.047280928205116535,171.89200134277343,137.86149940490722,81.75269351738302,2.5512090138126897,1232.1500244140625,11816.3203125,17.8700008392334,0.007820325734908243,0.06161675588071223
2023-02-02,188.27000427246094,196.75,182.61000061035156,187.3300018310547,217448300,0.03781489703913388,177.49200134277345,141.59299964904784,82.96484335595505,2.6422693417912755,1221.949951171875,12200.8203125,18.729999542236328,0.04148579473109759,0.005077964134588396
2023-02-03,189.97999572753906,199.0,183.69000244140625,183.9499969482422,232662000,0.009082654784473565,179.9080017089844,145.57499961853028,84.23504454368907,3.022654984780788,1224.9000244140625,12006.9501953125,18.329999923706055,0.031392826676241326,0.019892442381191176
2023-02-06,194.75999450683594,198.1699981689453,189.9199981689453,193.00999450683594,186188100,0.025160537355481072,185.5279998779297,149.65999946594238,83.51519030965355,1.8606756941591558,1246.75,11887.4501953125,19.43000030517578,0.02401936305969617,0.014400074490263773
2023-02-07,196.80999755859375,197.5,189.5500030517578,196.42999267578125,186010300,0.010525791279409002,190.24599914550782,153.51199951171876,86.29040264265586,1.8562301899541604,1261.22998046875,12113.7900390625,18.65999984741211,0.014922994473121213,0.008895286613531585
2023-02-08,201.2899932861328,203.0,194.30999755859375,196.10000610351562,180673600,0.022763049555982517,194.2219970703125,157.63399925231934,88.36438359615387,1.7227975561476483,1255.3499755859375,11910.51953125,19.6299991607666,0.019483126063624196,0.00784935486295357
2023-02-09,207.32000732421875,214.0,204.77000427246094,207.77999877929688,215431400,0.029956849516678652,198.03199768066406,161.83899955749513,88.33782547028942,2.5918411222690323,1260.469970703125,11789.580078125,20.709999084472656,0.02108189678402339,0.00982401201327868
2023-02-10,196.88999938964844,206.1999969482422,192.88999938964844,202.22999572753906,204754100,-0.05030873801899527,199.41399841308595,165.50549964904786,77.53937605298576,2.324878343596393,1264.550048828125,11718.1201171875,20.530000686645508,0.0008037203512219667,0.04441058702555082
2023-02-13,194.63999938964844,196.3000030517578,187.61000061035156,194.4199981689453,172475500,-0.011427700782035255,199.38999938964844,169.11749954223632,75.73789465386409,1.5178218079869559,1266.8699951171875,11891.7900390625,20.34000015258789,-0.01059319642811729,0.040139300364471546
2023-02-14,209.25,209.82000732421875,189.44000244140625,191.94000244140625,216455700,0.0750616556523096,201.87799987792968,173.00549926757813,78.76796696350043,2.617451526977562,1272.93994140625,11960.150390625,18.90999984741211,0.004441738950426359,0.06417408542699432
2023-02-15,214.24000549316406,214.66000366210938,206.11000061035156,211.75999450683594,181006400,0.02384709913101113,204.46800231933594,177.27849960327148,76.50524560133377,1.7311184999014302,1272.25,12070.58984375,18.229999542236328,0.029160351333761825,0.043488793738551974
2023-02-16,202.0399932861328,217.64999389648438,201.83999633789062,210.77999877929688,229586500,-0.05694553722096751,203.41199951171876,181.02199935913086,62.523333076528054,2.945758763282123,1283.719970703125,11855.830078125,20.170000076293945,0.013987739187451073,0.0665535872545061
2023-02-17,208.30999755859375,208.44000244140625,197.5,199.99000549316406,213738500,0.031033480898909227,205.6959991455078,184.7664993286133,72.78194833384823,2.5495138215455433,1288.9599609375,11787.26953125,20.020000457763672,-0.0006883190636823855,0.048852502155219996
2023-02-21,197.3699951171875,209.7100067138672,197.22000122070312,204.99000549316406,180018600,-0.05251789433835996,206.24199829101562,187.44749908447267,62.605682492276756,1.7064206986995503,1296.1099853515625,11492.2998046875,22.8700008392334,-0.026143316886806083,0.049566023233112114
2023-02-22,200.86000061035156,201.99000549316406,191.77999877929688,197.92999267578125,191828500,0.017682553475729224,204.56399841308593,190.2959991455078,60.67623831730069,2.0017016891977097,1305.8299560546875,11507.0703125,22.290000915527344,-0.0012672866545738366,0.04488352043604394
2023-02-23,202.07000732421875,205.13999938964844,196.3300018310547,203.91000366210938,146360000,0.006024129792842503,202.12999877929687,193.1779998779297,58.075830408798026,0.8648602496880129,1302.8299560546875,11590.400390625,21.139999389648438,-0.009603737023262745,0.03761912258733725
2023-02-24,196.8800048828125,197.6699981689453,192.8000030517578,196.3300018310547,142228100,-0.025684180003413215,201.0980010986328,195.00849990844728,53.87988611943425,0.7615510324516819,1298.0799560546875,11394.9404296875,21.670000076293945,-0.0006591655782804962,0.02244255379688328
2023-02-27,207.6300048828125,209.4199981689453,201.25999450683594,202.02999877929688,161028300,0.0546017865369246,200.96200256347657,196.49500045776367,56.781529287436356,1.231609346032957,1313.699951171875,11466.98046875,20.950000762939453,0.011647245442117963,0.04043728079424861
2023-02-28,205.7100067138672,211.22999572753906,203.75,210.58999633789062,153144900,-0.009247209573726933,202.6300048828125,198.44750061035157,54.69606829030949,1.0345019902980912,1318.3499755859375,11455.5400390625,20.700000762939453,0.006556798986594818,0.04241207517629979
2023-03-01,202.77000427246094,207.1999969482422,198.52000427246094,206.2100067138672,156852800,-0.014291975817664837,203.0120056152344,199.92500076293945,50.7938188026504,1.1272100051558058,1321.5999755859375,11379.48046875,20.579999923706055,0.010354200381844278,0.03840246186154525
2023-03-02,190.89999389648438,193.75,186.00999450683594,186.74000549316406,181500700,-0.05853928157947319,200.7780029296875,200.3995002746582,41.71208591019629,1.7434774016366896,1305.72998046875,11462.98046875,19.59000015258789,-0.02735948899028832,0.02712004823082794
2023-03-03,197.7899932861328,200.47999572753906,192.8800048828125,194.8000030517578,154193300,0.03609219282314147,200.96000061035156,200.8754997253418,50.471094688559006,1.0607149633493675,1311.06005859375,11689.009765625,18.489999771118164,-0.012246354857998853,0.04734889027988034
2023-03-06,193.80999755859375,198.60000610351562,192.3000030517578,198.5399932861328,128100100,-0.020122331071529054,198.1959991455078,201.06699981689454,49.57325690443617,0.4083109682887339,1294.780029296875,11675.740234375,18.610000610351562,-0.014189806609286926,0.04759385592463069
2023-03-07,187.7100067138672,194.1999969482422,186.10000610351562,191.3800048828125,148125800,-0.03147407730028162,194.59599914550782,200.7145004272461,37.86342396498236,0.9090102571412216,1299.0,11530.330078125,19.59000015258789,-0.005168071849556403,0.03618041757990516
2023-03-08,182.0,186.5,180.0,185.0399932861328,151897800,-0.03041929843714275,190.44199829101564,199.9740005493164,31.98077295431301,1.003320953773628,1317.9000244140625,11576.0,19.110000610351562,-0.02733856893631781,0.006271658975377926
2023-03-09,172.9199981689453,185.17999267578125,172.50999450683594,180.25,170023800,-0.04989011995084991,186.84599914550782,198.55550079345704,33.1364400406448,1.4565223554594715,1316.449951171875,11338.349609375,22.610000610351562,-0.03726116522942476,0.010949703769024271
2023-03-10,173.44000244140625,178.2899932861328,168.44000244140625,175.1300048828125,191488900,0.0030071956856769777,181.9760009765625,196.86150054931642,28.36580751973817,1.9932107261604974,1325.550048828125,11138.8896484375,24.799999237060547,-0.02576740756743856,0.02675372061761345
2023-03-13,174.47999572753906,177.35000610351562,163.91000366210938,167.4600067138672,167790300,0.005996271168666301,178.11000061035156,195.74100036621093,33.80958896246669,1.4006785217032467,1319.5400390625,11188.83984375,26.520000457763672,-0.013628884365502211,0.031438695069815115
2023-03-14,183.25999450683594,183.8000030517578,177.13999938964844,177.30999755859375,143717900,0.050320947926932424,177.21999816894532,195.1720001220703,38.41799531739915,0.7988002572244706,1296.3800048828125,11428.150390625,23.729999542236328,0.0197748049270919,0.026495920104532788
2023-03-15,180.4499969482422,182.33999633789062,176.02999877929688,180.8000030517578,145995600,-0.015333393227232373,176.90999755859374,193.73199996948242,36.065983523992635,0.8557492163229946,1304.5799560546875,11434.0498046875,26.139999389648438,0.013661275289455451,0.033491601099763096
2023-03-16,184.1300048828125,185.80999755859375,178.83999633789062,180.3699951171875,121136800,0.020393505108375454,179.1519989013672,192.22649993896485,41.61955407790801,0.2342087217721813,1311.739990234375,11717.2802734375,22.989999771118164,0.018460353269358503,0.03286983320799466
2023-03-17,180.1300048828125,186.22000122070312,177.3300018310547,184.52000427246094,133197100,-0.02172378153438792,180.48999938964843,191.13100051879883,30.164450706543448,0.5357504223543161,1301.6199951171875,11630.509765625,25.510000228881836,-0.005554556551081613,0.022697702385732748
2023-03-20,183.25,186.44000244140625,176.35000610351562,178.0800018310547,129684400,0.017320796272765726,182.24400024414064,189.87800064086915,34.0754290313066,0.4479229610444926,1307.6500244140625,11675.5400390625,24.149999618530273,0.005330173282251087,0.023479730371379248
2023-03-21,197.5800018310547,198.0,188.0399932861328,188.27999877929688,153391400,0.07819919143822474,185.10800170898438,189.8885009765625,46.831879305156654,1.0406651893224517,1304.93994140625,11860.1103515625,21.3799991607666,0.024598735392200848,0.05035748633809104
2023-03-22,191.14999389648438,200.66000366210938,190.9499969482422,199.3000030517578,150376400,-0.03254381959196684,187.2480010986328,189.40300064086915,50.16345360941705,0.9652816393896029,1303.43994140625,11669.9599609375,22.260000228881836,0.02099205603967454,0.0554627103035488
2023-03-23,192.22000122070312,199.30999755859375,188.64999389648438,195.25999450683594,144193900,0.0055977366381618765,188.86600036621093,188.91050033569337,46.058029554223914,0.8107016070646152,1298.25,11787.400390625,22.610000610351562,0.01708436949480659,0.05625798320057162
2023-03-24,190.41000366210938,192.36000061035156,187.14999389648438,191.64999389648438,116312400,-0.009416281069083654,190.9220001220703,188.5870002746582,47.51751850472954,0.11358504074530375,1286.2900390625,11823.9599609375,21.739999771118164,-0.012120788007629538,0.01921406636424213
2023-03-27,191.80999755859375,197.38999938964844,189.94000244140625,194.4199981689453,120851600,0.007352522816861606,192.63399963378907,187.79599990844727,53.2141541567513,0.22707791300241398,1294.8299560546875,11768.83984375,20.600000381469727,0.0011779927953132763,0.009216767202692254
2023-03-28,189.19000244140625,192.35000610351562,185.42999267578125,192.0,98654600,-0.013659325116185062,190.95599975585938,186.96999969482422,55.923534761559914,-0.3279100332196242,1297.800048828125,11716.080078125,19.969999313354492,-0.005241027789469037,0.011110760250859088
2023-03-29,193.8800048828125,195.2899932861328,189.44000244140625,193.1300048828125,123660000,0.024789906342217005,191.502001953125,186.5254997253418,68.6145527226024,0.29729587705926724,1296.97998046875,11926.240234375,19.1200008392334,0.006161034680964517,0.01925228773208352
2023-03-30,195.27999877929688,197.3300018310547,194.4199981689453,195.5800018310547,110252200,0.007220929756684091,192.11400146484374,186.74449996948243,69.09756889477683,-0.037937144761512304,1307.1300048828125,12013.4697265625,19.020000457763672,0.006117170327572012,0.019248365218726013
2023-03-31,207.4600067138672,207.7899932861328,197.1999969482422,197.52999877929688,170222100,0.06237201971890638,195.5240020751953,187.22800064086914,74.13640712275148,1.4614804177983385,1296.5,12221.91015625,18.700000762939453,0.031460951939269156,0.028174240327358414
2023-04-03,194.77000427246094,202.69000244140625,192.1999969482422,199.91000366210938,169545900,-0.061168427796826186,196.11600341796876,187.2760009765625,57.96759780147081,1.4445735002313094,1305.47998046875,12189.4501953125,18.549999237060547,0.0028081738929214284,0.061888325666734176
2023-04-04,192.5800018310547,198.74000549316406,190.32000732421875,197.32000732421875,126463800,-0.011244043709844997,196.79400329589845,187.51950073242188,58.469477603192395,0.36739882807144686,1308.050048828125,12126.330078125,19.0,-0.0033468172625882677,0.06214768847082173
2023-04-05,185.52000427246094,190.67999267578125,183.75999450683594,190.52000427246094,133882500,-0.036660076287605925,195.12200317382812,187.69550094604492,50.92678025625472,0.5528873660106924,1312.4100341796875,11996.8603515625,19.079999923706055,-0.0363575159314257,0.024963567226919985
2023-04-06,185.05999755859375,186.38999938964844,179.74000549316406,183.0800018310547,123857900,-0.002479553165553039,193.0780029296875,188.30250091552733,53.449948822619255,0.30224393826381474,1316.2099609375,12087.9599609375,18.399999618530273,-0.01679455772100132,0.017753399521368594
2023-04-10,184.50999450683594,185.10000610351562,176.11000061035156,179.94000244140625,142154600,-0.0029720256079851515,188.48800048828124,188.85600051879882,50.914619542903914,0.7597133240204831,1315.449951171875,12084.3603515625,18.969999313354492,-0.014037218353714706,0.01959351699158189
2023-04-11,186.7899932861328,189.19000244140625,185.64999389648438,186.69000244140625,115770900,0.012357047570192181,186.89199829101562,189.47150039672852,40.50675994892233,0.1000460051603493,1320.8800048828125,12031.8798828125,19.100000381469727,0.002301822932217997,0.008711560661944152
2023-04-12,180.5399932861328,191.5800018310547,180.30999755859375,190.74000549316406,150256300,-0.03346003653646468,184.48399658203124,189.33550033569335,40.63547195623353,0.9622787988101883,1322.0899658203125,11929.33984375,19.09000015258789,-0.008025004858085882,0.02332275173485281
2023-04-13,185.89999389648438,186.5,180.94000244140625,182.9600067138672,112933000,0.029688716127604264,184.55999450683595,189.60800018310547,44.814555612816875,0.02909045744743665,1322.8299560546875,12166.26953125,17.799999237060547,0.0028619090537772562,0.032627587749347486
2023-04-14,185.0,186.27999877929688,182.00999450683594,183.9499969482422,96438700,-0.004841279860318459,184.5479949951172,189.65149993896483,45.49390595500991,-0.38331381706579326,1301.4300537109375,12123.4697265625,17.06999969482422,-0.002870866756392957,0.03162045440228573
2023-04-17,187.0399932861328,189.69000244140625,182.69000244140625,186.32000732421875,116662200,0.011026990735853115,185.05399475097656,189.99699935913085,46.06888304292897,0.12233103270766212,1303.3800048828125,12157.7197265625,16.950000762939453,0.01195814233437964,0.017283820127682162
2023-04-18,184.30999755859375,187.69000244140625,183.5800018310547,187.14999389648438,92067000,-0.014595786064655836,184.55799560546876,190.04999923706055,45.985506863471116,-0.4926187143266341,1316.0699462890625,12153.41015625,16.829999923706055,-0.0028033583963737265,0.012932382443389205
2023-04-19,180.58999633789062,183.5,177.64999389648438,179.10000610351562,125732700,-0.020183393575926356,184.5679962158203,189.20049896240235,38.88980105621439,0.34911925481907347,1315.9000244140625,12157.23046875,16.459999084472656,-0.00791739630157636,0.016642496495206098
2023-04-20,162.99000549316406,169.6999969482422,160.55999755859375,166.1699981689453,210970800,-0.09745828230593856,179.98599853515626,187.79249954223633,28.75937135092623,2.480313472905694,1326.760009765625,12059.5595703125,17.170000076293945,-0.04407915398217358,0.046312027000323865
2023-04-21,165.0800018310547,166.0,161.32000732421875,164.8000030517578,123539000,0.012822849668400638,176.0019989013672,186.4354995727539,17.854959898911176,0.29427053392763386,1323.5999755859375,12072.4599609375,16.770000457763672,-0.034939608737821426,0.05660204441372688
2023-04-24,162.5500030517578,165.64999389648438,158.61000061035156,164.64999389648438,140006600,-0.015325895028073244,171.1040008544922,185.04249954223633,21.1083042304424,0.7060072327250405,1329.3800048828125,12037.2001953125,16.889999389648438,-0.03332044255520372,0.05730039112357806
2023-04-25,160.6699981689453,163.47000122070312,158.75,159.82000732421875,121999300,-0.011565701922588656,166.3760009765625,183.4854995727539,21.226311864097383,0.25577366764849374,1332.800048828125,11799.16015625,18.760000228881836,-0.0046895824274204205,0.015282300922331469
2023-04-26,153.75,160.6699981689453,153.13999938964844,160.2899932861328,153364100,-0.04306963495243776,161.00800170898438,181.7134994506836,21.28003941615421,1.0399826119051494,1341.0,11854.349609375,18.84000015258789,-0.023320410634366556,0.017206355189921987
2023-04-27,160.19000244140625,160.47999572753906,152.3699951171875,152.63999938964844,127015200,0.041886194740853755,160.4480010986328,180.02899932861328,29.71119892943365,0.3811853917308076,1337.8299560546875,12142.240234375,17.030000686645508,-0.004249714044724222,0.042947828917078976
2023-04-28,164.30999755859375,165.0,157.32000732421875,160.89999389648438,122515800,0.025719427270091355,160.29400024414062,178.48049926757812,34.427986507560036,0.26868763233848264,1339.3900146484375,12226.580078125,15.779999732971191,0.008178662352835783,0.045112438142165506
2023-05-01,161.8300018310547,163.27999877929688,158.8300018310547,163.1699981689453,109015000,-0.015093395194377579,160.15,176.1989990234375,30.817696950032428,-0.06887065321156886,1337.1700439453125,12212.599609375,16.079999923706055,0.01750407560552251,0.029364730877809588
2023-05-02,160.30999755859375,165.49000549316406,158.92999267578125,161.8800048828125,128259700,-0.00939259874721976,160.0779998779297,174.47599868774415,33.23386818144968,0.4123014208821942,1342.7900390625,12080.509765625,17.780000686645508,0.0004111444428313386,0.022102186651583207
2023-05-03,160.61000061035156,165.0,159.91000366210938,160.00999450683594,119728000,0.0018713932775662467,161.45,172.87749862670898,27.12139235647055,0.198984726699081,1342.300048828125,12025.330078125,18.34000015258789,-0.007538200221343698,0.00863308214915335
2023-05-04,161.1999969482422,162.9499969482422,159.64999389648438,162.7100067138672,95108500,0.003673471985857102,161.6519989013672,171.66149826049804,28.347869998924423,-0.41657258924512175,1335.22998046875,11966.400390625,20.09000015258789,-0.0012825778279321372,0.007081045219540945
2023-05-05,170.05999755859375,170.7899932861328,163.50999450683594,163.97000122070312,107607300,0.05496278398315546,162.8019989013672,170.91149826049804,36.25768014809117,-0.10406714516529068,1320.1500244140625,12235.41015625,17.190000534057617,0.02016921641552627,0.030145582263079722
2023-05-08,171.7899932861328,173.8000030517578,169.19000244140625,173.72000122070312,112249400,0.010172855182730478,164.79399719238282,170.2754981994629,39.70054394273663,0.011998518895497863,1316.9599609375,12256.919921875,16.979999542236328,0.022936370383914346,0.027925416228002705
2023-05-09,169.14999389648438,169.82000732421875,166.55999755859375,168.9499969482422,88965000,-0.015367597024416146,166.56199645996094,169.39349822998048,40.418746007189995,-0.5701775109739631,1322.4100341796875,12179.5498046875,17.709999084472656,0.016589347380489932,0.03560153300435927
2023-05-10,168.5399932861328,174.42999267578125,166.67999267578125,172.5500030517578,119840700,-0.0036062703657255835,168.1479949951172,168.79349822998046,56.49727591208826,0.20180254629358582,1326.050048828125,12306.4404296875,16.940000534057617,-0.0029336707358037506,0.012783503722885068
2023-05-11,172.0800018310547,173.57000732421875,166.7899932861328,168.6999969482422,103889900,0.021003967520705658,170.3239959716797,168.10249862670898,57.925705616288965,-0.1970126869630924,1318.050048828125,12328.509765625,16.93000030517578,0.0006767000435213092,0.01856018732421246
2023-05-12,167.97999572753906,177.3800048828125,167.22999572753906,176.07000732421875,157849600,-0.023826162598143963,169.90799560546876,167.25149841308593,55.93699508955511,1.1521328318798734,1329.8800048828125,12284.740234375,17.030000686645508,-0.002142821814387963,0.02245086641680136
2023-05-15,166.35000610351562,169.75999450683594,164.5500030517578,167.66000366210938,105592500,-0.009703474612936969,168.81999816894532,166.21699905395508,56.24449507442712,-0.1544428587323566,1341.52001953125,12365.2099609375,17.1200008392334,-0.004175223230125091,0.022920652567759082
2023-05-16,166.52000427246094,169.52000427246094,164.35000610351562,165.64999389648438,98288800,0.001021930644472091,168.29400024414062,165.32749938964844,66.48591152222305,-0.33705607055476056,1335.4000244140625,12343.0498046875,17.989999771118164,-0.010835902188869614,0.012462693473302129
2023-05-17,173.86000061035156,174.5,167.19000244140625,168.41000366210938,125473600,0.04407876621166107,169.35800170898438,164.9909996032715,67.2470135236862,0.3426410200636502,1342.4300537109375,12500.5703125,16.8700008392334,0.011799074081065397,0.02846475843070601
2023-05-18,176.88999938964844,177.05999755859375,172.4499969482422,174.22000122070312,109520300,0.01742780840135616,170.32000122070312,165.6859992980957,66.32068688733892,-0.05623672028252459,1334.1500244140625,12688.83984375,16.049999237060547,0.020842835085829774,0.021730613836400077
2023-05-19,180.13999938964844,181.9499969482422,176.30999755859375,177.1699981689453,136196700,0.018373000232992265,172.752001953125,166.4389991760254,73.2892116189049,0.6107489286158662,1334.739990234375,12657.900390625,16.809999465942383,0.026626524948669832,0.015121471182589797
2023-05-22,188.8699951171875,189.32000732421875,180.11000061035156,180.6999969482422,132001400,0.04846228354123516,177.25599975585936,167.75499877929687,80.69645497464842,0.5058545315899025,1324.2099609375,12720.7802734375,17.209999084472656,0.028087697391861195,0.017651236995416198
2023-05-23,185.77000427246094,192.9600067138672,185.25999450683594,186.1999969482422,156952100,-0.01641335799687571,181.1059997558594,169.00999908447267,75.50688802918607,1.1296927867506092,1313.8299560546875,12560.25,18.530000686645508,0.01680730859245057,0.03246614789254055
2023-05-24,182.89999389648438,184.22000122070312,178.22000122070312,182.22999572753906,137605100,-0.015449266889003499,182.91399841308595,170.46749877929688,71.02711328568789,0.645962922554647,1319.8399658203125,12484.16015625,20.030000686645508,0.005533219551785318,0.037180784945638014
2023-05-25,184.47000122070312,186.77999877929688,180.5800018310547,186.5399932861328,96870700,0.008583965973816943,184.42999877929688,171.6814987182617,66.26042191735178,-0.37251259200078807,1318.52001953125,12698.08984375,19.139999389648438,-0.007759552970687422,0.014162108830718036
2023-05-26,193.1699981689453,198.60000610351562,184.52999877929688,184.6199951171875,162061500,0.047162123329924865,187.03599853515624,173.1244987487793,70.84631976870742,1.2574422759800943,1330.8900146484375,12975.6904296875,17.950000762939453,0.013432274138246103,0.03158601138684159
2023-05-30,201.16000366210938,204.47999572753906,197.52999877929688,200.10000610351562,128818700,0.041362559242642094,189.49400024414064,175.09099884033202,78.2623919231468,0.4262780060936245,1324.5899658203125,13017.4296875,17.459999084472656,0.0323695495154613,0.02080202452197954
2023-05-31,203.92999267578125,203.9499969482422,195.1199951171875,199.77999877929688,150711700,0.013770078361723614,193.1259979248047,177.2719985961914,80.09864007789986,0.9736650902328813,1319.7900390625,12935.2900390625,17.940000534057617,0.03409825364476352,0.01784193847803895
2023-06-01,207.52000427246094,209.8000030517578,199.3699951171875,202.58999633789062,148029900,0.017604137329555458,198.05,179.61749877929688,80.11555252785561,0.9066124851881336,1321.739990234375,13100.98046875,15.649999618530273,0.02424559164464039,0.014947171533620936
2023-06-02,213.97000122070312,217.25,209.75,210.14999389648438,164398400,0.031081326211682914,203.95,182.25599899291993,87.57966220323335,1.3158714029578968,1312.8499755859375,13240.76953125,14.600000381469727,0.020818513967653995,0.009092248809252305
2023-06-05,217.61000061035156,221.2899932861328,214.52000427246094,217.8000030517578,151143100,0.017011727666879306,208.83800048828124,184.6334991455078,90.55377502134884,0.9844513135964073,1305.1400146484375,13229.4296875,14.729999542236328,0.021899063736039226,0.007957587287037656
2023-06-06,221.30999755859375,221.91000366210938,212.52999877929688,216.13999938964844,146911600,0.017002881015874438,212.8679992675781,187.10949935913087,91.05347767057295,0.8786518139145334,1299.7900390625,13276.419921875,13.960000038146973,0.02169864496481222,0.008125641519356944
2023-06-07,224.57000732421875,230.8300018310547,223.1999969482422,228.0,185710800,0.014730512862447087,216.99600219726562,189.88050003051757,90.47084913934208,1.848741840632473,1299.199951171875,13104.900390625,13.9399995803833,0.016248373848400277,0.0013145136154950046
2023-06-08,234.86000061035156,235.22999572753906,223.00999450683594,224.22000122070312,164489700,0.045820870777622646,222.46400146484376,193.1965003967285,91.46042953449457,1.318154161866311,1308.3399658203125,13238.51953125,13.649999618530273,0.02585142155198139,0.0173313326388302
2023-06-09,244.39999389648438,252.4199981689453,242.02000427246094,249.07000732421875,200242400,0.0406199151040636,228.55,196.8125,92.16533548169937,2.2120730493237453,1296.3299560546875,13259.1396484375,13.829999923706055,0.03372376624804444,0.016652934894687978
2023-06-12,249.8300018310547,250.97000122070312,244.58999633789062,247.94000244140625,150337900,0.02221770896144215,234.99400024414064,200.90500030517578,91.81068131077642,0.9643190302113559,1286.68994140625,13461.919921875,15.010000228881836,0.036219498281042796,0.012401615342061283
2023-06-13,258.7099914550781,259.67999267578125,251.33999633789062,253.50999450683594,162384300,0.035544128242966044,242.4739990234375,205.52299957275392,96.35228320301785,1.26551319137589,1284.5799560546875,13573.3203125,14.609999656677246,0.03279391743615726,0.009504369644553251
2023-06-14,256.7900085449219,261.57000732421875,250.5,260.1700134277344,170575500,-0.007421371317580694,248.91799926757812,210.03649978637696,97.52991503051226,1.470316419969572,1267.6199951171875,13626.48046875,13.880000114440918,0.016780155295609167,0.02199281201946331
2023-06-15,255.89999389648438,258.95001220703125,247.2899932861328,248.39999389648438,160171200,-0.0034659239799892383,253.1259979248047,214.13849945068358,96.35300260453702,1.210179415469957,1273.989990234375,13782.8203125,14.5,0.008218944315132037,0.023746802909604202
2023-06-16,260.5400085449219,263.6000061035156,257.2099914550781,258.9200134277344,167915600,0.01813214052015355,256.3540008544922,218.32099990844728,96.15014274813706,1.403811377028814,1270.050048828125,13689.5703125,13.539999961853027,0.0024149484075278727,0.013754416993788012
2023-06-20,274.45001220703125,274.75,261.1199951171875,261.5,165611200,0.05338912722001776,261.2780029296875,223.0365005493164,96.43896726696204,1.346194842214467,1283.239990234375,13667.2900390625,13.880000114440918,0.022685114586727357,0.028699675806131142
2023-06-21,259.4599914550781,276.989990234375,257.7799987792969,275.1300048828125,211797100,-0.054618400747766804,261.4280029296875,226.56600036621094,80.46743919523149,2.500973316126096,1287.5400390625,13502.2001953125,13.199999809265137,0.005634288997468169,0.05507770641503022
2023-06-22,264.6099853515625,265.0,248.25,250.77000427246094,166875900,0.019848894111198723,262.99199829101565,230.50799942016602,80.79617410411419,1.3778159286489857,1288.3800048828125,13630.6103515625,12.90999984741211,0.006206540194483227,0.05528102648938093
2023-06-23,256.6000061035156,262.45001220703125,252.8000030517578,259.2900085449219,177460800,-0.030270888067223778,263.1320007324219,234.19300003051757,72.61537641936717,1.6424684452938318,1298.2099609375,13492.51953125,13.4399995803833,-0.02168013156793062,0.037969663204005896
2023-06-26,241.0500030517578,258.3699951171875,240.6999969482422,250.07000732421875,179990600,-0.060600166336257755,259.23399963378904,237.02200012207032,61.039932432948554,1.7057206192971888,1307.6700439453125,13335.7802734375,14.25,-0.023674053430760938,0.04062821066863828
2023-06-27,250.2100067138672,250.38999938964844,240.85000610351562,243.24000549316406,164968200,0.03800042956291749,254.38599853515626,239.8740005493164,62.94570365704625,1.3301180187959523,1302.6600341796875,13555.669921875,13.739999771118164,-0.017623541613521348,0.050502335660423656
2023-06-28,256.239990234375,259.8800048828125,248.88999938964844,249.6999969482422,159770800,0.0240996896954786,253.74199829101562,242.62799987792968,63.84297990543132,1.2001682800161884,1296.5999755859375,13591.75,13.430000305175781,0.0004999843073794455,0.05336880126742517
2023-06-29,257.5,260.739990234375,253.61000061035156,258.0299987792969,131283400,0.004917303362650394,252.32000122070312,245.30650024414064,60.74410699038764,0.487902495486491,1309.010009765625,13591.330078125,13.539999961853027,0.02233914087368216,0.016611681399278964
2023-06-30,261.7699890136719,264.45001220703125,259.8900146484375,260.6000061035156,112620800,0.016582481606492783,253.35399780273437,248.01899948120118,58.67718019937691,0.021284572111106504,1323.0699462890625,13787.919921875,13.59000015258789,0.015199824888207258,0.009665650058632225
2023-07-03,279.82000732421875,284.25,275.1099853515625,276.489990234375,119685900,0.06895373445427366,261.1079986572266,251.31149978637694,63.30404843474324,0.19793210731195895,1315.300048828125,13816.76953125,13.569999694824219,0.030151173141138948,0.03410642416334264
2023-07-05,282.4800109863281,283.8500061035156,277.6000061035156,278.82000732421875,131530900,0.009506123909958086,267.56199951171874,254.55500030517578,61.1606713185029,0.49409069734665023,1295.5,13791.650390625,14.180000305175781,0.03168077999024151,0.03247265865956609
2023-07-06,276.5400085449219,279.9700012207031,272.8800048828125,278.0899963378906,120332100,-0.021028045208104085,271.62200317382815,257.3165008544922,58.93583218653884,0.21408893980502924,1302.969970703125,13679.0400390625,15.4399995803833,0.01914393771870922,0.04575855940762662
2023-07-07,274.42999267578125,280.7799987792969,273.7699890136719,278.42999267578125,113879200,-0.007630056425625198,275.00800170898435,259.8095001220703,58.29230089241701,0.05274814068009388,1309.219970703125,13660.7197265625,14.829999923706055,-0.0063839925745903985,0.01530517485274993
2023-07-10,269.6099853515625,277.5199890136719,265.1000061035156,276.4700012207031,119425400,-0.01756370459810941,276.5760009765625,261.54699935913084,54.052345144234735,0.19141886858641763,1297.3699951171875,13685.48046875,15.069999694824219,-0.015407268743946231,0.006954436537110582
2023-07-11,269.7900085449219,270.8999938964844,266.3699951171875,268.6499938964844,91972400,0.000667717084456676,274.57000122070315,262.8165000915527,47.62680054579437,-0.4949839825931838,1299.5400390625,13760.7001953125,14.84000015258789,-0.00817534797975931,0.009127934667883208
2023-07-12,271.989990234375,276.5199890136719,271.4599914550781,276.3299865722656,95672100,0.008154422401772665,272.4719970703125,263.92449951171875,57.33691332443777,-0.40248099098901774,1291.510009765625,13918.9599609375,13.539999961853027,-0.002913855037293356,0.013227859170817875
2023-07-13,277.8999938964844,279.45001220703125,270.6000061035156,274.5899963378906,112681500,0.02172875427149612,272.743994140625,264.8839996337891,57.71328416654108,0.022802244244082927,1274.699951171875,14138.5703125,13.609999656677246,0.010183631252575154,0.01067614575905552
2023-07-14,281.3800048828125,285.29998779296875,276.30999755859375,277.010009765625,120062400,0.012522529912772917,274.1339965820313,266.1134994506836,65.18008054455544,0.20734567499014056,1266.8299560546875,14113.7001953125,13.34000015258789,0.014135235528680568,0.006929374862138438
2023-07-17,290.3800048828125,292.2300109863281,283.57000732421875,286.6300048828125,131569600,0.03198521516746822,278.2880004882812,267.8375,82.85596359262456,0.49505830709205695,1268.3399658203125,14244.9501953125,13.479999542236328,0.02207883311724575,0.00973606418063885
2023-07-18,293.3399963378906,295.260009765625,286.010009765625,290.1499938964844,112120300,0.010193509901870401,282.997998046875,269.4774993896484,81.31257532078708,0.008770652793895614,1265.449951171875,14353.6396484375,13.300000190734863,0.018233751660703845,0.011965915969377534
2023-07-19,291.260009765625,299.2900085449219,289.5199890136719,296.0400085449219,142355400,-0.007090702250741598,286.852001953125,270.3179992675781,76.97163761063663,0.7647338934488466,1264.93994140625,14358.01953125,13.760000228881836,0.011696007606199007,0.01958123987474558
2023-07-20,262.8999938964844,280.92999267578125,261.20001220703125,279.55999755859375,175158300,-0.09737009860008494,283.852001953125,270.48999938964846,52.93413178544356,1.584899415867502,1265.0899658203125,14063.3095703125,13.989999771118164,-0.031422430316318715,0.05776250697020839
2023-07-21,260.0199890136719,268.0,255.8000030517578,268.0,161796100,-0.010954754468143868,279.5799987792969,270.26049957275393,49.03452915324361,1.2508065233591397,1278.4000244140625,14032.8095703125,13.600000381469727,-0.03847185177299014,0.0510439549247875
2023-07-24,269.05999755859375,269.8500061035156,254.1199951171875,255.85000610351562,136508500,0.03476659075024635,275.3159973144531,270.8834991455078,43.40846942085357,0.6185448128178769,1285.6500244140625,14058.8701171875,13.90999984741211,-0.02451942077266082,0.06710459222051171
2023-07-25,265.2799987792969,272.8999938964844,265.0,272.3800048828125,112757300,-0.014048906614123058,269.70399780273436,272.0949989318848,39.60598704448624,0.024697459197618562,1280.530029296875,14144.5595703125,13.859999656677246,0.0032543098893264752,0.02733425192261059
2023-07-26,264.3500061035156,268.0400085449219,261.75,263.25,95856200,-0.0035057022016762307,264.3219970703125,272.8019989013672,42.158749686732406,-0.39787796891849125,1274.1199951171875,14127.2802734375,13.1899995803833,0.005737327311482354,0.025686833040850537
2023-07-27,255.7100067138672,269.1300048828125,255.3000030517578,268.30999755859375,103697300,-0.032683938680391544,262.8839996337891,272.7754997253418,38.89153139574858,-0.2018282331379072,1275.1700439453125,14050.1103515625,14.40999984741211,-0.016746182498730278,0.014774939725772833
2023-07-28,266.44000244140625,267.25,258.2300109863281,259.8599853515625,111446000,0.04196157931177735,264.1680023193359,273.2224998474121,48.242211408498896,-0.00808875938511598,1283.8800048828125,14316.66015625,13.329999923706055,0.0019239794765698592,0.037617807238395945
2023-07-31,267.42999267578125,269.0799865722656,263.7799987792969,267.4800109863281,84582200,0.00371562162326855,263.8420013427734,273.50550003051757,48.70299515683568,-0.6797599397121686,1272.3900146484375,14346.01953125,13.630000114440918,0.00433108741821812,0.03732656477213472
2023-08-01,261.07000732421875,266.4700012207031,260.25,266.260009765625,83166000,-0.023781870118334214,263.0000030517578,272.56800003051757,44.261090432681925,-0.7151689557701788,1277.9300537109375,14283.91015625,13.930000305175781,0.007298443605570563,0.033017839810624505
2023-08-02,254.11000061035156,259.5199890136719,250.49000549316406,255.57000732421875,101752900,-0.02665954157355066,260.952001953125,271.1494995117188,37.633846037194985,-0.2504437470647501,1289.050048828125,13973.4501953125,16.09000015258789,-0.01557526335620544,0.016768241730113286
2023-08-03,259.32000732421875,260.489990234375,252.0,252.0399932861328,97569100,0.020502958173047814,261.6740020751953,270.2884994506836,38.73569635687679,-0.35505061147902967,1295.3699951171875,13959.7197265625,15.920000076293945,-0.00997948450627902,0.026437752022909895
2023-08-04,253.86000061035156,264.7699890136719,253.11000061035156,260.9700012207031,99539900,-0.02105509239416581,259.1580017089844,269.25999984741213,30.652671715322356,-0.3057750226871031,1296.4000244140625,13909.240234375,17.100000381469727,-0.009070558598222886,0.025764260775666525
2023-08-07,251.4499969482422,253.64999389648438,242.75999450683594,251.4499969482422,111097900,-0.009493435973824349,255.96200256347657,268.3520004272461,27.67771164769205,-0.0167922465266167,1303.050048828125,13994.400390625,15.770000457763672,-0.0033485233983141147,0.021449658614002907
2023-08-08,249.6999969482422,250.9199981689453,245.00999450683594,247.4499969482422,96642200,-0.006959634206558429,253.68800048828126,267.3474998474121,27.77539368337891,-0.37822573998077347,1307.75,13884.3203125,15.989999771118164,-0.012502720858182862,0.007514142134406818
2023-08-09,242.19000244140625,251.10000610351562,241.89999389648438,250.8699951171875,101596300,-0.03007606967809695,251.3040008544922,265.85750045776365,35.746728696446354,-0.25435919115081446,1316.6700439453125,13722.01953125,15.960000038146973,-0.01550971328615991,0.012678292146485777
2023-08-10,245.33999633789062,251.8000030517578,243.0,245.39999389648438,109498600,0.013006292021680244,248.50799865722655,264.229500579834,39.9341694337506,-0.05677928181935471,1313.6400146484375,13737.990234375,15.850000381469727,-0.008009803954325045,0.021560371397124637
2023-08-11,242.64999389648438,243.7899932861328,238.02000427246094,241.77000427246094,99038600,-0.01096438608281991,246.26599731445313,262.2930000305176,30.163721414037767,-0.3183089442729529,1318.3299560546875,13644.849609375,14.84000015258789,-0.009344721246412205,0.021586800551363063
2023-08-14,239.75999450683594,240.66000366210938,233.75,235.6999969482422,98595300,-0.011910156448968756,243.92799682617186,259.7619995117187,30.572456145404885,-0.32939270138248256,1329.6099853515625,13788.330078125,14.819999694824219,-0.0032894168367028076,0.014120418400113346
2023-08-15,232.9600067138672,240.5,232.61000061035156,238.72999572753906,88197600,-0.028361644764614224,240.5799987792969,256.7430000305176,28.06427722061602,-0.5893646871658266,1334.739990234375,13631.0498046875,16.459999084472656,-0.017078729098800965,0.009782727627699805
2023-08-16,225.60000610351562,233.97000122070312,225.3800048828125,228.02000427246094,112484500,-0.03159340830287438,237.26199951171876,253.45999984741212,28.575480391869476,0.017876685591754166,1338.739990234375,13474.6298828125,16.780000686645508,-0.02395506983881912,0.010555615937431257
2023-08-17,219.22000122070312,226.74000549316406,218.8300018310547,226.05999755859375,120718400,-0.028280162722535862,232.03800048828126,251.27600021362304,14.183845999674205,0.22374753527403737,1343.3299560546875,13316.9296875,17.889999389648438,-0.029411738596674824,0.001889820589634051
2023-08-18,215.49000549316406,217.5800018310547,212.36000061035156,214.1199951171875,136276600,-0.017014851321818125,226.6060028076172,249.04950103759765,12.175939874344195,0.6127466551961761,1339.0799560546875,13290.7802734375,17.299999237060547,-0.02562947411574279,0.00764219820994661
2023-08-21,231.27999877929688,232.1300048828125,220.5800018310547,221.5500030517578,135702700,0.073274828918382,224.91000366210938,247.1605010986328,30.925842872844882,0.5983975277313464,1339.1700439453125,13497.58984375,17.1299991607666,0.009326604958009336,0.05566649190494469
2023-08-22,233.19000244140625,240.82000732421875,229.5500030517578,240.25,130442800,0.008258403978685713,224.95600280761718,245.55600128173828,35.679073054448395,0.46688511171416835,1339.739990234375,13505.8701171875,16.969999313354492,0.021506127191749862,0.04657985849288153
2023-08-23,236.86000061035156,238.97999572753906,229.2899932861328,229.33999633789062,101077600,0.01573823118710882,227.20800170898437,244.18150100708007,34.293691531967994,-0.2673281620795603,1339.68994140625,13721.0302734375,15.979999542236328,0.03242382136139218,0.035575139740876636
2023-08-24,230.0399932861328,238.9199981689453,228.17999267578125,238.66000366210938,99777400,-0.02879341090367582,229.37200012207032,242.89800033569335,33.65356743328881,-0.29983684918493014,1327.780029296875,13463.9697265625,17.200000762939453,-0.001598925245960429,0.023846215452514346
2023-08-25,238.58999633789062,239.0,230.35000610351562,231.30999755859375,106612200,0.037167463490241914,233.99199829101562,241.50550003051757,41.86075011692181,-0.12894746706850058,1326.6199951171875,13590.650390625,15.680000305175781,0.008037427924558305,0.03364797194288136
2023-08-28,238.82000732421875,244.3800048828125,235.35000610351562,242.5800018310547,107673700,0.0009640428763089126,235.5,240.07500076293945,42.97883179010733,-0.10240695686826211,1323.6099853515625,13705.1298828125,15.079999923706055,0.003112698487625002,0.03303288934387333
2023-08-29,257.17999267578125,257.4800109863281,237.77000427246094,238.5800018310547,134047600,0.07687791972402569,240.297998046875,239.88050003051757,58.485212349857974,0.5570153342010451,1322.8199462890625,13943.759765625,14.449999809265137,0.0383364753635255,0.0379704373965127
2023-08-30,256.8999938964844,260.510009765625,250.58999633789062,254.1999969482422,121988400,-0.0010887269121663268,244.30599670410157,240.0199996948242,56.76338802989559,0.2555011367382888,1321.0699462890625,14019.3095703125,13.880000114440918,0.025584411896056092,0.04443333686461783
2023-08-31,258.0799865722656,261.17999267578125,255.0500030517578,255.97999572753906,108861700,0.004593198535678855,249.91399536132812,239.95799865722657,59.189981815400955,-0.0727035879394978,1323.030029296875,14034.9697265625,13.569999694824219,0.026794130449179405,0.0434667750160295
2023-09-01,245.00999450683594,259.0799865722656,242.00999450683594,257.260009765625,132541600,-0.05064318329763218,251.1979949951172,239.51549835205077,52.788689391753394,0.5193610634883187,1324.6400146484375,14031.8095703125,13.09000015258789,-0.015712903891373215,0.030383620319971875
2023-09-05,256.489990234375,258.0,244.86000061035156,245.0,129469600,0.046855214011356505,254.73199157714845,239.76749801635742,61.90667462890813,0.4425523519149483,1317.949951171875,14020.9501953125,14.010000228881836,0.0002684097498010611,0.04889286469401436
2023-09-06,251.9199981689453,255.38999938964844,245.05999755859375,255.13999938964844,116959800,-0.017817428513501543,253.67999267578125,239.87849807739258,63.7054683513492,0.12977187664133238,1331.72998046875,13872.4697265625,14.449999809265137,-0.007201799266592405,0.049608497837429315
2023-09-07,251.49000549316406,252.80999755859375,243.27000427246094,245.07000732421875,115312900,-0.0017068620153485314,252.59799499511718,240.34349822998047,67.91384425063868,0.0885947063645799,1333.4599609375,13748.830078125,14.399999618530273,0.009110307827502143,0.0336659478604692
2023-09-08,248.5,256.5199890136719,246.6699981689453,251.22000122070312,118367700,-0.01188916230408743,250.68199768066407,240.50149841308593,68.47642781480226,0.16497336916221392,1334.02001953125,13761.5302734375,13.84000015258789,-0.010471150944312502,0.008148352924683131
2023-09-11,273.5799865722656,274.8500061035156,260.6099853515625,264.2699890136719,174667900,0.10092549928477124,256.39599609375,242.047998046875,71.44594553437486,1.5726380251918572,1335.3199462890625,13917.8896484375,13.800000190734863,0.029109824988445093,0.06240222845195127
2023-09-12,267.4800109863281,278.3900146484375,266.6000061035156,270.760009765625,135999900,-0.022296863386701782,258.5940002441406,243.43399887084962,66.67639871935586,0.6058283705306972,1320.43994140625,13773.6103515625,14.229999542236328,0.022246491197994007,0.06833644558795574
2023-09-13,271.29998779296875,274.9800109863281,268.1000061035156,270.07000732421875,111673700,0.014281354305895722,262.4699981689453,245.3509979248047,66.72494020888382,-0.0023956136737694872,1324.0999755859375,13813.58984375,13.479999542236328,0.03096999673465506,0.06328365314337701
2023-09-14,276.0400085449219,276.7099914550781,270.4200134277344,271.32000732421875,107709800,0.017471511114000693,267.3799987792969,247.872998046875,72.79937918197501,-0.10150435449593181,1329.77001953125,13926.0498046875,12.819999694824219,0.0031520006777315444,0.02209700854737088
2023-09-15,274.3900146484375,278.9800109863281,271.0,277.54998779296875,133692300,-0.005977372284481253,272.55800170898436,250.63149871826172,69.04662144490833,0.5481318266417943,1327.06005859375,13708.330078125,13.789999961853027,0.008591831045138387,0.012717725400397967
2023-09-18,265.2799987792969,271.44000244140625,263.760009765625,271.1600036621094,101543300,-0.033200974462619715,270.89800415039065,253.12099838256836,62.86213947245666,-0.2556843414481415,1328.4200439453125,13710.240234375,14.0,-0.007235611877700092,0.02535966430739296
2023-09-19,266.5,267.8500061035156,261.20001220703125,264.3500061035156,103704000,0.004598918977371191,270.702001953125,254.88199844360352,55.43630325795844,-0.20166071413805645,1329.6600341796875,13678.1904296875,14.109999656677246,-0.01152647592324326,0.019501343528433104
2023-09-20,262.5899963378906,273.92999267578125,262.4599914550781,267.0400085449219,122514600,-0.014671683535119606,268.9600036621094,256.35199813842775,53.18410243313765,0.26865762893552425,1328.530029296875,13469.1298828125,15.140000343322754,-0.014424579673456043,0.018901158198838107
2023-09-21,255.6999969482422,260.8599853515625,254.2100067138672,257.8500061035156,119951500,-0.026238620989897266,264.8920013427734,257.29399795532225,48.74815670064735,0.20457286050007326,1332.3399658203125,13223.98046875,17.540000915527344,-0.01210379518254856,0.015578318450708147
2023-09-22,244.8800048828125,257.7900085449219,244.47999572753906,257.3999938964844,127524100,-0.042315182614647506,258.98999938964846,258.03599853515624,49.92996246527637,0.393909334868727,1341.1700439453125,13211.8095703125,17.200000762939453,-0.027741829046554794,0.01388292066483726
2023-09-25,246.99000549316406,247.10000610351562,238.30999755859375,243.3800048828125,104636600,0.008616467528091087,255.33200073242188,258.45599899291994,44.30728542598147,-0.1783430694722605,1334.6600341796875,13271.3203125,16.899999618530273,-0.019979112025484563,0.0260364040512943
2023-09-26,244.1199951171875,249.5500030517578,241.66000366210938,242.97999572753906,101993600,-0.011619945391094011,250.8559997558594,258.7209983825684,45.22876308798652,-0.2444255644880215,1338.449951171875,13063.6103515625,18.940000534057617,-0.01510622015921681,0.025644177319319873
2023-09-27,240.5,245.3300018310547,234.5800018310547,244.25999450683594,136597200,-0.014828753029631048,246.43800048828126,257.8869987487793,43.529953724353454,0.6207625643532148,1353.75,13092.849609375,18.219999313354492,-0.005944076964211324,0.01271145953655693
2023-09-28,246.3800048828125,247.5500030517578,238.64999389648438,240.02000427246094,117058900,0.02444908475181906,244.57400207519532,257.3609992980957,48.79298033527738,0.13224965766897592,1352.8199462890625,13201.2802734375,17.34000015258789,-0.0006665378896353324,0.02180985986007793
2023-09-29,250.22000122070312,254.77000427246094,246.35000610351562,250.0,128522700,0.015585665483353939,245.64200134277343,256.9680000305176,32.45719499040281,0.4188771666972321,1347.8499755859375,13219.3203125,17.520000457763672,0.008401999068513985,0.02060075077676188
2023-10-02,251.60000610351562,254.27999877929688,242.6199951171875,244.80999755859375,123810400,0.005515166158101437,246.56400146484376,257.29750061035156,37.16455608217029,0.30105630356338015,1351.93994140625,13307.76953125,17.610000610351562,0.015183305464424812,0.009473369966226898
2023-10-03,246.52999877929688,250.02000427246094,244.4499969482422,248.61000061035156,101985300,-0.020151062008054166,247.04600219726564,256.7995010375977,30.375551170535232,-0.24463308802515008,1354.18994140625,13059.4697265625,19.780000686645508,0.0003165898778004032,0.018426809801356695
2023-10-04,261.1600036621094,261.8599853515625,247.60000610351562,248.13999938964844,129721600,0.05934371052307452,251.1780029296875,257.26150131225586,39.808212459905114,0.44885306653620133,1359.219970703125,13236.009765625,18.579999923706055,0.014902604891040597,0.04057028123414345
2023-10-05,260.04998779296875,263.6000061035156,256.25,260.0,119159200,-0.00425032873937603,253.91199951171876,257.6895004272461,40.104866342206996,0.18476311369682413,1351.1600341796875,13219.830078125,18.489999771118164,0.011647439925214775,0.04206434358608976
2023-10-06,260.5299987792969,261.6499938964844,250.64999389648438,253.97999572753906,118121800,0.001845841218459432,255.9739990234375,258.29100036621094,46.27917169404103,0.15882517183933248,1346.06005859375,13431.33984375,17.450000762939453,0.018979741000719308,0.03508886360000738
2023-10-09,259.6700134277344,261.3599853515625,252.0500030517578,255.30999755859375,101377900,-0.003300907210654902,257.58800048828124,257.5955017089844,44.61950870460284,-0.25981981048923375,1343.3599853515625,13484.240234375,17.700000762939453,-0.0019017982438571668,0.0032800840636234337
2023-10-10,263.6199951171875,268.94000244140625,257.6499938964844,257.75,122656000,0.015211543440507347,261.00599975585936,257.40250091552736,50.81088363554853,0.2721930299174496,1346.8900146484375,13562.83984375,17.030000686645508,0.004585492482770626,0.009555468280804636
2023-10-11,262.989990234375,268.6000061035156,260.8999938964844,266.20001220703125,103706300,-0.002389822071472425,261.3719970703125,256.9870010375977,56.36679088248121,-0.20160320761571962,1341.8900146484375,13659.6796875,16.09000015258789,0.0031736047194600068,0.010435108792987284
2023-10-12,258.8699951171875,265.4100036621094,256.6300048828125,262.9200134277344,111508100,-0.015665976919941982,261.13599853515626,256.1285003662109,63.837752020047766,-0.0065360832820214815,1338.260009765625,13574.2197265625,16.690000534057617,-0.0009480851836356866,0.015489166208766848
2023-10-13,251.1199951171875,259.6000061035156,250.22000122070312,258.8999938964844,102073800,-0.02993780718577166,259.2539978027344,254.96499938964843,53.67500738036519,-0.2424203370569719,1348.3399658203125,13407.23046875,19.31999969482422,-0.015997868725728687,0.013776991148014695
2023-10-16,253.9199981689453,255.39999389648438,248.47999572753906,250.0500030517578,88917200,0.01115006015531006,258.10399475097654,254.39699935913086,58.731276545874884,-0.5713726465251373,1352.0699462890625,13567.98046875,17.209999084472656,-0.011484574650134527,0.020860640075655565
2023-10-17,254.85000610351562,257.17999267578125,247.0800018310547,250.10000610351562,93562900,0.0036626021631882555,256.34999694824216,253.81449966430665,63.428768589084136,-0.45521697225547375,1347.760009765625,13533.75,17.8799991607666,-0.005041714955757781,0.02188325988147029
2023-10-18,242.67999267578125,254.6300048828125,242.0800018310547,252.6999969482422,125147800,-0.04775363208267347,252.28799743652343,252.81899948120116,46.90219074576202,0.33449509616045875,1352.989990234375,13314.2998046875,19.219999313354492,-0.010980323254725052,0.032065911626097586
2023-10-19,220.11000061035156,230.61000061035156,216.77999877929688,225.9499969482422,170772700,-0.09300310180733784,244.53599853515624,251.03949966430665,30.809433591268316,1.4752469791890603,1354.56005859375,13186.1796875,21.399999618530273,-0.04569804390894102,0.04836562480816656
2023-10-20,211.99000549316406,218.86000061035156,210.4199981689453,217.00999450683594,138010100,-0.036890623300491754,236.71000061035156,249.3949996948242,26.75196626892395,0.6560890710530893,1356.22998046875,12983.8095703125,21.709999084472656,-0.05921578573016769,0.029760515548699542
2023-10-23,212.0800018310547,216.97999572753906,202.50999450683594,210.0,150683400,0.0004245310418349302,228.34200134277344,247.64949951171874,28.52512027696916,0.9729575099797803,1349.3399658203125,13018.330078125,20.3700008392334,-0.04315639802199822,0.04702792356244806
2023-10-24,216.52000427246094,222.0500030517578,214.11000061035156,216.5,118231100,0.02093550737020089,220.6760009765625,246.2694999694824,18.12339207343119,0.161557981792122,1334.43994140625,13139.8701171875,18.969999313354492,-0.005176861629485312,0.029317180065274784
2023-10-25,212.4199981689453,220.10000610351562,212.1999969482422,215.8800048828125,107065100,-0.018935922882932887,214.6240020751953,244.8654998779297,17.381181978931124,-0.11762368273530416,1343.6400146484375,12821.2197265625,20.190000534057617,0.0008080385097009776,0.019938481539251172
2023-10-26,205.75999450683594,214.8000030517578,204.8800048828125,211.32000732421875,115112600,-0.031352997455599385,211.75400085449218,242.83449935913086,15.418602440630238,0.08358663835411569,1352.6800537109375,12595.6103515625,20.68000030517578,-0.009784470989443794,0.027319109393400223
2023-10-27,207.3000030517578,212.41000366210938,205.77000427246094,210.60000610351562,94881200,0.00748448962886572,210.81600036621094,240.6884994506836,17.215469893027546,-0.4222557338221488,1350.3399658203125,12643.009765625,21.270000457763672,-0.01426814356988885,0.019835037775246596
2023-10-30,197.36000061035156,210.8800048828125,194.6699981689453,209.27999877929688,136448200,-0.04794984223383958,207.87200012207032,237.97649917602538,11.413944979815753,0.6170371418192199,1355.219970703125,12789.48046875,19.75,-0.023939450020191082,0.028451042185637453
2023-10-31,200.83999633789062,202.8000030517578,194.07000732421875,196.1199951171875,118068300,0.017632730628176496,204.73599853515626,235.69199905395507,14.97013713553146,0.15748752012410613,1348.0699462890625,12851.240234375,18.139999389648438,-0.0076108739922657875,0.03530114683605969
2023-11-01,205.66000366210938,205.99000549316406,197.85000610351562,204.0399932861328,121661700,0.023999240251476817,203.38399963378907,232.91699905395507,20.243833585604435,0.2473327102828786,1350.1600341796875,13061.4697265625,16.8700008392334,-0.0021059571180620886,0.03982937939608584
2023-11-02,218.50999450683594,219.1999969482422,211.4499969482422,212.97000122070312,125987600,0.06248172039245192,205.93399963378906,230.83999938964843,32.74785676369912,0.3554924776641425,1347.8399658203125,13294.1904296875,15.65999984741211,0.03470456375736841,0.02426542672699922
2023-11-03,219.9600067138672,226.3699951171875,218.39999389648438,221.14999389648438,119534800,0.006635907937775798,208.46600036621095,228.81149978637694,31.77329975743683,0.194154178822787,1333.6800537109375,13478.2802734375,14.90999984741211,0.031038956193901512,0.028580708399079915
2023-11-06,219.27000427246094,226.32000732421875,215.0,223.97999572753906,117335800,-0.0031369449915676917,212.8480010986328,226.79149932861327,30.85449876993276,0.13917294290161467,1307.8399658203125,13518.7802734375,14.890000343322754,0.021993561112886677,0.03540261918248746
2023-11-07,222.17999267578125,223.1199951171875,215.72000122070312,219.97999572753906,116900100,0.013271256198382764,217.11600036621093,224.71949920654296,37.74802195070256,0.12827920734415457,1297.1099853515625,13639.8603515625,14.8100004196167,0.005590073048196957,0.008253944180491439
2023-11-08,222.11000061035156,224.14999389648438,217.63999938964844,223.14999389648438,106584800,-0.00031502415940676265,220.40599975585937,222.6754997253418,51.63504367432439,-0.12963254476938285,1304.550048828125,13650.41015625,14.449999809265137,0.0032730956824694366,0.008772868377687107
2023-11-09,209.97999572753906,220.8000030517578,206.67999267578125,219.75,142110500,-0.054612601186257326,218.7,220.2309997558594,48.45786180782732,0.7586106989617638,1308.1199951171875,13521.4501953125,15.289999961853027,-0.013885456382427108,0.03591896430013301
2023-11-10,214.64999389648438,215.3800048828125,205.69000244140625,210.02999877929688,130994000,0.022240205086035525,217.63799743652345,218.40749969482422,51.84227741030362,0.48066667480636943,1315.199951171875,13798.1103515625,14.170000076293945,-0.010895806753209522,0.039503837512381415
2023-11-13,223.7100067138672,225.39999389648438,211.61000061035156,215.60000610351562,140447600,0.04220830689495392,218.5259979248047,216.89700012207032,54.83392806882757,0.7170334833122333,1319.6199951171875,13767.740234375,14.760000228881836,0.0032786369315773722,0.05111974041967262
2023-11-14,237.41000366210938,238.13999938964844,230.72000122070312,235.02999877929688,149771600,0.06123998273248876,221.5720001220703,216.025,64.88030393133376,0.9501599242985956,1319.0699462890625,14094.3798828125,14.15999984741211,0.04189616490449274,0.019501762448170087
2023-11-15,242.83999633789062,246.6999969482422,236.4499969482422,239.2899932861328,150354000,0.022871793909364557,225.71799926757814,216.03300018310546,72.40752906404514,0.9647215758677138,1304.239990234375,14103.83984375,14.180000305175781,0.04210669451226908,0.019184296239345505
2023-11-16,233.58999633789062,240.8800048828125,230.9600067138672,239.49000549316406,136816800,-0.038090924639652135,230.43999938964845,216.7069999694824,64.53287789051602,0.6262531870945923,1301.8599853515625,14113.669921875,14.319999694824219,0.015340284000733728,0.05009191572470614
2023-11-17,234.3000030517578,237.38999938964844,226.5399932861328,232.0,142532800,0.0030395424675642158,234.37000122070313,217.8224998474121,72.74069288279952,0.7691693965195223,1292.449951171875,14125.48046875,13.800000190734863,-0.004059862754241121,0.031095247693163717
2023-11-20,235.60000610351562,237.10000610351562,231.02000427246094,234.0399932861328,116320100,0.005548455120893081,236.7480010986328,218.99850006103514,71.98885744615609,0.11377756258095315,1294.5,14284.5302734375,13.40999984741211,-0.009834309017064946,0.024503079510695934
2023-11-21,241.1999969482422,243.6199951171875,233.33999633789062,235.0399932861328,122288000,0.023769060694616817,237.50599975585936,220.2324996948242,72.26257616229705,0.26299198634355625,1288.1500244140625,14199.98046875,13.350000381469727,0.010785686094358038,0.011313694033492876
2023-11-22,234.2100067138672,244.00999450683594,231.39999389648438,242.0399932861328,117950600,-0.028980059381488954,235.78000183105468,221.3220001220703,60.61384332682825,0.1545446863506082,1295.18994140625,14265.8603515625,12.850000381469727,0.00011248547800698135,0.02679141171475741
2023-11-24,235.4499969482422,238.75,232.3300018310547,233.75,65125200,0.00529435207219775,236.152001953125,222.80650024414064,60.50168115499781,-1.1662401158459794,1300.1800537109375,14250.849609375,12.460000038146973,2.7784461775204328e-05,0.026766022640602023
2023-11-27,236.0800018310547,238.3300018310547,232.10000610351562,236.88999938964844,112031800,0.0026757481035388775,236.50800170898438,224.24550018310546,61.40588056019572,0.0065579018257174646,1289.7900390625,14241.01953125,12.6899995803833,-0.007003319735250775,0.019077397248971662
2023-11-28,246.72000122070312,247.0,234.00999450683594,236.67999267578125,148549900,0.04506946504203557,238.73200073242188,226.71350021362304,65.07000459113306,0.9196139598034178,1302.530029296875,14281.759765625,12.6899995803833,0.017679855072590733,0.02375620597643706
2023-11-29,244.13999938964844,252.75,242.75999450683594,249.2100067138672,135401300,-0.010457205813430348,239.32000122070312,228.87850036621094,63.124021819989814,0.5908616730216413,1287.530029296875,14258.490234375,12.979999542236328,0.012429335777381367,0.029019857829705367
2023-11-30,240.0800018310547,245.22000122070312,236.91000366210938,245.13999938964844,132353200,-0.016629792613843564,240.49400024414064,230.5995002746582,69.83917239705042,0.514650529223858,1288.3599853515625,14226.2197265625,12.920000076293945,0.005994155538253887,0.03398065724150149
2023-12-01,238.8300018310547,240.19000244140625,231.89999389648438,233.13999938964844,121331700,-0.005206597761023168,241.1700012207031,231.61550064086913,66.68966975415552,0.23908177446933293,1296.6600341796875,14305.0302734375,12.630000114440918,-0.010764532062765694,0.005717795224474507
2023-12-04,235.5800018310547,239.3699951171875,233.2899932861328,235.75,104099800,-0.01360800559009756,241.07000122070312,232.39650039672853,58.90738645497117,-0.1917645917289614,1299.18994140625,14185.490234375,13.079999923706055,-0.011814798654988098,0.005918955861929456
2023-12-05,238.72000122070312,246.66000366210938,233.6999969482422,233.8699951171875,137971100,0.013328802806870987,239.47000122070312,233.36900024414064,51.16816815889206,0.655113960456943,1307.800048828125,14229.91015625,12.850000381469727,-0.0018286001814165804,0.013782454875297794
2023-12-06,239.3699951171875,246.57000732421875,239.1699981689453,242.9199981689453,126436200,0.002722829646282676,238.51600036621093,234.22850036621094,46.617258958771934,0.36670874980340484,1313.3699951171875,14146.7099609375,12.970000267028809,0.0008145422876853677,0.01356941716272242
2023-12-07,242.63999938964844,244.0800018310547,236.97999572753906,241.5500030517578,107142300,0.01366087788429815,239.0279998779297,235.25500030517577,59.986746624162514,-0.11569346381165045,1313.719970703125,14339.990234375,13.0600004196167,0.009904170112483937,0.006221439273422772
2023-12-08,243.83999633789062,245.27000427246094,239.27000427246094,240.27000427246094,103126800,0.0049455858525417895,240.02999877929688,236.94800033569337,60.4148276102803,-0.21609235096102172,1312.760009765625,14403.9697265625,12.350000381469727,0.007109764461040872,0.005781260814165233
2023-12-11,239.74000549316406,243.44000244140625,237.4499969482422,242.74000549316406,97913900,-0.01681426716823431,240.86199951171875,238.20250091552734,54.2592464779717,-0.3464296336956644,1316.510009765625,14432.490234375,12.630000114440918,0.0005973988562018769,0.01569597604832456
2023-12-12,237.00999450683594,238.99000549316406,233.8699951171875,238.5500030517578,95328300,-0.011387381846063915,240.5199981689453,238.86750030517578,45.41874376972696,-0.4110769659365844,1313.6199951171875,14533.400390625,12.069999694824219,-0.007752021053918812,0.011326283015104476
2023-12-13,239.2899932861328,240.3000030517578,228.1999969482422,234.19000244140625,146286300,0.009619842336358264,240.50399780273438,238.96149978637695,56.19206752687522,0.8630175406896543,1310.1400146484375,14733.9599609375,12.1899995803833,-0.00619393555931332,0.013961355577995306
2023-12-14,251.0500030517578,253.8800048828125,240.7899932861328,241.22000122070312,160829200,0.04914543063053567,242.18599853515624,239.37200012207032,65.13386232021804,1.226631281425451,1292.010009765625,14761.5595703125,12.479999542236328,0.015792630373610006,0.030734879708507433
2023-12-15,253.5,254.1300048828125,248.3000030517578,251.2100067138672,135932800,0.009758999874367902,244.1179992675781,240.36750030517578,66.32306915220178,0.6041506802486095,1291.9200439453125,14813.919921875,12.279999732971191,0.022841424280420613,0.022780043980538473
2023-12-18,252.0800018310547,258.739990234375,251.36000061035156,253.77999877929688,116416500,-0.005601570686174839,246.58599853515625,241.25650024414062,56.07157338516867,0.11618783595194042,1276.469970703125,14904.8095703125,12.5600004196167,0.017767619939576245,0.02823848499485445
2023-12-19,257.2200012207031,258.3399963378906,253.00999450683594,253.47999572753906,106737400,0.0203903496997484,250.62799987792968,242.3375,64.00426634326841,-0.12581711202651297,1302.9300537109375,15003.2197265625,12.529999732971191,0.008182592962647154,0.013067470122427476
2023-12-20,247.13999938964844,259.8399963378906,247.0,256.4100036621094,125097000,-0.03918825045959673,252.1980010986328,242.6345001220703,56.695733611834484,0.3332249521018887,1297.760009765625,14777.9404296875,13.670000076293945,-0.008133157148674389,0.02986986937952046
2023-12-21,254.5,254.8000030517578,248.5500030517578,251.89999389648438,109594200,0.029780693649462897,252.88800048828125,243.64899978637695,63.3180179773754,-0.05438901071700634,1296.97998046875,14963.8701171875,13.649999618530273,0.003660930963204856,0.03740432998098762
2023-12-22,252.5399932861328,258.2200012207031,251.3699951171875,256.760009765625,93370100,-0.007701401626197146,252.6959991455078,244.50349960327148,64.73754849664627,-0.46003751899744827,1291.7099609375,14992.9697265625,13.029999732971191,-0.00570298614544366,0.03452787368496552
2023-12-26,256.6099853515625,257.9700012207031,252.91000366210938,254.49000549316406,86892400,0.01611622781987765,253.60199584960938,245.52999877929688,65.29841412160678,-0.6219983884501895,1294.5799560546875,15074.5703125,12.989999771118164,0.012731839947714466,0.018968854143446543
2023-12-27,261.44000244140625,263.3399963378906,257.5199890136719,258.3500061035156,106494400,0.018822405072142834,254.44599609375,246.26599884033203,67.61371092732236,-0.13189280112557838,1293.9200439453125,15099.1796875,12.430000305175781,0.009079077088607779,0.014595177225840259
2023-12-28,253.17999267578125,265.1300048828125,252.7100067138672,263.6600036621094,113619900,-0.03159428430420175,255.65399475097655,246.71799850463867,57.79122741300197,0.0462649053575109,1294.760009765625,15095.1396484375,12.470000267028809,0.001114782862606245,0.02835918114160276
2023-12-29,248.47999572753906,255.19000244140625,247.42999267578125,255.10000610351562,100891600,-0.018563856087399966,254.4499938964844,247.13799819946288,53.261162866092285,-0.2719786895381042,1277.8399658203125,15011.349609375,12.449999809265137,-0.010445245106486293,0.02617048958487907
2024-01-02,248.4199981689453,251.25,244.41000366210938,250.0800018310547,104654200,-0.0002414583049958896,253.62599487304686,247.61749801635742,56.46793750186277,-0.17790301956220472,1293.5400390625,14765.9404296875,13.199999809265137,-0.0167998662321992,0.015750672039346728
2024-01-03,238.4499969482422,245.67999267578125,236.32000732421875,244.97999572753906,121082600,-0.04013364984377277,249.9939971923828,247.7609977722168,50.9685146960074,0.23285356807189592,1307.6199951171875,14592.2099609375,14.039999961853027,-0.019646321412056206,0.01996811295105094
2024-01-04,237.92999267578125,242.6999969482422,237.72999572753906,239.25,102629300,-0.0021807686270334248,245.2919952392578,247.72149734497071,49.06309331643381,-0.22853126177083674,1309.530029296875,14510.2998046875,14.130000114440918,-0.014185292258600693,0.022492847244341006
2024-01-05,237.49000549316406,240.1199951171875,234.89999389648438,236.86000061035156,92488900,-0.001849229589212631,242.15399780273438,247.62749786376952,38.93241405645461,-0.482070017903195,1311.25,14524.0703125,13.350000381469727,-0.014721216020006275,0.022008437567644003
2024-01-08,240.4499969482422,241.25,235.3000030517578,236.13999938964844,85166600,0.012463646412957496,240.547998046875,247.51799774169922,39.436609040493096,-0.6651482824714533,1313.1300048828125,14843.76953125,13.079999923706055,0.00281121606557048,0.008360893387776772
2024-01-09,234.9600067138672,238.9600067138672,232.0399932861328,238.11000061035156,96705700,-0.02283214932024613,237.8559997558594,247.07399826049806,36.99878005081736,-0.3766380599075609,1311.800048828125,14857.7099609375,12.760000228881836,-0.0040725774988337555,0.01775262673677961
2024-01-10,233.94000244140625,235.5,231.2899932861328,235.10000610351562,91628500,-0.004341182513256769,236.9540008544922,246.78399810791015,31.140629424627946,-0.5035824578243303,1319.7900390625,14969.650390625,12.6899995803833,-0.004903228473515135,0.017654609054184457
2024-01-11,227.22000122070312,230.92999267578125,225.3699951171875,230.57000732421875,105873600,-0.028725319101363445,234.81200256347657,246.29449844360352,32.93350995373807,-0.14741456158936364,1317.5,14970.1904296875,12.4399995803833,-0.01863288364495545,0.01272288895831513
2024-01-12,218.88999938964844,225.33999633789062,217.14999389648438,220.0800018310547,123043800,-0.036660513098772496,231.09200134277344,245.2744987487793,19.989882767136834,0.28188912964015567,1311.989990234375,14972.759765625,12.699999809265137,-0.02324233823779757,0.016842864712887637
2024-01-16,219.91000366210938,223.49000549316406,212.17999267578125,215.10000610351562,115355000,0.004659894354722027,226.98400268554687,243.71749877929688,22.05857497730237,0.08964732575170194,1319.7099609375,14944.349609375,13.84000015258789,-0.02024197928180464,0.02192759241005008
2024-01-17,215.5500030517578,215.6699981689453,212.00999450683594,214.86000061035156,103164400,-0.019826295019533036,223.102001953125,241.81999893188475,15.013649495915658,-0.2151522443349935,1337.7900390625,14855.6201171875,14.789999961853027,-0.017275637921194503,0.02077795482610549
2024-01-18,211.8800048828125,217.4499969482422,208.74000549316406,216.8800048828125,108595400,-0.017026203279914,218.69000244140625,239.80999908447265,6.919324615808975,-0.07936184311267115,1344.050048828125,15055.650390625,14.130000114440918,-0.010730867981575002,0.013402119325198376
2024-01-19,212.19000244140625,213.19000244140625,207.55999755859375,209.99000549316406,102260300,0.0014630807600990448,215.6840026855469,237.55849914550782,8.654416142353014,-0.2377573081805287,1337.6600341796875,15310.9697265625,13.300000190734863,-0.011796472513115996,0.011568143463472957
2024-01-22,208.8000030517578,217.8000030517578,206.27000427246094,212.25999450683594,117952500,-0.015976244642273096,213.66600341796874,235.6414993286133,8.88933668946676,0.15459219173862557,1333.2099609375,15360.2900390625,13.1899995803833,-0.010513122387362683,0.010384973984423073
2024-01-23,209.13999938964844,215.64999389648438,207.75,211.3000030517578,106605900,0.0016283349277841364,211.51200256347656,233.3734992980957,9.538505118450061,-0.1291049849340319,1338.739990234375,15425.9404296875,12.550000190734863,-0.004294942984796639,0.010116641416236263
2024-01-24,207.8300018310547,212.72999572753906,206.77000427246094,211.8800048828125,123369900,-0.006263735117226887,209.96800231933594,231.13799972534179,11.609806857565843,0.29004255439408666,1336.780029296875,15481.919921875,13.140000343322754,-0.0068705482772386155,0.008817963036778533
2024-01-25,182.6300048828125,193.0,180.05999755859375,189.6999969482422,198076800,-0.12125293136804816,204.11800231933594,227.4390007019043,7.171609330371325,2.157926908118247,1329.8900146484375,15510.5,13.449999809265137,-0.0419627771858303,0.06878057578327437
2024-01-26,183.25,186.77999877929688,182.10000610351562,185.5,107343200,0.0033948152034783963,198.3300018310547,223.52950057983398,8.10933833058074,-0.11067039409970705,1336.030029296875,15455.3603515625,13.260000228881836,-0.04137395042726555,0.0693455881486186
2024-01-29,190.92999267578125,191.47999572753906,183.6699981689453,185.6300048828125,125013100,0.04190991910385411,194.75599975585936,220.417000579834,14.353566612577382,0.3311272141783842,1336.760009765625,15628.0400390625,13.600000381469727,-0.025316065686905215,0.08528637027483014
2024-01-30,191.58999633789062,196.36000061035156,190.61000061035156,195.3300018310547,109982300,0.0034567835721344142,191.24599914550782,217.57250061035157,16.447453238378273,-0.04468541014356069,1333.2099609375,15509.900390625,13.3100004196167,0.01625383929315564,0.022218838481328787
2024-01-31,187.2899932861328,193.97000122070312,185.85000610351562,187.0,103221400,-0.02244377647032403,187.13799743652345,214.51600036621093,15.653054407054043,-0.213727082694472,1326.6199951171875,15164.009765625,14.350000381469727,0.0076409754018881655,0.032380242887672
2024-02-01,188.86000061035156,189.8800048828125,184.27999877929688,188.5,91843300,0.008382761388752824,188.38399658203124,212.0365005493164,19.439125708393334,-0.4982118486947861,1333.9100341796875,15361.6396484375,13.880000114440918,-0.00353474383647893,0.016559889816158763
2024-02-02,187.91000366210938,188.69000244140625,182.0,185.0399932861328,110612700,-0.0050301649114266045,189.3159973144531,209.5355010986328,22.02960662673182,-0.028923622456108654,1328.949951171875,15628.9501953125,13.850000381469727,-0.006363726664332603,0.015456475966593587
2024-02-05,181.05999755859375,184.67999267578125,175.00999450683594,184.25999450683594,134294400,-0.03645365318513305,187.3419982910156,206.7140007019043,18.264975787310163,0.5631860340761453,1337.72998046875,15597.6796875,13.670000076293945,-0.011033685569268944,0.023013207363972457
2024-02-06,185.10000610351562,186.49000549316406,177.11000061035156,177.2100067138672,122676000,0.0223130928940527,186.04400024414062,203.94650115966797,24.995890743703768,0.27269308663342207,1333.3900146484375,15609.0,13.0600004196167,-0.006390241734168985,0.029406971416769435
2024-02-07,187.5800018310547,189.7899932861328,182.67999267578125,188.17999267578125,111535200,0.01339813963135228,186.102001953125,201.57750091552734,29.64823065708893,-0.005858506431878794,1326.7900390625,15756.6396484375,12.829999923706055,-0.00024747355324269044,0.03167072276680102
2024-02-08,189.55999755859375,191.6199951171875,185.5800018310547,189.0,83034000,0.010555473441792307,186.24200134277345,199.3585006713867,31.56264011660815,-0.7184693300955971,1327.6199951171875,15793.7099609375,12.789999961853027,0.015422235322399095,0.006134584445659729
2024-02-09,193.57000732421875,194.1199951171875,189.47999572753906,190.17999267578125,84476300,0.021154303741671487,187.3740020751953,197.6760009765625,37.71575662335567,-0.6824077400232429,1331.469970703125,15990.66015625,12.930000305175781,0.015035972271605358,0.005485952310175471
2024-02-12,188.1300048828125,194.72999572753906,187.27999877929688,192.11000061035156,95498600,-0.028103539988478476,188.78800354003906,196.13800125122071,34.341928386538186,-0.4068189830000789,1330.06005859375,15942.5498046875,13.930000305175781,0.0012020790649951059,0.025926786958894377
2024-02-13,184.02000427246094,187.25999450683594,182.11000061035156,183.99000549316406,86759500,-0.021846598116614713,188.57200317382814,194.34350128173827,32.96608828251921,-0.6253212653278265,1328.5,15655.599609375,15.850000381469727,-0.009598611454473901,0.026815922046294686
2024-02-14,188.7100067138672,188.88999938964844,183.35000610351562,185.3000030517578,81203000,0.025486372853585015,188.79800415039062,193.00150146484376,56.15632202037345,-0.764249522442876,1340.7900390625,15859.150390625,14.380000114440918,-0.008154588417169392,0.02930141697618512
2024-02-15,200.4499969482422,200.8800048828125,188.86000061035156,189.16000366210938,120831800,0.06221180550417671,190.97600402832032,192.43000106811525,64.21485506615973,0.22658285685360122,1326.0,15906.169921875,14.010000228881836,0.021950526747049004,0.04214060346727134
2024-02-16,199.9499969482422,203.1699981689453,197.39999389648438,202.05999755859375,111346700,-0.0024943876658132247,192.252001953125,191.81800079345703,58.458349666001034,-0.01057154097991926,1327.6600341796875,15775.650390625,14.239999771118164,0.028401263563982832,0.03245142985336991
2024-02-20,193.75999450683594,198.60000610351562,189.1300048828125,196.1300048828125,104545800,-0.030957752117438453,193.37799987792968,191.06600036621094,51.84365579016733,-0.18061332696277546,1333.3399658203125,15630.7802734375,15.420000076293945,0.009586555240308344,0.04774519350654677
2024-02-21,194.77000427246094,199.44000244140625,191.9499969482422,193.36000061035156,103500300,0.00521268473502845,195.5279998779297,190.34750061035157,56.73145367319303,-0.20675379179023598,1333.75,15580.8701171875,15.34000015258789,-0.009413151682741075,0.019051957830260563
2024-02-22,197.41000366210938,198.32000732421875,191.36000061035156,194.0,92739500,0.013554445406056326,197.26799926757812,189.8265007019043,57.54898807793303,-0.47580430725206,1332.8699951171875,16041.6201171875,14.539999961853027,-0.004063540658784559,0.023661576453403752
2024-02-23,191.97000122070312,197.57000732421875,191.5,195.30999755859375,78841900,-0.027556873210526134,195.5720001220703,190.29350051879882,53.32131947463953,-0.8232837180470052,1327.1700439453125,15996.8203125,13.75,-0.002929914356480453,0.02173158000634842
2024-02-26,199.39999389648438,201.77999877929688,192.0,192.2899932861328,111747100,0.03870392576202142,195.46199951171874,191.10100021362305,64.86221600324103,-0.0005604055261505479,1330.0,15976.25,13.739999771118164,0.008233832652517203,0.033449290877011637
2024-02-27,199.72999572753906,205.60000610351562,198.25999450683594,204.0399932861328,108645400,0.0016549741281637331,196.65599975585937,191.54100036621094,62.61421857751577,-0.07811170132274,1331.719970703125,16035.2998046875,13.430000305175781,0.004267342226553006,0.03320755517094269
2024-02-28,202.0399932861328,205.3000030517578,198.44000244140625,200.4199981689453,99806200,0.01156560160219966,198.10999755859376,192.06350021362306,62.504299655992476,-0.2991167675139298,1331.7900390625,15947.740234375,13.84000015258789,0.01730816716412827,0.019180432704106805
2024-02-29,201.8800048828125,205.27999877929688,198.4499969482422,204.17999267578125,85907000,-0.0007918650199801869,199.00399780273438,192.79300079345703,60.99999128948321,-0.6466361828461528,1333.3800048828125,16091.919921875,13.399999618530273,0.004142903570127736,0.0065436297275072944
2024-03-01,202.63999938964844,204.52000427246094,198.5,200.52000427246094,82243100,0.003764585340074067,201.13799743652345,193.48200073242188,58.59713581219839,-0.7382440729287281,1335.199951171875,16274.9404296875,13.109999656677246,0.00484610730743118,0.00624932097543251
2024-03-04,188.13999938964844,199.75,186.72000122070312,198.72999572753906,134334900,-0.07155546804023882,198.88599853515626,193.49350051879884,50.00807353780408,0.5641986489259896,1330.9000244140625,16207.509765625,13.489999771118164,-0.02286091590671498,0.04223221360033432
2024-03-05,180.74000549316406,184.58999633789062,177.57000732421875,183.0500030517578,119660800,-0.03933237971984138,195.08800048828124,193.47750091552734,47.480788552994326,0.1973045361334135,1328.93994140625,15939.58984375,14.460000038146973,-0.035707754140002046,0.03779062110165451
2024-03-06,176.5399932861328,181.5800018310547,173.6999969482422,179.99000549316406,107920900,-0.02323786698783792,189.98800048828124,193.04950027465821,40.58193193787731,-0.09622625585884247,1333.4300537109375,16031.5400390625,14.5,-0.04470857158263938,0.02460335794305229
2024-03-07,178.64999389648438,180.0399932861328,173.6999969482422,174.35000610351562,102129000,0.011951969472048907,185.3419982910156,192.60299987792968,30.174596949154093,-0.2410401805208879,1327.0899658203125,16273.3798828125,14.4399995803833,-0.016872759078543464,0.026227982519280005
2024-03-08,175.33999633789062,182.72999572753906,174.6999969482422,181.5,85544600,-0.018527834714126334,179.88199768066406,191.89199981689453,28.707378865258477,-0.6556972105395737,1321.1800537109375,16085.1103515625,14.739999771118164,-0.009937910743305115,0.019102911895487636
2024-03-11,177.77000427246094,182.8699951171875,174.8000030517578,175.4499969482422,85391500,0.013858834181150304,177.80799865722656,191.10199966430665,35.20266476736609,-0.659525144700343,1315.97998046875,16019.26953125,15.220000267028809,0.002427656313024292,0.018173015335833757
2024-03-12,177.5399932861328,179.42999267578125,172.41000366210938,177.77000427246094,87391700,-0.0012938683737420131,177.16799621582032,190.57249908447267,33.821577036272586,-0.6095144725359369,1310.5400390625,16265.6396484375,13.84000015258789,-0.0019876229689060145,0.016204476298597403
2024-03-13,169.47999572753906,176.0500030517578,169.14999389648438,173.0500030517578,106524500,-0.04539820808488959,175.75599670410156,189.84549865722656,26.19736139295196,-0.13114021576803983,1311.1500244140625,16177.76953125,13.75,-0.010944414092493767,0.030784720869809736
2024-03-14,162.5,171.1699981689453,160.50999450683594,167.77000427246094,126325700,-0.04118477639544138,172.5259979248047,188.5349983215332,25.52731062058257,0.363945936447657,1313.6500244140625,16128.5302734375,14.399999618530273,-0.029292284284690995,0.02433868775822296
2024-03-15,163.57000732421875,165.17999267578125,160.75999450683594,163.16000366210938,97146800,0.006584660456730784,170.1720001220703,186.69099884033204,16.7316739126654,-0.3656093090367882,1321.9200439453125,15973.169921875,14.40999984741211,-0.02666610800786673,0.028872970998238406
2024-03-18,173.8000030517578,174.72000122070312,165.89999389648438,170.02000427246094,108214400,0.06254200201423088,169.37799987792968,185.3834991455078,29.662744328353213,-0.08888792355194657,1329.3399658203125,16103.4501953125,14.329999923706055,0.009313962025173428,0.0519172221435329
2024-03-19,171.32000732421875,172.82000732421875,167.4199981689453,172.36000061035156,77271400,-0.014269250195585559,168.13400268554688,184.26149978637696,25.96996705764164,-0.8625506716687429,1336.0899658203125,16166.7900390625,13.819999694824219,0.018285804091792035,0.03972001621709465
2024-03-20,175.66000366210938,176.25,170.82000732421875,173.0,83846700,0.025332688257929448,169.37000427246093,183.30599975585938,30.7488931861934,-0.698149525442056,1337.02001953125,16369.41015625,13.039999961853027,0.02453514669219159,0.0384118363388399
2024-03-21,172.82000732421875,178.17999267578125,171.8000030517578,176.38999938964844,73178000,-0.016167575308454918,171.4340057373047,182.07649993896484,28.7546332678328,-0.9648972797268269,1330.1099853515625,16401.83984375,12.920000076293945,-0.0017013790820370096,0.02343142136672294
2024-03-22,170.8300018310547,171.1999969482422,166.3000030517578,166.69000244140625,75580600,-0.01151490226146512,172.88600463867186,181.0194999694824,34.9921940991924,-0.9048254664370549,1334.6800537109375,16428.8203125,13.0600004196167,-0.0007832631039968637,0.022736403151651405
2024-03-25,172.6300048828125,175.24000549316406,168.72999572753906,168.75999450683594,74228600,0.010536808713131895,172.65200500488282,179.68100051879884,42.21239781786698,-0.9386293004367934,1343.5999755859375,16384.470703125,13.1899995803833,-0.005715222952262715,0.014265631481301127
2024-03-26,177.6699981689453,184.25,177.3800048828125,178.5800018310547,113186200,0.029195349264770964,173.92200317382813,178.57800064086913,51.06784209563941,0.03542117547164803,1339.1300048828125,16315.7001953125,13.239999771118164,0.009405751905479246,0.020378680329181224
2024-03-27,179.8300018310547,181.91000366210938,176.0,181.41000366210938,81804000,0.012157391142962881,174.7560028076172,177.46750106811524,51.114042176215904,-0.7492228181279036,1343.06005859375,16399.51953125,12.779999732971191,0.017296516373621913,0.010336500373994596
2024-03-28,175.7899932861328,179.57000732421875,175.3000030517578,177.4499969482422,77654800,-0.022465709302040393,175.35,176.16300048828126,50.41905632572065,-0.8529645844235507,1349.800048828125,16379.4599609375,13.010000228881836,0.006295677035231151,0.026324627485901236
2024-04-01,175.22000122070312,176.75,170.2100067138672,176.1699981689453,81562100,-0.003242460249155976,176.22799987792968,174.792000579834,47.54001903060395,-0.7552710041075905,1345.31005859375,16396.830078125,13.649999618530273,-0.00451692613607783,0.017346699068667044
2024-04-02,166.6300048828125,167.69000244140625,163.42999267578125,164.75,116650600,-0.049024062767074494,175.0279998779297,173.71650085449218,40.937030911314295,0.12204099981239809,1355.530029296875,16240.4501953125,14.609999656677246,-0.024910744106090288,0.022988528197166798
2024-04-03,168.3800048828125,168.82000732421875,163.27999877929688,164.02000427246094,82950100,0.01050231020055925,173.1700012207031,173.0985008239746,48.97920863888351,-0.7205670680191015,1350.72998046875,16277.4599609375,14.329999923706055,-0.013921404271890406,0.031166924034158106
2024-04-04,171.11000061035156,177.19000244140625,168.00999450683594,170.07000732421875,123162000,0.016213301154368365,171.4260009765625,172.82700119018554,58.67417487572366,0.2848444648315529,1344.8399658203125,16049.080078125,16.350000381469727,-0.007436150470715626,0.036129208284929965
2024-04-05,164.89999389648438,170.86000061035156,160.50999450683594,169.0800018310547,143157600,-0.036292482565110196,169.2480010986328,172.13950119018554,51.214143234512534,0.7847911683265021,1351.3599853515625,16248.51953125,16.030000686645508,-0.0031922904033941935,0.028807479849433524
2024-04-08,172.97999572753906,174.5,167.7899932861328,169.33999633789062,104423300,0.04899940648952894,168.8,172.02150115966796,49.220808454828926,-0.18367617434810682,1350.27001953125,16253.9599609375,15.1899995803833,0.00964007502626237,0.04302420319919513
2024-04-09,176.8800048828125,179.22000122070312,171.9199981689453,172.91000366210938,102951700,0.02254601255405486,170.85,171.97700119018555,55.14432016934477,-0.22047034750936065,1354.219970703125,16306.6396484375,14.979999542236328,0.011750978826157868,0.04365863201609787
2024-04-10,171.75999450683594,174.92999267578125,170.00999450683594,173.0399932861328,84532400,-0.028946236061948905,171.5259979248047,171.6880012512207,46.44288530401828,-0.6810050809349402,1348.5400390625,16170.3603515625,15.800000190734863,0.014199727660544966,0.03963743371906682
2024-04-11,174.60000610351562,175.8800048828125,168.50999450683594,172.5500030517578,94516000,0.01653476762638495,172.2239990234375,171.94400177001953,51.62347965707299,-0.431386769455806,1363.760009765625,16442.19921875,14.90999984741211,0.0033781813728303023,0.02815465748803393
2024-04-12,171.0500030517578,173.80999755859375,170.36000061035156,172.33999633789062,64722700,-0.020332204625772565,173.4540008544922,172.37150192260742,50.19509314291378,-1.1763037572549253,1367.8399658203125,16175.08984375,17.309999465942383,-0.010914557687112173,0.024158838538317715
2024-04-15,161.47999572753906,170.69000244140625,161.3800048828125,170.24000549316406,100245300,-0.05594859487563397,171.15400085449218,172.26700134277343,41.309420244497666,-0.2881380223147543,1379.6099853515625,15885.01953125,19.229999542236328,-0.01991534395834053,0.036243479268853455
2024-04-16,157.11000061035156,158.19000244140625,153.75,156.74000549316406,97000000,-0.027062145360474688,167.2,171.43250122070313,33.80592818060107,-0.3692797253320261,1387.6700439453125,15865.25,18.399999618530273,-0.03444764828729374,0.01892197277556293
2024-04-17,155.4499969482422,158.3300018310547,153.77999877929688,157.63999938964844,82439700,-0.010565868854054306,163.93800048828126,170.6390007019043,30.64465116158847,-0.7333285154107188,1387.3399658203125,15683.3701171875,18.209999084472656,-0.031192203030054322,0.0229715255817497
2024-04-18,149.92999267578125,152.1999969482422,148.6999969482422,151.25,96098800,-0.03550983840996058,159.00399780273438,169.35250015258788,29.94105332192447,-0.39181228095374526,1379.5400390625,15601.5,18.0,-0.024379284208163193,0.012686556359920196
2024-04-19,147.0500030517578,150.94000244140625,146.22000122070312,148.97000122070312,87074500,-0.0192088959161848,154.20399780273436,168.06399993896486,28.905203246498303,-0.6174453720512602,1379.4000244140625,15282.009765625,18.709999084472656,-0.021761534393399895,0.01266638767360349
2024-04-22,142.0500030517578,144.44000244140625,138.8000030517578,140.55999755859375,107097600,-0.03400203941675628,150.31799926757813,166.625,30.547645279598967,-0.11681109057184891,1373.9300537109375,15451.3095703125,16.940000534057617,-0.029573591247633885,0.009007693735707192
2024-04-23,144.67999267578125,147.25999450683594,141.11000061035156,143.3300018310547,124545100,0.018514534090260826,147.83199768066407,165.22749938964844,31.501708835243775,0.3194258870246286,1378.8399658203125,15696.6396484375,15.6899995803833,-0.011565467080893418,0.027079773383461077
2024-04-24,162.1300048828125,167.97000122070312,157.50999450683594,162.83999633789062,181178000,0.12061109407252757,149.16799926757812,164.45049972534179,44.30058196694915,1.735408986524474,1370.47998046875,15712.75,15.970000267028809,0.035041196248677374,0.07862031024752834
2024-04-25,170.17999267578125,170.8800048828125,158.36000061035156,158.9600067138672,126427500,0.04965143743002587,153.21799926757814,163.96799926757814,53.27461063230487,0.3664912251319568,1376.969970703125,15611.759765625,15.369999885559082,0.06292568853093809,0.05232667767755475
2024-04-26,168.2899932861328,172.1199951171875,166.3699951171875,168.85000610351562,109815700,-0.011105884774887609,157.46599731445312,163.59299926757814,46.84937921687302,-0.04885088258761131,1371.699951171875,15927.900390625,15.029999732971191,0.05305221557588861,0.06592430961466826
2024-04-29,194.0500030517578,198.8699951171875,184.5399932861328,188.4199981689453,243869700,0.1530691710339953,167.86599731445312,164.53449935913085,58.91576354136793,3.3028792675610172,1377.0899658203125,15983.080078125,14.670000076293945,0.06387157456304453,0.08300615316061727
2024-04-30,183.27999877929688,190.9499969482422,182.83999633789062,186.97999572753906,127031800,-0.05550118063944742,175.58599853515625,165.36699905395508,55.650376049686315,0.3816004388050648,1374.6400146484375,15657.8203125,15.649999618530273,0.028820701873220094,0.10986808972728403
2024-05-01,179.99000549316406,185.86000061035156,179.00999450683594,182.0,92829700,-0.017950640048260635,179.15799865722656,165.94749908447267,52.63208549897179,-0.47354905146302423,1385.4599609375,15605.48046875,15.390000343322754,0.02653911678209575,0.11117509499170251
2024-05-02,180.00999450683594,184.60000610351562,176.02000427246094,182.86000061035156,89148000,0.0001110562423569661,181.1239990234375,166.3924987792969,54.53164956192998,-0.5656019920228151,1375.0,15840.9599609375,14.680000305175781,-0.024446921481783696,0.028369551936841195
2024-05-03,181.19000244140625,184.77999877929688,178.4199981689453,182.10000610351562,75491500,0.006555235656792835,183.7040008544922,167.20699920654297,60.89310971712428,-0.9070532191067122,1364.6400146484375,16156.330078125,13.489999771118164,-0.0037614493830369447,0.012703610151524327
2024-05-06,184.75999450683594,187.55999755859375,182.1999969482422,183.8000030517578,84390300,0.019703030064167848,181.84599914550782,167.7959991455078,65.41763178836057,-0.6845579839019245,1355.050048828125,16349.25,13.489999771118164,0.00878977398777255,0.009985300732731794
2024-05-07,177.80999755859375,183.25999450683594,177.39999389648438,182.39999389648438,75045900,-0.03761635178001177,180.7519989013672,167.84249877929688,61.77337242986856,-0.9181944827385787,1352.1700439453125,16332.5595703125,13.229999542236328,-0.0037860286863503623,0.03002639163986891
2024-05-08,174.72000122070312,176.05999755859375,170.14999389648438,171.58999633789062,79969500,-0.017378079862311324,179.697998046875,167.99049911499023,63.39565508334585,-0.7950905204004777,1357.72998046875,16302.759765625,13.0,-0.011763800526051749,0.029069193024555712
2024-05-09,171.97000122070312,175.6199951171875,171.3699951171875,175.00999450683594,65950300,-0.01573946875450305,178.08999938964843,167.8589988708496,63.484840992714,-1.1456102760285354,1361.93994140625,16346.259765625,12.6899995803833,-0.023577966798942047,0.012185173418880747
2024-05-10,168.47000122070312,173.05999755859375,167.75,173.0500030517578,72627200,-0.02035238689978358,175.5459991455078,167.72999877929686,64.53244571440659,-0.9786688416847085,1365.4000244140625,16340.8701171875,12.550000190734863,-0.017823311838865985,0.0023384668243257314
2024-05-13,171.88999938964844,175.39999389648438,169.0,170.0,67018900,0.020300339194899042,172.9720001220703,168.25049896240233,64.83803706124596,-1.1188922456941268,1370.1099853515625,16388.240234375,13.600000381469727,-0.005263838819795863,0.02225904651212673
2024-05-14,177.5500030517578,179.49000549316406,174.07000732421875,174.5,86407400,0.03292805679333921,172.9200012207031,169.27249908447266,59.649552934796176,-0.6341247638125217,1363.7900390625,16511.1796875,13.420000076293945,0.010958669696151557,0.027841542913457213
2024-05-15,173.99000549316406,180.0,173.11000061035156,179.89999389648438,79663000,-0.02005067585133169,172.7740020751953,170.19949951171876,52.52618929582149,-0.8027538895727557,1362.550048828125,16742.390625,12.449999809265137,0.011059240045635521,0.027671916508868143
2024-05-16,174.83999633789062,175.7899932861328,171.42999267578125,174.10000610351562,59812200,0.004885285464054867,173.3480010986328,171.44499969482422,54.403650391735326,-1.2990801824440643,1353.5999755859375,16698.3203125,12.420000076293945,0.005920888802020796,0.026504544588882944
2024-05-17,177.4600067138672,179.6300048828125,172.75,173.5500030517578,77445800,0.014985188920464187,175.14600219726563,172.9654998779297,33.80830360228671,-0.858190177105463,1346.0400390625,16685.970703125,11.989999771118164,-6.0067155604211685e-05,0.018033866459427606
2024-05-20,174.9499969482422,177.75,173.52000427246094,177.55999755859375,61727400,-0.014144086952910362,175.75800170898438,174.6104995727539,40.30717263388656,-1.2511947513225412,1353.3900146484375,16794.869140625,12.149999618530273,0.0019087958105362308,0.01479098699275736
2024-05-21,186.60000610351562,186.8800048828125,174.7100067138672,175.50999450683594,115266500,0.06659050790792542,177.56800231933593,176.7065002441406,56.4387147591259,0.08743457478352379,1360.1600341796875,16832.619140625,11.859999656677246,0.022477203291826415,0.040885405847824824
2024-05-22,180.11000061035156,183.8000030517578,178.1199951171875,182.85000610351562,88313500,-0.03478030697150003,178.79200134277343,177.6055000305176,50.08649831108951,-0.5864668584967662,1363.4200439453125,16801.5390625,12.289999961853027,0.005888704661171677,0.05357233504542819
2024-05-23,173.74000549316406,181.89999389648438,173.25999450683594,181.8000030517578,71975500,-0.03536724832380789,178.57200317382814,177.78350067138672,44.08635605435025,-0.9949631897746712,1365.81005859375,16736.029296875,12.770000457763672,-0.0011856824624608315,0.05869663628249825
2024-05-24,179.24000549316406,180.0800018310547,173.72999572753906,174.83999633789062,65584500,0.03165649721483632,178.9280029296875,178.33100128173828,45.74861315345526,-1.1547563133636718,1367.6199951171875,16920.7890625,11.930000305175781,-0.012830352693490532,0.038527859869349874
2024-05-28,176.75,178.25,173.16000366210938,176.39999389648438,59736600,-0.01389201861667555,179.28800354003906,177.46600112915038,49.12337832624417,-1.3009703968304402,1360.9300537109375,17019.880859375,12.920000076293945,-0.005867589908549038,0.03422483321472998
2024-05-29,176.19000244140625,178.14999389648438,173.92999267578125,174.19000244140625,54782600,-0.0031683030189180172,177.20600280761718,177.11150131225585,51.26876081211254,-1.4248344453768194,1362.760009765625,16920.580078125,14.279999732971191,0.004865391859747585,0.023813273896421613
2024-05-30,178.7899932861328,182.6699981689453,175.3800048828125,178.5800018310547,77618400,0.014756744473008343,176.94200134277344,177.0515007019043,55.90167424368008,-0.8538746876466207,1370.550048828125,16737.080078125,14.470000267028809,-0.0007678590541950747,0.014474443169360219
2024-05-31,178.0800018310547,180.32000732421875,173.82000732421875,178.5,67314600,-0.003971091681523098,177.81000061035155,176.95500106811522,58.737937082879384,-1.111498907148474,1375.6199951171875,16735.01953125,12.920000076293945,0.0025391165908557425,0.010588387068353033
2024-06-03,176.2899932861328,182.63999938964844,174.49000549316406,178.1300048828125,68568900,-0.0100517100545634,177.21999816894532,176.71000061035156,54.122917385236505,-1.0801378502062609,1382.0999755859375,16828.669921875,13.109999656677246,0.0002446475789739481,0.012930359513409519
2024-06-04,174.77000427246094,177.75999450683594,174.0,174.77999877929688,60056300,-0.008622094682395387,176.8239990234375,176.21050109863282,47.175932629407704,-1.2929769902256203,1370.7900390625,16857.05078125,13.15999984741211,-0.007548298806160629,0.003179348697060644
2024-06-05,175.0,176.14999389648438,172.1300048828125,175.35000610351562,57953800,0.0013159908560766986,176.58599853515625,176.07000122070312,51.10043605594563,-1.3455454524922255,1373.719970703125,17187.900390625,12.630000114440918,-0.00578593796029403,0.0061918490544167
2024-06-06,177.94000244140625,179.72999572753906,172.72999572753906,174.60000610351562,69887000,0.01680001395089281,176.41600036621094,176.2310012817383,53.23050280236303,-1.0471816123400957,1368.739990234375,17173.119140625,12.579999923706055,0.0031646367081913742,0.012811480025960376
2024-06-07,177.47999572753906,179.35000610351562,175.5800018310547,176.1300048828125,56244900,-0.0025851787543875737,176.2959991455078,176.5065010070801,50.021797254883985,-1.3882727985884926,1365.25,17133.130859375,12.220000267028809,0.005176942017527312,0.010253127910961796
2024-06-10,173.7899932861328,178.57000732421875,173.1699981689453,176.05999755859375,50774600,-0.020791089307163446,175.7959991455078,176.77250061035156,48.765939024923085,-1.5250458112577008,1379.050048828125,17192.529296875,12.739999771118164,-0.002192084703552736,0.018798634345054487
2024-06-11,170.66000366210938,174.75,167.41000366210938,173.9199981689453,64761900,-0.018010183238054034,174.9739990234375,176.71100082397462,29.287917447140885,-1.1753236460916192,1373.9599609375,17343.55078125,12.850000381469727,-0.013795483766535018,0.00980747487839421
2024-06-12,177.2899932861328,180.5500030517578,169.8000030517578,171.1199951171875,90389400,0.03884911216309472,175.43199768066407,176.69800033569337,46.349012316325734,-0.5345634716624043,1377.3599853515625,17608.439453125,12.039999961853027,1.5946539292414446e-05,0.033659239800024415
2024-06-13,182.47000122070312,191.0800018310547,181.22999572753906,188.38999938964844,118984100,0.029217711832219218,176.33799743652344,177.12200012207032,61.661746900075286,0.18038511714848524,1370.4100341796875,17667.560546875,11.9399995803833,0.016685546919086636,0.030430843505171504
2024-06-14,178.00999450683594,186.0,176.9199981689453,185.8000030517578,82038200,-0.024442410719736185,176.44399719238282,177.28050003051757,48.30994084981136,-0.743367153983866,1373.739990234375,17688.880859375,12.65999984741211,0.014541471091859251,0.03410276013622254
2024-06-17,187.44000244140625,188.80999755859375,177.0,177.9199981689453,109786100,0.052974598199923895,179.1739990234375,177.77949981689454,62.33555077339259,-0.049590966527250556,1382.280029296875,17857.01953125,12.75,0.019249966437468975,0.03965936558629761
2024-06-18,184.86000061035156,187.1999969482422,182.3699951171875,186.55999755859375,68982300,-0.013764414198944475,182.01399841308594,178.275,59.558967191547595,-1.06980167788711,1379.06005859375,17862.23046875,12.300000190734863,0.004922591093747745,0.04195535058396619
2024-06-20,181.57000732421875,185.2100067138672,179.66000366210938,184.67999267578125,55893100,-0.017797215597047833,182.87000122070313,178.02350006103515,53.01911337764196,-1.3970687962224482,1381.1500244140625,17721.58984375,13.279999732971191,0.007137656134643862,0.039747135937083754
2024-06-21,183.00999450683594,183.9499969482422,180.69000244140625,182.3000030517578,61937300,0.00793075466503601,182.97799987792968,178.1684997558594,55.270449388617855,-1.2459466560884103,1391.8199462890625,17689.359375,13.199999809265137,-0.007876958376985432,0.013837583441240937
2024-06-24,182.5800018310547,188.8000030517578,182.5500030517578,184.97000122070312,61992100,-0.0023495584322592578,183.89200134277343,178.6104995727539,56.92578322572745,-1.2445765006866456,1388.3900146484375,17496.8203125,13.329999923706055,-0.004072006454757027,0.01295018277262221
2024-06-25,187.35000610351562,187.97000122070312,182.00999450683594,184.39999389648438,62905700,0.026125557150967316,183.8740020751953,179.0159996032715,62.92641513535591,-1.2217339099010236,1386.1099853515625,17717.650390625,12.84000015258789,0.010568917794581356,0.014419708055057764
2024-06-26,196.3699951171875,197.75999450683594,186.36000061035156,186.5399932861328,95737100,0.04814512260377568,186.1760009765625,179.99699935913085,68.5987665105349,-0.40085580666210724,1390.8900146484375,17805.16015625,12.550000190734863,0.02397370710749458,0.02531602352641353
2024-06-27,197.4199981689453,198.72000122070312,194.0500030517578,195.1699981689453,72746500,0.0053470646120412635,189.34599914550782,181.05849914550782,67.5305822758015,-0.9756860033739327,1393.3800048828125,17858.6796875,12.239999771118164,0.02653924812226142,0.02140202787426381
2024-06-28,197.8800048828125,203.1999969482422,195.25999450683594,199.5500030517578,95438100,0.002330091774560339,192.32000122070312,182.01299972534179,68.3585281802342,-0.4083316545658956,1386.949951171875,17732.599609375,12.4399995803833,0.01860742633012576,0.02562483477295648
2024-07-01,209.86000061035156,213.22999572753906,200.85000610351562,201.02000427246094,135691400,0.060541719385108106,197.7760009765625,183.60199966430665,78.24588818113364,0.5981149956868219,1380.2900390625,17879.30078125,12.220000267028809,0.02273962525723657,0.032772309525190176
2024-07-02,231.25999450683594,231.3000030517578,218.05999755859375,218.88999938964844,205047900,0.10197271435359379,206.55799865722656,186.3504997253418,86.89721223629206,2.332224176754029,1383.4200439453125,18028.759765625,12.029999732971191,0.05494817517108741,0.05005625696416568
2024-07-03,246.38999938964844,248.35000610351562,234.25,234.55999755859375,166561500,0.06542422054051067,216.56199951171874,189.93149948120117,88.12623325504043,1.3699550370738984,1383.4200439453125,18188.30078125,12.09000015258789,0.07597955142640418,0.022642727167960622
2024-07-05,251.52000427246094,252.3699951171875,242.4600067138672,249.80999755859375,154501200,0.02082067005771515,227.3820007324219,193.75749969482422,88.11967783345109,1.0684133364917636,1380.25,18352.759765625,12.479999542236328,0.06273920165060654,0.040642595490192605
2024-07-08,252.94000244140625,259.44000244140625,244.57000732421875,247.7100067138672,157219600,0.005645666924397386,238.3940002441406,197.50749969482422,92.80246547305946,1.136381045326741,1376.5699462890625,18403.740234375,12.369999885559082,0.030630185840874402,0.031073120506857243
2024-07-09,262.3299865722656,265.6099853515625,250.3000030517578,251.0,160210900,0.03712336538398886,248.88799743652345,201.74999923706054,92.7991728362364,1.2111720280511624,1382.75,18429.2890625,12.510000228881836,0.021196567455367132,0.015742215511750993
2024-07-10,263.260009765625,267.5899963378906,257.8599853515625,262.79998779296875,128519400,0.003545241645880992,255.28800048828126,206.22350006103517,95.66635580711988,0.4187946573390966,1382.4200439453125,18647.44921875,12.850000381469727,0.015438091318089079,0.018809340234908472
2024-07-11,241.02999877929688,271.0,239.64999389648438,263.29998779296875,221707300,-0.08444127539962887,254.21600036621095,209.74199981689452,78.37372122692975,2.7487564194576115,1382.989990234375,18283.41015625,12.920000076293945,-0.01459088945658634,0.06277881737287597
2024-07-12,248.22999572753906,251.83999633789062,233.08999633789062,235.8000030517578,155955800,0.029871787680814776,253.55799865722656,213.28899993896485,79.50062145780669,1.104782461444441,1371.27001953125,18398.44921875,12.460000038146973,-0.017008082024311033,0.059863999474869076
2024-07-15,252.63999938964844,265.6000061035156,251.72999572753906,255.97000122070312,146912900,0.01776579679334911,253.497998046875,216.7974998474121,80.5885273511887,0.8786843176010716,1374.1099853515625,18472.5703125,13.119999885559082,-0.012267896975154994,0.06279638658986345
2024-07-16,256.55999755859375,258.6199951171875,245.8000030517578,255.30999755859375,126332500,0.015516142251486675,252.34400024414063,220.725,80.44337149433623,0.3641159557310876,1383.68994140625,18509.33984375,13.1899995803833,0.02105124224188352,0.007721188559387792
2024-07-17,248.5,258.4700012207031,246.17999267578125,252.72999572753906,115584800,-0.031415644041518975,249.39199829101562,223.7779998779297,73.12570945122374,0.09539297741822553,1382.6400146484375,17996.919921875,14.479999542236328,0.0006220983344389364,0.027768290167034356
2024-07-18,249.22999572753906,257.1400146484375,247.1999969482422,251.08999633789062,110869000,0.002937608561525362,251.03199768066406,226.99649963378906,73.0491904760779,-0.02251539564092154,1378.6500244140625,17871.220703125,15.930000305175781,-0.004320631076168979,0.02429320220023978
2024-07-19,239.1999969482422,249.44000244140625,236.8300018310547,247.7899932861328,87403900,-0.040243947162209914,249.2259979248047,229.87799911499025,66.93996845178114,-0.6092094379391937,1385.239990234375,17726.939453125,16.520000457763672,-0.022907327547401175,0.022813488901383926
2024-07-22,251.50999450683594,253.2100067138672,243.75,244.2100067138672,101225400,0.05146320115237035,248.9999969482422,233.30299911499023,67.02918154307508,-0.2636327429485238,1388.81005859375,18007.5703125,14.90999984741211,0.004718954183895267,0.0458795178393132
2024-07-23,246.3800048828125,255.75999450683594,245.6300048828125,253.60000610351562,111928200,-0.020396762498772203,246.96399841308593,236.4929992675781,57.13072711283621,0.003967608036980106,1387.0999755859375,17997.349609375,14.720000267028809,-0.003059169502870588,0.0482492938929344
2024-07-24,215.99000549316406,225.99000549316406,214.7100067138672,225.4199981689453,167942900,-0.12334604589403697,240.46199951171874,237.92499923706055,37.46701653478313,1.4044939544461166,1384.5699462890625,17342.41015625,18.040000915527344,-0.030759869080146274,0.08786417755118209
2024-07-25,220.25,226.0,216.22999572753906,216.8000030517578,100636500,0.01972310939623889,234.66600036621094,239.11899948120117,37.015190744818604,-0.278356912950333,1382.6500244140625,17181.720703125,18.459999084472656,-0.04133989966552343,0.07379808293348329
2024-07-26,219.8000030517578,222.27999877929688,215.3300018310547,221.19000244140625,94604100,-0.0020431189477511102,230.78600158691407,240.2379997253418,36.126920185232095,-0.4291840196219473,1381.4300537109375,17357.880859375,16.389999389648438,-0.03522201848184973,0.07708972259379729
2024-07-29,232.10000610351562,234.27000427246094,224.6999969482422,224.89999389648438,129201800,0.055959976710561854,226.90400390625,241.94899978637696,37.64610155226229,0.435856592488077,1382.0899658203125,17370.19921875,16.600000381469727,0.024546655719683213,0.029300848551495326
2024-07-30,222.6199951171875,232.41000366210938,220.0,232.25,100560300,-0.04084450985365373,222.152001953125,242.58699951171874,34.476689764382755,-0.28026212903818803,1381.3599853515625,17147.419921875,17.690000534057617,0.004357449303052337,0.0487186064064875
2024-07-31,232.07000732421875,234.67999267578125,226.7899932861328,227.89999389648438,67497000,0.04244907202543402,225.36800231933594,242.62750015258788,46.20724485121362,-1.106938389898805,1383.5,17599.400390625,16.360000610351562,0.019188179627447382,0.052426891869568115
2024-08-01,216.86000061035156,231.8699951171875,214.3300018310547,227.69000244140625,83861900,-0.06554059651757449,224.69000244140625,241.15100021362304,37.564415911832455,-0.6977694823379169,1367.9200439453125,17194.150390625,18.59000015258789,-0.021312011448598067,0.056582514953515746
2024-08-02,207.6699981689453,216.1300048828125,205.77999877929688,214.8800048828125,82880100,-0.042377581921705376,222.26400146484374,238.95849990844727,32.8240741144903,-0.7223172665250052,1368.969970703125,16776.16015625,23.389999389648438,-0.02182303547128195,0.05685340062691208
2024-08-05,198.8800048828125,203.8800048828125,182.0,185.22000122070312,100308800,-0.04232673647438423,215.62000122070313,236.25550003051757,28.7597579735329,-0.2865503422415418,1357.1700439453125,16200.080078125,38.56999969482422,-0.0500816383045547,0.013387874666607414
2024-08-06,200.63999938964844,202.89999389648438,192.6699981689453,200.75,73783900,0.008849529684359148,211.2240020751953,233.1710006713867,31.518376963725146,-0.9497480615164411,1367.4000244140625,16366.849609375,27.709999084472656,-0.02528492957057682,0.029561319790987636
2024-08-07,191.75999450683594,203.49000549316406,191.47999572753906,200.77000427246094,71159800,-0.044258397676563366,203.16199951171876,229.59599990844725,29.121555134844172,-1.0153580029356082,1370.31005859375,16195.8095703125,27.850000381469727,-0.025911868155529483,0.030119742920338106
2024-08-08,198.83999633789062,200.6999969482422,192.0399932861328,195.6999969482422,65033900,0.036921162045623124,199.55799865722656,227.48649978637695,35.01633203254188,-1.1685228747543936,1375.3299560546875,16660.01953125,23.790000915527344,0.0005040980178063018,0.041228205168886985
2024-08-09,200.0,200.8800048828125,195.11000061035156,197.0500030517578,58648300,0.005833854775063374,198.0239990234375,225.075,29.150814856548593,-1.3281809830300817,1373.760009765625,16745.30078125,20.3700008392334,-0.000501126951958956,0.04095887235121704
2024-08-12,197.49000549316406,199.25999450683594,194.6699981689453,199.02000427246094,64044900,-0.012549972534179665,197.74599914550782,222.31750030517577,29.78248280618979,-1.1932506793592321,1363.8399658203125,16780.609375,20.709999084472656,0.010068348095502277,0.02500592908519645
2024-08-13,207.8300018310547,208.49000549316406,197.05999755859375,198.47000122070312,76247400,0.05235706137163754,199.18399963378906,219.88100051879883,45.95478125839518,-0.888153575526533,1369.5400390625,17187.609375,18.1200008392334,0.015213647870840416,0.03345468803474962
2024-08-14,201.3800048828125,208.44000244140625,198.75,207.38999938964844,70250000,-0.0310349655555765,201.10800170898438,217.52500076293944,40.844248810945686,-1.0381055829451955,1362.1700439453125,17192.599609375,16.190000534057617,0.0029240410939604575,0.04379659075864466
2024-08-15,214.13999938964844,215.8800048828125,204.82000732421875,205.02000427246094,89848500,0.06336276788880446,204.16800231933593,215.77050094604493,47.54680296610106,-0.5480875055458796,1355.7099609375,17594.5,15.229999542236328,0.028228287901621834,0.0516176452556159
2024-08-16,216.1199951171875,219.8000030517578,210.8000030517578,211.14999389648438,88765100,0.009246267550119258,207.39200134277343,214.6165008544922,42.39336369168522,-0.5751755778501079,1363.510009765625,17631.720703125,14.800000190734863,0.013858023294449073,0.04736754414304296
2024-08-19,222.72000122070312,222.97999572753906,214.08999633789062,217.07000732421875,76435200,0.030538618603692225,212.43800048828126,213.17700119018554,50.048938961544785,-0.8834580429635516,1348.97998046875,17876.76953125,14.649999618530273,0.03438255134753865,0.027262259011885778
2024-08-20,221.10000610351562,228.22000122070312,219.55999755859375,224.8800048828125,74001200,-0.007273684933137958,215.09200134277344,211.9130012512207,44.185298868784024,-0.9443149452974003,1330.8800048828125,17816.939453125,15.880000114440918,0.010837067073557841,0.018956280147570545
2024-08-21,223.27000427246094,224.66000366210938,218.86000061035156,222.6699981689453,70146000,0.009814554993405888,219.47000122070312,212.27700119018556,53.9426684037275,-1.0407058778682523,1327.5799560546875,17918.990234375,16.270000457763672,0.011026496221320051,0.01893526276145347
2024-08-22,210.66000366210938,224.8000030517578,210.32000732421875,223.82000732421875,79514500,-0.056478704568676985,218.7740020751953,211.79750137329103,51.764839947588044,-0.8064668106888513,1333.6600341796875,17619.349609375,17.549999237060547,-0.017979278169469686,0.0344188372951174
2024-08-23,220.32000732421875,221.47999572753906,214.2100067138672,214.4600067138672,81525200,0.04585589810206048,219.61400451660157,211.82350158691406,62.52628435267528,-0.7561936087485597,1339.5400390625,17877.7890625,15.859999656677246,-0.00026941715773687314,0.05190720178070857
2024-08-26,213.2100067138672,219.08999633789062,211.00999450683594,218.75,59301200,-0.0322712435275504,217.71200561523438,210.87900161743164,56.911906082355266,-1.3118566315371607,1323.8800048828125,17725.76953125,16.149999618530273,-0.014298016664722302,0.05348243065569701
2024-08-27,209.2100067138672,215.66000366210938,206.94000244140625,213.25,62821400,-0.018760845523390857,215.3340057373047,210.20850219726563,60.13945255283952,-1.2238416489588475,1326.6400146484375,17754.8203125,15.430000305175781,-0.001725396982960259,0.04175664551940881
2024-08-28,205.75,211.83999633789062,202.58999633789062,209.72000122070312,64116400,-0.01653843794670573,211.8300048828125,208.8925018310547,54.191428546941744,-1.1914629765996305,1326.3599853515625,17556.029296875,17.110000610351562,-0.022523508999215663,0.008514606284813776
2024-08-29,206.27999877929688,214.88999938964844,205.97000122070312,209.8000030517578,62308800,0.002575935743848623,210.95400390625,208.36350173950194,53.83862141909921,-1.2366581025892216,1336.68994140625,17516.4296875,15.649999618530273,-0.010907782575415989,0.011729994400858836
2024-08-30,214.11000061035156,214.57000732421875,207.02999877929688,208.6300048828125,63370600,0.03795812428442069,209.71200256347657,208.68550186157228,59.53855565765122,-1.2101100915382437,1332.8800048828125,17713.619140625,15.0,0.007998540693854528,0.027649996511494038
2024-09-03,210.60000610351562,219.89999389648438,209.63999938964844,215.25999450683594,76714200,-0.016393416920415627,209.19000244140625,209.27150192260743,51.72499067199572,-0.8764822517757357,1337.550048828125,17136.30078125,20.719999313354492,0.008046881035951229,0.02758570172439233
2024-09-04,219.41000366210938,222.22000122070312,210.57000732421875,210.58999633789062,80651800,0.04183284569452206,211.2300018310547,210.21000213623046,60.90743076629748,-0.7780310855350772,1340.4100341796875,17084.30078125,21.31999969482422,0.021132517686175707,0.03255610837577345
2024-09-05,230.1699981689453,235.0,222.25,223.49000549316406,119355000,0.04904058305110959,216.11400146484374,212.13050231933593,59.93799331047284,0.18965866894619454,1331.010009765625,17127.66015625,19.899999618530273,0.02482667060840534,0.03587909671888548
2024-09-06,210.72999572753906,233.60000610351562,210.50999450683594,232.60000610351562,112177000,-0.0844593239607937,217.00400085449218,212.72500228881836,47.25307685914882,0.010188313583677546,1332.7900390625,16690.830078125,22.3799991607666,0.0021380349282793163,0.07508205374370477
2024-09-09,216.27000427246094,219.8699951171875,213.6699981689453,216.1999969482422,67443500,0.026289605928169646,217.43600158691407,213.53850250244142,46.676965577037286,-1.1082760416140314,1337.77001953125,16884.599609375,19.450000762939453,-0.0030430449938381545,0.07142030244006937
2024-09-10,226.1699981689453,226.39999389648438,218.63999938964844,220.07000732421875,78891100,0.04577608406578748,220.55,214.97250213623047,52.40671095766365,-0.8220535785257129,1341.27001953125,17025.880859375,19.079999923706055,-0.0041312113222788565,0.07024517753982411
2024-09-11,228.1300048828125,228.47000122070312,216.8000030517578,224.5500030517578,83548600,0.008666077418469476,222.29400024414062,215.98750228881835,52.311636930833046,-0.7056028707936256,1343.3399658203125,17395.529296875,17.690000534057617,0.026910589137475533,0.018562795141106366
2024-09-12,229.80999755859375,231.4499969482422,223.8300018310547,224.66000366210938,71894900,0.007364189890953776,222.2220001220703,217.40900192260742,60.165610231312144,-0.9969784183400402,1339.1800537109375,17569.6796875,17.06999969482422,0.020602117125070245,0.02181101066967835
2024-09-13,230.2899932861328,232.6699981689453,226.32000732421875,228.0,59515100,0.0020886633855721204,226.13399963378907,218.21650161743165,55.86399892026381,-1.3065085249598352,1335.68994140625,17683.98046875,16.559999465942383,0.006039643564998458,0.00348301752324639
2024-09-16,226.77999877929688,229.9600067138672,223.52999877929688,229.3000030517578,54323000,-0.015241628421408637,228.23599853515626,218.7495018005371,58.33434324089655,-1.4363257487098664,1329.510009765625,17592.130859375,17.139999389648438,-0.0019295917149609136,0.011826476057245645
2024-09-17,227.8699951171875,234.57000732421875,226.5500030517578,229.4499969482422,66761600,0.004806404196833203,228.57599792480468,219.00700149536132,61.885334205441325,-1.1253254753451125,1319.1099853515625,17628.060546875,17.610000610351562,-0.002782186946334438,0.010875421379532723
2024-09-18,227.1999969482422,235.67999267578125,226.8800048828125,230.08999633789062,78010200,-0.0029402649901351108,228.38999633789064,219.31200103759767,64.16588675591558,-0.84407857658072,1322.9300537109375,17573.30078125,18.229999542236328,-0.004458496404903515,0.01010987996650374
2024-09-19,243.9199981689453,244.24000549316406,232.1300048828125,234.0,102694600,0.07359155565707187,231.21199645996094,220.34450073242186,70.47877497555389,-0.22689857659318666,1322.260009765625,18013.98046875,16.329999923706055,0.02515256495458999,0.04212783623780637
2024-09-20,238.25,243.99000549316406,235.9199981689453,241.52000427246094,99879100,-0.02324531900421767,232.8039978027344,221.7240005493164,63.44996008201861,-0.29729406078421017,1327.6099853515625,17948.3203125,16.149999618530273,0.015801990554239698,0.05106661512876651
2024-09-23,250.0,250.0,241.9199981689453,242.61000061035156,86927200,0.04931794333683115,237.447998046875,223.20800018310547,70.10613498710224,-0.6211282897643974,1331.5,17974.26953125,15.890000343322754,0.03322139332989512,0.050385208793215557
2024-09-24,254.27000427246094,257.19000244140625,249.0500030517578,254.0800018310547,88491000,0.017080017089843746,242.72799987792968,225.26100006103516,68.65367410592276,-0.5820288551425105,1333.6199951171875,18074.51953125,15.390000343322754,0.014384213807485743,0.036356667571393976
2024-09-25,257.0199890136719,257.04998779296875,252.27999877929688,252.5399932861328,65034300,0.010815214909361437,248.69199829101564,227.6514991760254,65.71460818348277,-1.1685128736200743,1324.8900146484375,18082.2109375,15.40999984741211,0.02573772511201211,0.020659911791624744
2024-09-26,254.22000122070312,261.75,251.52999877929688,260.6000061035156,67142200,-0.01089404681602335,250.7519989013672,230.07499923706055,81.61070372176971,-1.1158093960401565,1335.050048828125,18190.2890625,15.369999885559082,0.005667061727727278,0.014680418036914424
2024-09-27,260.4599914550781,260.70001220703125,254.1199951171875,257.3800048828125,70988100,0.024545630573566513,255.19399719238282,232.78399887084962,81.79594157429293,-1.0196509898422317,1313.300048828125,18119.58984375,16.959999084472656,0.008155599555634866,0.01786890731807311
2024-09-30,261.6300048828125,264.8599853515625,255.77000427246094,259.0400085449219,80705700,0.004492104223754234,257.51999816894534,235.15999908447264,79.18038640512378,-0.7766834326855313,1309.300048828125,18189.169921875,16.729999542236328,0.006047895993765799,0.017770988981856906
2024-10-01,258.0199890136719,263.9800109863281,248.52999877929688,262.6700134277344,87397600,-0.013798172234708361,258.2699951171875,237.53099822998047,73.94646393824688,-0.6093669558047251,1315.3299560546875,17910.359375,19.260000228881836,0.005079854187537462,0.019178657173142055
2024-10-02,249.02000427246094,251.16000366210938,241.5,247.5500030517578,93983900,-0.03488095932262847,256.6699981689453,239.01149826049806,63.77455789569706,-0.44469077838425336,1324.8399658203125,17925.119140625,18.899999618530273,-0.0147290091111942,0.019703029620462904
2024-10-03,240.66000366210938,249.7899932861328,237.80999755859375,244.47999572753906,80729200,-0.03357160254966751,253.95799865722657,239.53599853515624,56.68083913248872,-0.7760958660442637,1324.030029296875,17918.48046875,20.489999771118164,-0.027416911369001446,0.011812330231400702
2024-10-04,250.0800018310547,250.9600067138672,244.5800018310547,246.69000244140625,86573200,0.03914235030998814,251.8820007324219,241.50349884033204,63.94875028007629,-0.62997929363711,1334.4100341796875,18137.849609375,19.209999084472656,-0.00977007052076928,0.04236445783240424
2024-10-07,240.8300018310547,249.8300018310547,240.6999969482422,249.0,68113300,-0.03698816351676526,247.7220001220703,242.73149871826172,57.0680595152549,-1.0915291421961135,1345.8800048828125,17923.900390625,22.639999389648438,-0.010472471918814877,0.043001641373408825
2024-10-08,244.5,246.2100067138672,240.55999755859375,243.55999755859375,56303200,0.015238957526229946,245.01800231933595,243.64799880981445,59.13603222436129,-1.386815133261433,1342.3699951171875,18182.919921875,21.420000076293945,0.0057977147731509415,0.03893348921459903
2024-10-09,241.0500030517578,247.42999267578125,239.50999450683594,243.82000732421875,66289500,-0.014110416966225725,243.42400207519532,244.29399871826172,48.23731140499247,-1.1371293141256424,1341.31005859375,18291.619140625,20.860000610351562,-0.01195320765225368,0.02618030189146281
2024-10-10,238.77000427246094,242.7899932861328,232.33999633789062,241.80999755859375,83087100,-0.009458613360014412,243.04600219726564,244.74199905395508,50.333241703455904,-0.7171416795146902,1343.02001953125,18282.05078125,20.93000030517578,-0.0027766909333367304,0.0157744258615553
2024-10-11,217.8000030517578,223.33999633789062,214.3800048828125,220.1300048828125,142628900,-0.08782510719719305,236.59000244140626,244.11749954223632,31.545154162471675,0.77157216903977,1349.739990234375,18342.939453125,20.459999084472656,-0.03713137917447773,0.043963625474117314
2024-10-14,219.16000366210938,221.91000366210938,213.74000549316406,220.1300048828125,86291900,0.00624426350457119,232.2560028076172,243.73649978637695,29.182959370953,-0.6370125913472627,1348.3299560546875,18502.689453125,19.700000762939453,-0.030346485684212093,0.0503933431489762
2024-10-15,219.57000732421875,224.25999450683594,217.1199951171875,220.00999450683594,62988800,0.0018707960177875016,227.27000427246094,243.3215003967285,27.161852814155665,-1.219656174246158,1357.27001953125,18315.58984375,20.639999389648438,-0.026570015891611454,0.053093516201188226
2024-10-16,221.3300018310547,222.82000732421875,218.92999267578125,221.39999389648438,49632800,0.008015641700267029,223.3260040283203,243.02800064086915,29.68498521224558,-1.5535940491725688,1363.1800537109375,18367.080078125,19.579999923706055,0.005376900407541907,0.0031629133993738828
2024-10-17,220.88999938964844,222.0800018310547,217.89999389648438,221.58999633789062,50791800,-0.001987992760882462,219.7500030517578,241.8765007019043,23.672658767069876,-1.5246157624819645,1364.199951171875,18373.609375,19.110000610351562,0.0026328149857240226,0.005045164049730789
2024-10-18,220.6999969482422,222.27999877929688,219.22999572753906,220.7100067138672,49611900,-0.0008601676940163117,220.3300018310547,240.9990005493164,22.40797140403629,-1.55411660844076,1370.050048828125,18489.55078125,18.030000686645508,0.001722493748456085,0.005479122256611884
2024-10-21,218.85000610351562,220.47999572753906,215.72999572753906,218.89999389648438,47329000,-0.008382378207102636,220.26800231933595,239.44150085449218,22.95262818375285,-1.611195582285437,1369.010009765625,18540.009765625,18.3700008392334,-0.0037435128873338033,0.0040567599062031464
2024-10-22,217.97000122070312,218.22000122070312,215.25999450683594,217.30999755859375,43268700,-0.004021041161846095,219.9480010986328,237.6265007019043,25.851599367873135,-1.7127145964785864,1376.5,18579.76953125,18.200000762939453,-0.004421195687655015,0.003777036600853828
2024-10-23,213.64999389648438,218.72000122070312,212.11000061035156,217.1300048828125,80938900,-0.019819274670942355,218.41199951171876,235.45800094604493,27.585047726607172,-0.7708527713772925,1376.6300048828125,18276.650390625,19.239999771118164,-0.010740898013297029,0.008158921942213867
2024-10-24,260.4800109863281,262.1199951171875,242.64999389648438,244.67999267578125,204491900,0.21919035070290427,226.3300018310547,235.77100143432617,55.32459126022264,2.3183226000499944,1377.3399658203125,18415.490234375,19.079999923706055,0.0651166782900386,0.13366532251706978
2024-10-25,269.19000244140625,269.489990234375,255.32000732421875,256.010009765625,161611900,0.03343823359841336,236.0280029296875,236.20750198364257,64.60048367603511,1.2462010010050333,1376.3199462890625,18518.609375,20.329999923706055,0.07760310321012509,0.12547630069539534
2024-10-28,262.510009765625,273.5400085449219,262.239990234375,270.0,107653600,-0.024815158866218545,244.76000366210937,236.2515022277832,58.99330488826885,-0.10290951386781444,1387.6600341796875,18567.189453125,19.799999237060547,0.07593780847836636,0.12743363988270281
2024-10-29,259.5199890136719,264.9800109863281,255.50999450683594,264.510009765625,80521800,-0.01139012091242797,253.07000122070312,236.3265022277832,59.265558368428096,-0.7812814541888982,1381.969970703125,18712.75,19.34000015258789,-0.0009223487267443856,0.030504837719747577
2024-10-30,257.54998779296875,263.3500061035156,255.82000732421875,258.0400085449219,53993600,-0.007590942139718337,261.85,236.75300140380858,59.4504634616097,-1.444561682821933,1383.1800537109375,18607.9296875,20.350000381469727,-0.014598740639454951,0.0090493005737934
2024-10-31,249.85000610351562,259.75,249.25,257.989990234375,66575300,-0.029897037679701755,259.7239990234375,237.2125015258789,68.6142290176029,-1.129983503654396,1378.5699462890625,18095.150390625,23.15999984741211,-0.016292700243949354,0.01193385677960429
2024-11-01,248.97999572753906,254.0,246.6300048828125,252.0399932861328,57544800,-0.003482130697311625,255.68199768066407,237.15750122070312,67.41820429116399,-1.3557716123338623,1372.9300537109375,18239.919921875,21.8799991607666,-0.013656703505577239,0.01421379342162872
2024-11-04,242.83999633789062,248.89999389648438,238.8800048828125,244.55999755859375,68802400,-0.024660613282231236,251.74799499511718,237.25800094604492,62.73949802490519,-1.0742996880472824,1379.3399658203125,18179.98046875,21.979999542236328,-0.01934659388641487,0.013986276463963138
2024-11-05,251.44000244140625,255.27999877929688,246.2100067138672,247.33999633789062,69282500,0.03541429020427711,250.13199768066406,237.60500106811523,65.33562876533463,-1.0622958265803635,1372.8599853515625,18439.169921875,20.489999771118164,0.002423848741578083,0.030469803938945245
2024-11-06,288.5299987792969,289.5899963378906,275.6199951171875,284.6700134277344,165228700,0.14751032444224466,256.3279998779297,239.9790008544922,75.0852866917904,1.3366312575214936,1378.0,18983.470703125,16.270000457763672,0.05275466712143018,0.08738549337820924
2024-11-07,296.9100036621094,299.75,285.5199890136719,288.8900146484375,117309200,0.02904379065700735,265.73999938964846,242.8860008239746,76.64498004257482,0.1385078674693713,1399.800048828125,19269.4609375,15.199999809265137,0.07065613510117637,0.06663385498809923
2024-11-08,321.2200012207031,328.7099914550781,297.6600036621094,299.1400146484375,204782800,0.08187665372925301,280.18800048828126,248.05700073242187,80.93308539936675,2.325595924983814,1372.0799560546875,19286.779296875,14.9399995803833,0.08614358960950168,0.05934842005586018
2024-11-11,350.0,358.6400146484375,336.0,346.29998779296875,210521600,0.08959591143118995,301.6200012207031,254.5990005493164,84.13920404336501,2.4690821990649523,1397.199951171875,19298.759765625,14.970000267028809,0.06683878527248344,0.03295820001691752
2024-11-12,328.489990234375,345.8399963378906,323.30999755859375,342.739990234375,155726000,-0.06145717075892854,317.0299987792969,260.04499969482424,77.27012713465034,1.0990368097779173,1400.550048828125,19281.400390625,14.710000038146973,0.03667179813383814,0.08506978098499733
2024-11-13,330.239990234375,344.6000061035156,322.5,335.8500061035156,125405600,0.005327407385385952,325.3719970703125,265.49049911499026,71.07806221742183,0.3409408272293438,1406.6500244140625,19230.720703125,14.020000457763672,0.011155382685882453,0.07569499575177392
2024-11-14,311.17999267578125,329.9800109863281,310.3699951171875,327.69000244140625,120726100,-0.05771559508909463,328.2259948730469,270.0049987792969,61.94050185116541,0.22394005710968676,1399.0,19107.650390625,14.3100004196167,-0.037948452820879074,0.037524657287807524
2024-11-15,320.7200012207031,324.67999267578125,309.2200012207031,310.57000732421875,114440300,0.030657525449785616,328.12599487304686,275.0059989929199,66.28797418930651,0.06677723184670133,1400.8299560546875,18680.119140625,16.139999389648438,-0.00724355408464102,0.04550795438882677
2024-11-18,338.739990234375,348.54998779296875,330.010009765625,340.7300109863281,126085600,0.056186046847983784,325.8739929199219,281.00049819946287,70.4470320556316,0.35794275557240757,1394.3499755859375,18791.810546875,15.579999923706055,0.009709325736224924,0.059770530467949036
2024-11-19,346.0,347.3800048828125,332.75,335.760009765625,88852500,0.021432396454288627,329.37599487304686,287.40199813842776,72.222498277574,-0.5729903300013083,1389.5,18987.470703125,16.350000381469727,0.036091989584019345,0.01800289155223431
2024-11-20,342.0299987792969,346.6000061035156,334.29998779296875,345.0,66340700,-0.011473991967350106,331.73399658203124,293.82099838256835,73.60199668115712,-1.135849168932753,1392.1600341796875,18966.140625,17.15999984741211,0.0220481504449741,0.03383422199276807
2024-11-21,339.6400146484375,347.989990234375,335.2799987792969,343.80999755859375,58011700,-0.006987644766217049,337.4260009765625,297.7789985656738,73.03353583985086,-1.3440977882994853,1397.6199951171875,18972.419921875,16.8700008392334,0.0009902532402404907,0.017844964056843
2024-11-22,352.55999755859375,361.5299987792969,337.70001220703125,341.0899963378906,89140700,0.038040225983177356,343.79400024414065,301.9474983215332,76.94763407807227,-0.5657845127241451,1399.5999755859375,19003.650390625,15.239999771118164,0.006526196416536734,0.027383980215585968
2024-11-25,338.5899963378906,361.92999267578125,338.20001220703125,360.1400146484375,95890900,-0.039624464821427674,343.7640014648438,305.75149765014646,70.85426697639394,-0.397010370516279,1403.510009765625,19054.83984375,14.600000381469727,-0.0028572945348224557,0.0389967420975036
2024-11-26,338.2300109863281,346.9599914550781,335.6600036621094,341.0,62295900,-0.001063189566898104,342.2100036621094,309.6869987487793,64.42921920261018,-1.2369806391710239,1395.56005859375,19174.30078125,14.100000381469727,-0.000882476135049474,0.038832660769667356
2024-11-27,332.8900146484375,342.54998779296875,326.5899963378906,341.79998779296875,57896400,-0.015788061864523528,340.3820068359375,313.45400009155276,60.633645246729024,-1.3469806152670665,1395.27001953125,19060.48046875,14.100000381469727,-0.01882523875094977,0.019459221975543475
2024-11-29,345.1600036621094,345.45001220703125,334.6499938964844,336.0799865722656,37167600,0.03685898787510977,341.4860046386719,318.2194999694824,57.61740911781341,-1.8652593979695662,1393.300048828125,19218.169921875,13.510000228881836,0.00666924548122938,0.027161937990540903
2024-12-02,357.0899963378906,360.0,351.1499938964844,352.3800048828125,77986500,0.034563659025395044,342.3920043945312,323.625,52.52690294501118,-0.8446711437891474,1399.8599853515625,19403.94921875,13.34000015258789,0.01854486167866043,0.02975532495031223
2024-12-03,351.4200134277344,355.69000244140625,348.20001220703125,351.79998779296875,58267200,-0.01587830229999254,344.9580078125,329.0540008544922,59.21254368556138,-1.337709563752937,1401.06005859375,19480.91015625,13.300000190734863,0.018514781533504093,0.029807386589829253
2024-12-04,357.92999267578125,358.1000061035156,348.6000061035156,353.0,50810900,0.018524782309774723,348.89800415039065,334.3785003662109,60.71511759629149,-1.524138208318211,1411.6700439453125,19735.119140625,13.449999809265137,0.012403379678392409,0.025772107853638933
2024-12-05,369.489990234375,375.42999267578125,359.5,359.8699951171875,81403600,0.03229681165351517,356.21799926757814,338.42649993896487,73.95449215639897,-0.7592339535816722,1410.800048828125,19700.259765625,13.539999961853027,0.011647763887765783,0.024812908694686595
2024-12-06,389.2200012207031,389.489990234375,370.79998779296875,377.4200134277344,81455800,0.053397958017247005,365.0299987792969,343.04199981689453,75.96665255703394,-0.7579288055529841,1399.989990234375,19859.76953125,12.770000457763672,0.03473985066017896,0.017564479089119827
2024-12-09,389.7900085449219,404.79998779296875,378.010009765625,397.6099853515625,96359200,0.0014644862094215227,371.57000122070315,346.47050018310546,72.30233003834671,-0.3853015425117838,1424.219970703125,19736.689453125,14.1899995803833,0.029053085293394565,0.026118244466810242
2024-12-10,400.989990234375,409.7300109863281,390.8500061035156,392.67999267578125,97563600,0.02873337295448497,381.48399658203124,349.0199996948242,73.22409816164833,-0.35518812707592207,1426.5999755859375,19687.240234375,14.180000305175781,0.027865272393717833,0.025977616758302922
2024-12-11,424.7699890136719,424.8800048828125,402.3800048828125,409.70001220703125,104287600,0.05930322291934931,394.85199584960935,353.83399963378906,79.93488915611758,-0.18706905916597996,1433.949951171875,20034.890625,13.579999923706055,0.029833694027751934,0.028935063433459075
2024-12-12,418.1000061035156,429.29998779296875,415.0,424.8399963378906,87752200,-0.015702575706076027,404.5739990234375,358.2270004272461,77.53369978828738,-0.6005009502305333,1429.1500244140625,19902.83984375,13.920000076293945,0.024111340055919417,0.03771590974570329
2024-12-13,436.2300109863281,436.29998779296875,415.7099914550781,420.0,89000200,0.04336284290396253,413.9760009765625,364.47950134277346,78.32623805950355,-0.5692974111538516,1427.8599853515625,19926.720703125,13.8100004196167,0.028987830039078604,0.03951516421588875
2024-12-16,463.0199890136719,463.19000244140625,436.1499938964844,441.0899963378906,114083800,0.06141250567967771,428.6219970703125,371.59450073242186,88.76084196723892,0.05786372088449218,1434.449951171875,20173.890625,14.6899995803833,0.029690924292521403,0.040334538092945425
2024-12-17,479.8599853515625,483.989990234375,457.510009765625,475.8999938964844,131223000,0.036369912179738284,444.39599609375,378.65050048828124,90.01074361226176,0.48639232420425416,1431.3499755859375,20109.060546875,15.869999885559082,0.04704842025445951,0.012921705870576288
2024-12-18,440.1300048828125,488.5400085449219,427.010009765625,466.5,149340800,-0.0827949436951747,447.46799926757814,383.35700073242185,75.366645043237,0.9393887026365487,1436.4200439453125,19392.689453125,27.6200008392334,0.004995824721413762,0.0770532097753371
2024-12-19,436.1700134277344,456.3599853515625,420.0199890136719,451.8800048828125,118566100,-0.008997322180141931,451.0820007324219,388.0640014648437,72.40853915326753,0.16993393178466074,1451.5,19372.76953125,24.09000015258789,-0.018474117898526116,0.06014501610057295
2024-12-20,421.05999755859375,447.0799865722656,417.6400146484375,425.510009765625,132216200,-0.034642491239586515,448.047998046875,392.13500061035154,65.50788152103647,0.5112251407194467,1437.449951171875,19572.599609375,18.360000610351562,-0.04214491903830105,0.03746647905094885
2024-12-23,430.6000061035156,434.510009765625,415.4100036621094,431.0,72698100,0.022657123925894362,441.5640014648437,396.03700103759763,68.841613896856,-0.9768961406265861,1445.4200439453125,19764.880859375,16.780000686645508,-0.0069942298312780276,0.02870227793654377
2024-12-24,462.2799987792969,462.7799987792969,435.1400146484375,435.8999938964844,59551800,0.07357174228224572,438.0480041503906,402.221501159668,72.1747650078103,-1.3055909208860257,1442.699951171875,20031.130859375,14.270000457763672,0.020528791656184524,0.05413850231459245
2024-12-26,454.1300048828125,465.3299865722656,451.0199890136719,465.1600036621094,76366400,-0.017629994630971146,440.84800415039064,408.01650085449216,68.25082284688992,-0.8851782380664968,1457.6099853515625,20020.359375,14.729999542236328,0.026199623859056314,0.04570395150672699
2024-12-27,431.6600036621094,450.0,426.5,449.5199890136719,82666800,-0.04947922616674816,439.9460021972656,412.95500030517576,59.04441177920808,-0.7276503714008515,1466.989990234375,19722.029296875,15.949999809265137,0.0021541738281754728,0.06386662039182707
2024-12-30,417.4100036621094,427.0,415.75,419.3999938964844,64941000,-0.03301209257078741,439.21600341796875,416.56750030517577,55.561817903156005,-1.1708456382000858,1472.800048828125,19486.7890625,17.399999618530273,-0.03337377112283557,0.015927695874988743
2024-12-31,403.8399963378906,427.92999267578125,402.5400085449219,423.7900085449219,76825100,-0.03251001941775111,433.86400146484374,418.9050003051758,50.568474984165476,-0.8737094372856684,1467.3900146484375,19310.7890625,17.350000381469727,-0.03833377938509556,0.009655503991751427
2025-01-02,379.2799987792969,392.7300109863281,373.0400085449219,390.1000061035156,109710700,-0.06081615932376483,417.2640014648438,420.2979995727539,40.9544620132914,-0.05147618034646674,1473.52001953125,19280.7890625,17.93000030517578,-0.04211275710410112,0.016199566670304182
2025-01-03,410.44000244140625,411.8800048828125,379.45001220703125,381.4800109863281,95423300,0.08215567328200035,408.5260009765625,422.92350006103516,48.612013834011016,-0.4087016965357152,1471.6500244140625,19621.6796875,16.1299991607666,-0.0037235018198385297,0.07570821571153248
2025-01-06,411.04998779296875,426.42999267578125,401.70001220703125,423.20001220703125,85516500,0.0014861742226248698,404.40399780273435,425.00149993896486,45.12807823155832,-0.6563997902255151,1465.530029296875,19864.98046875,16.040000915527344,0.007608562726953465,0.07168227786846056
2025-01-07,394.3599853515625,414.3299865722656,390.0,405.8299865722656,75699500,-0.040603340073111505,399.793994140625,425.2584991455078,36.175092581335335,-0.9018526292605986,1459.449951171875,19489.6796875,17.81999969482422,0.014346169143837906,0.062381715606500895
2025-01-08,394.94000244140625,402.5,387.3999938964844,392.95001220703125,73038800,0.0014707807875757872,398.0139953613281,425.51599884033203,31.70300941988998,-0.9683776744699952,1451.8800048828125,19478.880859375,17.700000762939453,-0.012548795020970283,0.02429594992589144
2025-01-10,394.739990234375,399.2799987792969,377.2900085449219,391.3999938964844,62287300,-0.0005064369418008585,401.1059936523437,425.20349884033203,38.212221876861165,-1.237195663558892,1455.22998046875,19161.630859375,19.540000915527344,-0.013212998742445525,0.023741323597161332
2025-01-13,403.30999755859375,403.7900085449219,380.07000732421875,383.2099914550781,67580500,0.021710512074366584,399.67999267578125,424.1304992675781,41.66581616944009,-1.10485065310962,1472.25,19088.099609375,19.190000534057617,0.007558285306713837,0.01229599484993564
2025-01-14,396.3599853515625,422.6400146484375,394.5400085449219,414.3399963378906,84565000,-0.017232432245921525,396.7419921875,423.04349822998046,43.464911907986846,-0.680189988487905,1458.8900146484375,19044.390625,18.709999084472656,0.0013238809622147334,0.019535884310815994
2025-01-15,428.2200012207031,429.79998779296875,405.6600036621094,409.8999938964844,81375500,0.08038151439752794,403.5139953613281,422.6429977416992,49.436815386858534,-0.7599365332676136,1460.43994140625,19511.23046875,16.1200008392334,0.028286531408657667,0.04913810809892142
2025-01-16,413.82000732421875,424.0,409.1300048828125,423.489990234375,68335200,-0.03362756026209679,407.2899963378906,420.18299865722656,37.51159945940374,-1.085981012932399,1437.219970703125,19338.2890625,16.600000381469727,0.00984050729650321,0.06163785620693515
2025-01-17,426.5,439.739990234375,419.75,421.5,94991400,0.030641323404759335,413.6419982910156,417.51499938964844,43.04205234456903,-0.41950042131714055,1453.3199462890625,19630.19921875,15.970000267028809,0.02579842584673016,0.057158617187211186
2025-01-21,424.07000732421875,433.20001220703125,406.30999755859375,432.6400146484375,87320900,-0.00569752092797482,417.79400024414065,416.7119995117188,47.874066430496626,-0.6112846733104794,1435.530029296875,19756.779296875,15.0600004196167,-0.0028945859284374245,0.032225993939748315
2025-01-22,415.1099853515625,428.0,414.5899963378906,416.80999755859375,60963300,-0.021128638710367298,421.54400024414065,415.6589981079102,49.33609534175774,-1.2702994181562692,1425.7900390625,20009.33984375,15.100000381469727,0.001271721255472406,0.026579315205796178
2025-01-23,412.3800048828125,420.7300109863281,408.95001220703125,416.05999755859375,50690600,-0.006576523247056931,418.3760009765625,415.2249984741211,52.629631711671756,-1.5271460494647853,1434.3399658203125,20053.6796875,15.020000457763672,-0.01113422762846635,0.008666565116858796
2025-01-24,406.5799865722656,418.8800048828125,405.7799987792969,414.45001220703125,56427100,-0.014064741844588391,416.92799682617186,414.0239974975586,59.504233553155395,-1.3837172819059835,1433.9300537109375,19954.30078125,14.850000381469727,-0.01392330126733754,0.00727708871679091
2025-01-27,397.1499938964844,406.69000244140625,389.0,394.79998779296875,58125500,-0.023193450212053546,411.05799560546876,410.76749725341796,44.54835667656018,-1.341252465585602,1427.6300048828125,19341.830078125,17.899999618530273,-0.014611571767899623,0.008321948850105709
2025-01-28,398.0899963378906,400.5899963378906,386.5,396.9100036621094,48910700,0.0023668700890153715,405.86199340820315,407.9654968261719,44.698086496056824,-1.5716485969027545,1417.9200439453125,19733.58984375,16.40999984741211,-0.011630440655875521,0.012952870731283199
2025-01-29,389.1000061035156,398.5899963378906,384.4800109863281,395.2099914550781,68033600,-0.02258280870425211,400.6599975585938,405.8374969482422,47.70346214362744,-1.0935218682092638,1443.260009765625,19632.3203125,16.559999465942383,-0.014469796275763428,0.014584177092723274
2025-01-30,400.2799987792969,412.5,384.4100036621094,410.7799987792969,98092900,0.028732954254456988,398.2399963378906,404.9809967041016,52.13394367260369,-0.3419541260877108,1443.3199462890625,19681.75,15.84000015258789,0.0028390052130734165,0.025661139212633056
2025-01-31,404.6000061035156,419.989990234375,401.3399963378906,401.5299987792969,83283600,0.010792463618949588,397.8440002441406,405.0189971923828,53.814608177746415,-0.7122286222802607,1441.6600341796875,19627.439453125,16.43000030517578,0.005647536389718155,0.02604188144420777
2025-02-03,383.67999267578125,389.1700134277344,374.3599853515625,386.67999267578125,93732100,-0.05170542044525339,395.15,405.238996887207,43.06800860985333,-0.4509864924383467,1456.780029296875,19391.9609375,18.6200008392334,-0.0040600008572822715,0.04222593760766063
2025-02-04,392.2099914550781,394.0,381.3999938964844,382.6300048828125,57072200,0.022232065633156273,393.9739990234375,404.32749633789064,48.5506715438121,-1.3675879525322916,1459.050048828125,19654.01953125,17.209999084472656,-0.006226963731049177,0.039798663826693594
2025-02-05,378.1700134277344,388.3900146484375,375.5299987792969,387.510009765625,57223300,-0.035797094243459227,391.7880004882812,402.6834976196289,30.03589710765175,-1.3638100240431197,1450.1600341796875,19692.330078125,15.770000457763672,-0.021756816351852115,0.03891702730623079
2025-02-06,374.32000732421875,375.3999938964844,363.17999267578125,373.0299987792969,77918200,-0.010180622383618276,386.59600219726565,401.6814987182617,32.79616141851868,-0.8463788374741934,1443.8900146484375,19791.990234375,15.5,-0.007915216997973743,0.029080833811420004
2025-02-07,361.6199951171875,380.54998779296875,360.3399963378906,370.19000244140625,70298300,-0.0339282217314959,378.0,400.01549835205077,21.747079414133722,-1.036897945976122,1442.1500244140625,19523.400390625,16.540000915527344,-0.026635312786191134,0.01428078423266306
2025-02-10,350.7300109863281,362.70001220703125,350.510009765625,356.2099914550781,77514900,-0.030114441341470455,371.4100036621094,397.81499938964845,20.25470362775343,-0.8564624811517781,1450.6199951171875,19714.26953125,15.8100004196167,-0.024741095152194876,0.012753107685939695
2025-02-11,328.5,349.3699951171875,325.1000061035156,345.79998779296875,118543400,-0.06338211812502892,358.6680053710937,394.0744995117187,18.286342653119533,0.169366367412032,1453.2099609375,19643.859375,16.020000457763672,-0.042474927065998425,0.018206295853355967
2025-02-12,336.510009765625,346.3999938964844,329.1199951171875,329.94000244140625,105382700,0.0243835913717656,350.33600463867185,391.0820007324219,23.253193088166626,-0.15968845368290777,1450.75,19649.94921875,15.890000343322754,-0.023037656031577924,0.04430875318275902
2025-02-13,355.94000244140625,358.69000244140625,342.8500061035156,345.0,89441500,0.05773971683431944,346.6600036621094,387.468000793457,33.71285335330431,-0.5582636597159192,1452.1199951171875,19945.640625,15.100000381469727,0.006247063360352041,0.06256456634718648
2025-02-14,355.8399963378906,362.0,347.5,360.6199951171875,68277300,-0.0002809633725618932,345.50400390625,384.5690002441406,35.86532326676769,-1.0874286771251394,1438.739990234375,20026.76953125,14.770000457763672,0.027280781611174382,0.029118638642282032
2025-02-18,354.1099853515625,359.1000061035156,350.0199890136719,355.010009765625,51631700,-0.004861766535893763,346.17999877929685,380.9494995117187,35.03266513206968,-1.5036158806947009,1441.2900390625,20041.259765625,15.350000381469727,0.01753232897528793,0.034895866062332505
2025-02-19,360.55999755859375,367.3399963378906,353.6700134277344,354.0,67094400,0.018214714280444966,352.5919982910156,377.7739990234375,40.11635518084098,-1.1170045315913306,1440.0799560546875,20056.25,15.270000457763672,0.004357328123996436,0.012217458930645016
2025-02-20,354.3999938964844,362.29998779296875,348.0,361.510009765625,45965400,-0.01708454543992588,356.1699951171875,374.7384994506836,33.53903594921772,-1.6452894491804393,1439.97998046875,19962.359375,15.65999984741211,-0.0012438658984582258,0.017925577758284832
2025-02-21,337.79998779296875,354.9800109863281,334.4200134277344,353.44000244140625,74058600,-0.046839747148427646,352.5419921875,371.0094985961914,27.97414724119365,-0.9428797825225593,1431.699951171875,19524.009765625,18.209999084472656,-0.015236526102636186,0.03256657979514293
2025-02-24,330.5299987792969,342.3999938964844,324.70001220703125,338.1400146484375,76052300,-0.021521578674915554,347.47999267578126,367.20699920654295,30.741360058345776,-0.8930316287908443,1434.2900390625,19286.9296875,18.979999542236328,-0.02848195708775636,0.016052356771385726
2025-02-25,302.79998779296875,328.8900146484375,297.25,327.0199890136719,134228800,-0.0838955952220366,337.2179931640625,362.4894989013672,21.559898545790517,0.5615458480477556,1428.6500244140625,19026.390625,19.43000030517578,-0.0507523070151266,0.03137053679151816
2025-02-26,290.79998779296875,309.0,288.0400085449219,303.7099914550781,100118300,-0.039630120487999076,323.2659912109375,357.12499847412107,21.843377113399484,-0.2913133824611795,1429.5,19075.259765625,19.100000381469727,-0.04834909812831708,0.03208808054986138
2025-02-27,281.95001220703125,297.2300109863281,280.8800048828125,291.1600036621094,101748200,-0.030433204805490277,308.7759948730469,351.7674987792969,21.161415247878992,-0.25056126039300364,1434.4200439453125,18544.419921875,21.1299991607666,-0.051319640171841985,0.028583919431946412
2025-02-28,292.9800109863281,293.8800048828125,273.6000061035156,279.5,115697000,0.03912040539724382,299.81199951171874,346.4024993896484,28.34427457442007,0.09819829559483105,1449.8599853515625,18847.279296875,19.6299991607666,-0.010314306632081846,0.04305797115035215
2025-03-03,284.6499938964844,303.94000244140625,277.29998779296875,300.3399963378906,115551400,-0.02843203214376444,290.63599853515626,340.4049987792969,28.809643877562976,0.09455788270255153,1459.800048828125,18350.189453125,22.780000686645508,-0.0065816105173369666,0.03959175251233462
2025-03-04,272.0400085449219,284.3500061035156,261.8399963378906,270.92999267578125,126706600,-0.04429996705409467,284.4840026855469,334.82299957275393,30.7040352064885,0.37346951660335254,1457.9300537109375,18285.16015625,23.510000228881836,-0.011203864600205097,0.04429838544080042
2025-03-05,279.1000061035156,279.54998779296875,267.7099914550781,272.9200134277344,94042900,0.025952056083059283,282.1440063476563,329.1675003051758,30.25111464682874,-0.4432156110721346,1452.8499755859375,18552.73046875,21.93000030517578,-0.015593314371599942,0.03684374023142559
2025-03-06,263.45001220703125,272.6499938964844,260.0199890136719,272.05999755859375,98451600,-0.056073068986891905,278.4440063476562,323.43150024414064,17.334184395382124,-0.3329856088867447,1443.030029296875,18069.259765625,24.8700008392334,-0.024806993319309096,0.044351012440011515
2025-03-07,262.6700134277344,266.25,250.72999572753906,259.32000732421875,102369600,-0.0029607088371812473,272.3820068359375,317.84900054931643,17.25132241106273,-0.2350244982277392,1446.5,18196.220703125,23.3700008392334,-0.011027240580337957,0.04160326893956527
2025-03-10,222.14999389648438,253.3699951171875,220.0,252.5399932861328,189076900,-0.1542620682219512,259.8820068359375,310.87550048828126,13.555018498096302,1.9329038862142183,1446.260009765625,17468.3203125,27.860000610351562,-0.07109861534867479,0.07676164810973232
2025-03-11,230.5800018310547,237.05999755859375,217.02000427246094,225.30999755859375,174896400,0.037947369642955975,251.59000549316406,304.8680000305176,14.490220535865504,1.5783511731718427,1457.030029296875,17436.099609375,26.920000076293945,-0.039758469138725494,0.1012505475219434
2025-03-12,248.08999633789062,251.83999633789062,241.10000610351562,247.22000122070312,142215700,0.0759389121683911,245.38800354003905,300.8474998474121,22.652671046977602,0.7612409972877789,1451.02001953125,17648.44921875,24.229999542236328,-0.013458595470201376,0.12341009999218075
2025-03-13,240.67999267578125,248.2899932861328,232.60000610351562,248.1300048828125,114813500,-0.02986820819658198,240.83399963378906,296.0559989929199,23.776864235881533,0.0761082901667475,1448.75,17303.009765625,24.65999984741211,0.02800602453825503,0.0535995283267498
2025-03-14,249.97999572753906,251.5800018310547,240.72999572753906,247.30999755859375,100242300,0.038640532386444715,238.29599609375,290.75799865722655,28.48672396258347,-0.2882130308221502,1453.22998046875,17754.08984375,21.770000457763672,0.028237078786084613,0.05366526404568525
2025-03-17,238.00999450683594,245.39999389648438,232.8000030517578,245.05999755859375,111900600,-0.04788383640805238,241.4679962158203,284.86649856567385,31.10527758855268,0.0032775297689381063,1449.050048828125,17808.66015625,20.510000228881836,-0.01303717073939655,0.04565171919254977
2025-03-18,225.30999755859375,230.10000610351562,222.27999877929688,228.16000366210938,111477600,-0.05335909096824687,240.41399536132812,278.4264991760254,30.978797202915374,-0.007298669773879488,1442.489990234375,17504.119140625,21.700000762939453,-0.02086746499661818,0.05160809934043001
2025-03-19,235.86000061035156,241.41000366210938,229.1999969482422,231.61000061035156,111993800,0.046824389357219776,237.9679962158203,272.1914993286133,36.744315150518155,0.005607794065369784,1448.93994140625,17750.7890625,19.899999618530273,-0.018139512673026492,0.05632695649838809
2025-03-20,236.25999450683594,238.0,230.0500030517578,233.35000610351562,99028300,0.0016958954271570903,237.08399658203126,266.28449935913085,32.62467225595245,-0.3185664734816787,1443.3900146484375,17691.630859375,19.799999237060547,-0.0016129353946233345,0.05017363554284425
2025-03-21,248.7100067138672,249.52000427246094,234.5500030517578,234.99000549316406,132728700,0.05269623506518384,236.8299987792969,261.83000030517576,39.261385297848825,0.524039094066241,1465.8199462890625,17784.05078125,19.280000686645508,0.03373883994985357,0.02790488063525801
2025-03-24,278.3900146484375,278.6400146484375,256.3299865722656,258.0799865722656,169079900,0.11933580126800525,244.9060028076172,259.22300109863284,51.72170447494496,1.432922178749151,1464.780029296875,18188.58984375,17.479999542236328,0.05790931058678206,0.05899295702756675
2025-03-25,288.1400146484375,288.20001220703125,271.2799987792969,283.6000061035156,150361500,0.03502280788451673,257.4720062255859,258.49000244140626,52.415818305476904,0.9649090971362034,1466.27001953125,18271.859375,17.149999618530273,0.06901828140590194,0.04446321075768682
2025-03-26,272.05999755859375,284.8999938964844,266.510009765625,282.6600036621094,153629800,-0.05580626179068926,264.7120056152344,257.5530029296875,52.29562415681695,1.0466258653768434,1462.0899658203125,17899.01953125,18.329999923706055,0.03285078245394424,0.08759123149018531
2025-03-27,273.1300048828125,291.8500061035156,271.82000732421875,272.4800109863281,162572100,0.0039329829222258805,272.0860076904297,257.11200256347655,52.784573759014755,1.2702087239388713,1465.6800537109375,17804.029296875,18.690000534057617,-0.005616823661315551,0.04616144580548951
2025-03-28,263.54998779296875,276.1000061035156,260.57000732421875,275.5799865722656,123809400,-0.03507493471452938,275.05400390625,255.6405014038086,63.194785443165266,0.30103130072758155,1461.8900146484375,17322.990234375,21.649999618530273,-0.028982737860997587,0.030332004328662843
2025-03-31,259.1600036621094,260.55999755859375,243.36000061035156,249.30999755859375,134008900,-0.016657121359109794,271.2080017089844,254.36600189208986,59.34963927574369,0.5560477244556384,1469.4100341796875,17299.2890625,22.280000686645508,-0.015933024383804433,0.019514037176125376
2025-04-01,268.4599914550781,277.45001220703125,259.25,263.79998779296875,146486900,0.035885119854736525,267.2719970703125,254.18700103759767,57.0420985132888,0.8680331095508581,1471.9599609375,17449.890625,21.770000457763672,-0.00528231207296755,0.036822167926948306
2025-04-02,282.760009765625,284.989990234375,251.27000427246094,254.60000610351562,212787800,0.05326685079977622,269.41199951171876,254.37000122070313,63.88595079932227,2.525743625551792,1469.969970703125,17601.05078125,21.510000228881836,0.02416494976513432,0.03640552514133095
2025-04-03,267.2799987792969,276.29998779296875,261.510009765625,265.2900085449219,136174300,-0.05474611137253549,268.24199829101565,254.5615005493164,55.48509231295056,0.610188865093977,1466.0400390625,16550.609375,30.020000457763672,0.011468619760659085,0.05799848366071632
2025-04-04,239.42999267578125,261.0,236.0,255.3800048828125,181229400,-0.10419786826814681,263.4179992675781,253.39949951171874,50.40902855747662,1.736694132284523,1450.6800537109375,15587.7900390625,45.310001373291016,-0.03522570961363536,0.08052682162737225
2025-04-07,233.2899932861328,252.0,214.25,223.77999877929688,183453800,-0.025644236634809525,258.24399719238284,253.95649948120118,52.388928852333244,1.7923104402349805,1458.52001953125,15603.259765625,46.97999954223633,-0.06152940542516394,0.03971370127990863
2025-04-08,221.86000061035156,250.44000244140625,217.8000030517578,245.0,171603500,-0.048994783337158565,248.9239990234375,253.520499420166,45.83084923994283,1.4960193351705564,1469.949951171875,15267.91015625,52.33000183105469,-0.0596122960800383,0.04033877716701894
2025-04-09,272.20001220703125,274.69000244140625,223.8800048828125,224.69000244140625,219433400,0.22689989839624536,246.81199951171874,254.72600021362305,58.24917127418708,2.6919024711351223,1486.1300048828125,17124.970703125,33.619998931884766,0.050753626141425756,0.1529932806687158
2025-04-10,252.39999389648438,262.489990234375,239.3300018310547,260.0,181722600,-0.07274069589492627,243.83599853515625,255.3120002746582,50.81930184800664,1.7490255309004041,1443.949951171875,16387.310546875,40.720001220703125,0.03505480638805351,0.16656641794348587
2025-04-11,252.30999755859375,257.739990234375,241.36000061035156,251.83999633789062,128948100,-0.00035656236159631316,246.41199951171876,255.42850036621093,43.33332815149649,0.4295133730459663,1452.0400390625,16724.4609375,37.560001373291016,0.05126754671324093,0.1563486741712883
2025-04-14,252.35000610351562,261.79998779296875,245.92999267578125,258.3599853515625,100135200,0.00015856900364230597,250.2240020751953,256.14550094604493,40.3733376518779,-0.29089083453618275,1419.050048828125,16831.48046875,30.889999389648438,-0.024312896417626757,0.041940495487547816
2025-04-15,254.11000061035156,258.75,247.5399932861328,249.91000366210938,79594300,0.0069744183248166,256.6740020751953,257.5855010986328,44.76889784693076,-0.8044715843921211,1419.4200439453125,16823.169921875,30.1200008392334,0.002258808322287531,0.0040919522666865975
2025-04-16,241.5500030517578,251.97000122070312,233.88999938964844,247.61000061035156,112378700,-0.049427403598542585,250.54400024414062,257.8700012207031,41.37441113839761,0.015231385564259837,1427.02001953125,16307.16015625,32.63999938964844,-0.014098138756694559,0.03078525078980724
2025-04-17,241.3699951171875,244.33999633789062,237.67999267578125,243.47000122070312,83404800,-0.0007452201709629014,248.33800048828124,258.1255012512207,43.613958158979834,-0.7091982785814676,1414.22998046875,16286.4501953125,29.649999618530273,-0.014399401814896295,0.030579713640626786
2025-04-21,227.5,232.2100067138672,222.7899932861328,230.25999450683594,97768000,-0.05746362595919796,243.3760009765625,257.0650009155273,41.356337382907114,-0.35007754743868347,1414.22998046875,15870.900390625,33.81999969482422,-0.03587874990956782,0.030690697310057254
2025-04-22,237.97000122070312,242.7899932861328,229.85000610351562,230.9600067138672,120858500,0.04602198338770602,240.5,255.04400024414062,41.728611517184945,0.22725043256942445,1421.6400146484375,16300.419921875,30.56999969482422,-0.00406228758081828,0.051822485830247095
2025-04-23,250.74000549316406,259.45001220703125,244.42999267578125,254.86000061035156,150381900,0.0536622440095611,239.8260009765625,253.17399978637695,41.24083378529241,0.9654191549864953,1429.219970703125,16708.05078125,28.450000762939453,0.01407353381268972,0.062070663898204946
2025-04-24,259.510009765625,259.5400085449219,249.1999969482422,250.5,94464200,0.0349764859229853,243.41800231933593,252.5465003967285,47.79349101894586,-0.43268191635017467,1426.449951171875,17166.0390625,26.469999313354492,0.04488690444008414,0.009394450062698397
2025-04-25,284.95001220703125,286.8500061035156,259.6300048828125,261.69000244140625,167560700,0.09803091011549903,252.13400573730468,253.13750076293945,63.10606728732162,1.3949378706038829,1430.06005859375,17382.939453125,24.84000015258789,0.06222321334934847,0.032387231273913776
2025-04-28,285.8800048828125,294.8599853515625,272.4200134277344,288.9800109863281,151731800,0.0032637046356942534,263.8100067138672,254.25400161743164,65.6099687299129,0.9991704830310567,1437.3599853515625,17366.130859375,25.149999618530273,0.04542370022472619,0.048239651984780994
2025-04-29,292.0299987792969,293.32000732421875,279.4700012207031,285.5,108906600,0.021512501019458785,274.62200622558595,255.89750137329102,71.50210388304961,-0.07158096061213962,1435.8800048828125,17461.3203125,24.170000076293945,0.040935705256884024,0.050280726483906926
2025-04-30,282.1600036621094,284.45001220703125,270.7799987792969,279.8999938964844,128961100,-0.03379788089732105,280.906005859375,256.5825019836426,54.05866965271576,0.4298384099113484,1431.1600341796875,17446.33984375,24.700000762939453,-0.0030072250807226717,0.028183381744854675
2025-05-01,280.5199890136719,290.8699951171875,279.80999755859375,280.010009765625,99659000,-0.005812356915055328,285.1080017089844,256.4705009460449,63.44938542800872,-0.3027971849434871,1423.75,17710.740234375,24.600000381469727,-0.006032578930972532,0.02765584857217814
2025-05-02,287.2099914550781,294.7799987792969,279.80999755859375,284.8999938964844,114454700,0.023848576584252656,285.55999755859375,257.467000579834,65.70090466994631,0.0671372726822015,1435.0999755859375,17977.73046875,22.68000030517578,-0.0052538870760412415,0.028827286231356445
2025-05-05,280.260009765625,284.8500061035156,274.3999938964844,284.57000732421875,94618900,-0.024198258752220814,284.4359985351563,259.50850143432615,61.82125761889304,-0.4288139776521277,1398.9000244140625,17844.240234375,23.639999389648438,-0.002054013027674495,0.02424290531360514
2025-05-06,275.3500061035156,277.7300109863281,271.3500061035156,273.1099853515625,76715800,-0.017519458684867262,281.1,261.6115020751953,58.76237193668014,-0.8764422472384579,1374.3699951171875,17689.66015625,24.760000228881836,-0.005956380284278473,0.02602697030075122
2025-05-07,276.2200012207031,277.9200134277344,271.0,276.8800048828125,71592600,0.003159597232260225,279.91199951171876,264.3295021057129,65.82959614453007,-1.004536775601964,1374.77001953125,17738.16015625,23.549999237060547,-0.012852706734942617,0.014263484894600928
2025-05-08,284.82000732421875,289.79998779296875,279.4100036621094,279.6300048828125,97539400,0.031134624811778533,280.7720031738281,264.96050186157225,68.42194341872889,-0.35579319570224877,1397.2900390625,17928.140625,22.479999542236328,0.005591587786390499,0.024418044429605674
2025-05-09,298.260009765625,307.0400085449219,290.0,290.2099914550781,132387800,0.04718770485146129,282.9820068359375,267.2535026550293,80.11063290836077,0.5155156273424905,1403.8499755859375,17928.919921875,21.899999618530273,0.027160642298500015,0.02228144896306998
2025-05-12,318.3800048828125,322.2099914550781,311.5,321.989990234375,112826700,0.06745790403815088,290.606005859375,270.55700302124023,81.62012767139304,0.02643265600204301,1395.1700439453125,18708.33984375,18.389999389648438,0.0485934112337969,0.0182023943827257
2025-05-13,334.07000732421875,337.5899963378906,316.79998779296875,320.0,136992600,0.049280740626853614,302.3500061035156,274.6430030822754,82.03274542369778,0.6306486856279903,1416.030029296875,19010.08984375,18.219999313354492,0.05464211650548859,0.011148027056437044
2025-05-14,347.67999267578125,350.0,337.0,342.5,136997300,0.04073991993646375,316.6420043945312,279.3215026855469,82.67733204054727,0.6307661989562439,1416.0,19146.810546875,18.6200008392334,0.05249285486715608,0.013645546051151425
2025-05-15,342.82000732421875,346.1400146484375,334.7200012207031,340.3399963378906,97882600,-0.013978329078298546,328.24200439453125,284.38500289916993,75.30831639748814,-0.3472122224561613,1407.3299560546875,19112.3203125,17.829999923706055,0.025347443828339606,0.034323806833519
2025-05-16,349.9800109863281,351.6199951171875,342.3299865722656,346.239990234375,95895700,0.0208856061756566,338.58600463867185,289.815503692627,76.58427429650483,-0.39689035690444563,1397.02001953125,19211.099609375,17.239999771118164,0.015882399011273935,0.027700103885323256
2025-05-19,342.0899963378906,343.0,333.3699951171875,336.29998779296875,88869900,-0.022544186527114873,343.3280029296875,295.5450035095215,70.46606002644874,-0.5725552806584122,1398.1300048828125,19215.4609375,18.139999389648438,-0.005212303143252273,0.023003676479464493
2025-05-20,343.82000732421875,354.989990234375,341.6300048828125,347.8699951171875,131715500,0.005057180873010214,345.2780029296875,300.83750381469724,77.00594784621114,0.49870622083507604,1388.550048828125,19142.7109375,18.09000015258789,0.0011328668405173141,0.021979238021839088
2025-05-21,334.6199951171875,347.3500061035156,332.20001220703125,344.42999267578125,102354800,-0.026758222357769146,342.66600341796874,305.03150329589846,72.22312904144044,-0.23539454019755882,1392.72998046875,18872.640625,20.8700008392334,-0.014748409337291268,0.01728107569508664
2025-05-22,341.0400085449219,347.2699890136719,331.3900146484375,331.8999938964844,97113400,0.019185982671137136,342.31000366210935,309.1080032348633,72.16137977528378,-0.36644440375246223,1373.8599853515625,18925.740234375,20.280000686645508,-0.0008383529378739318,0.02353264717623197
2025-05-23,339.3399963378906,343.17999267578125,333.2099914550781,337.9200134277344,84654800,-0.004984788190348977,340.1820007324219,311.82750244140624,75.42166253510675,-0.6779447338331887,1381.3399658203125,18737.2109375,22.290000915527344,-0.004185675958993662,0.02298252443060347
2025-05-27,362.8900146484375,363.7900085449219,347.32000732421875,347.3500061035156,120146400,0.06939947711644767,344.3420043945313,315.6780029296875,82.46067495126682,0.20944591319722491,1368.0999755859375,19199.16015625,18.959999084472656,0.027866890532411943,0.03794434545857863
2025-05-28,356.8999938964844,365.0,355.9100036621094,364.8399963378906,91404300,-0.016506435862546853,346.9580017089844,318.9215026855469,78.8224931250504,-0.5091880936103816,1374.800048828125,19100.939453125,19.309999465942383,0.015969417687850613,0.0466290202468178
2025-05-29,358.42999267578125,367.7099914550781,356.0,365.2900085449219,88087800,0.004286911755287504,351.7200012207031,322.7350021362305,77.69580919345643,-0.5921099985365154,1373.5999755859375,19175.869140625,19.18000030517578,0.019059984336396107,0.044817844953809326
2025-05-30,346.4599914550781,363.67999267578125,345.2900085449219,355.5199890136719,123474900,-0.03339564619395741,352.8039978027344,326.0320022583008,68.33812785138379,0.2926678521529421,1370.4100341796875,19113.76953125,18.56999969482422,-0.015205056767072253,0.018874956531398035
2025-06-02,342.69000244140625,348.0199890136719,333.3299865722656,343.5,81873800,-0.01088145559849063,353.4739990234375,328.8060028076172,60.563120778288535,-0.7474776201891596,1381.989990234375,19242.609375,18.360000610351562,-0.013330063345720178,0.01896023610940556
2025-06-03,344.2699890136719,355.3999938964844,343.0400085449219,346.6000061035156,99324500,0.004610541775392996,349.7499938964844,332.00650177001955,55.051486218285994,-0.31116063351812656,1376.0699462890625,19398.9609375,17.690000534057617,-0.01322218667235168,0.01911090912176903
2025-06-04,332.04998779296875,345.6000061035156,327.3299865722656,345.1000061035156,98912100,-0.03549540073392177,344.7799926757813,334.8415008544922,42.15124738653947,-0.32147180300147876,1377.719970703125,19460.490234375,17.610000610351562,-0.0139221048523398,0.020225128356918455
2025-06-05,284.70001220703125,324.54998779296875,273.2099914550781,322.489990234375,287499800,-0.14259893789082123,330.03399658203125,335.26550140380857,29.54386195359986,4.393755493738525,1361.0899658203125,19298.44921875,18.479999542236328,-0.05782793228311667,0.07610331267393178
2025-06-06,295.1400146484375,305.5,291.1400146484375,298.8299865722656,164747700,0.036670186138995975,319.77000122070314,335.78150177001953,31.133898648937688,1.3246048935023558,1354.550048828125,19529.94921875,16.770000457763672,-0.04714138416191568,0.09020020180192687
2025-06-09,308.5799865722656,309.8299865722656,281.8500061035156,285.9599914550781,140908900,0.04553761352840424,312.947998046875,336.29750061035156,38.895878652226635,0.7285672914661382,1359.18994140625,19591.240234375,17.15999984741211,-0.020130379407807004,0.1061535146841932
2025-06-10,326.0899963378906,327.8299865722656,310.6700134277344,314.94000244140625,151256500,0.05674382827003055,309.31199951171874,336.6830001831055,44.681099757418714,0.9872866351759712,1353.8499755859375,19714.990234375,16.950000762939453,0.046317209312476924,0.0100595031831172
2025-06-11,326.42999267578125,335.5,322.5,334.3999938964844,122611400,0.0010426457165473302,308.18800048828126,336.3009994506836,47.40510238846116,0.271077903440831,1363.8800048828125,19615.880859375,17.260000228881836,0.03444136250499404,0.02946184862742047
2025-06-12,319.1099853515625,332.55999755859375,316.8599853515625,323.0799865722656,105127500,-0.022424432461661592,315.0699951171875,334.8724990844727,43.09116109898738,-0.16606917737871638,1365.68994140625,19662.490234375,18.020000457763672,0.011787347174972096,0.04066312621888927
2025-06-13,325.30999755859375,332.989990234375,313.29998779296875,313.9700012207031,128964300,0.019429076154419578,321.10399169921874,333.9969985961914,45.7018527325647,0.42991841898590405,1349.7900390625,19406.830078125,20.81999969482422,-0.0006509035302315613,0.020978086844551807
2025-06-16,329.1300048828125,332.04998779296875,326.4100036621094,331.2900085449219,83925900,0.011742668079331553,325.2139953613281,332.9544982910156,38.23528538224959,-0.6961693008468051,1365.1400146484375,19701.2109375,19.110000610351562,0.002915770590696513,0.022279242252044015
2025-06-17,316.3500061035156,327.260009765625,314.739990234375,326.0899963378906,88282700,-0.03882963749794621,323.2659973144531,331.66749877929686,36.50761655192862,-0.5872369458393637,1357.780029296875,19521.08984375,21.600000381469727,-0.002552631088065027,0.03165100492592815
2025-06-18,322.04998779296875,329.32000732421875,315.45001220703125,317.30999755859375,95137700,0.0180179597897272,322.38999633789064,330.57899780273436,38.2219537077967,-0.415842506439802,1380.5,19546.26953125,20.139999389648438,-0.003023003209629153,0.031167789716398164
2025-06-20,322.1600036621094,332.3599853515625,317.7799987792969,327.95001220703125,108688000,0.0003416111576173275,323.0,329.9559982299805,41.478465809872056,-0.07704658051771864,1374.8900146484375,19447.41015625,20.6200008392334,-0.006823355516867228,0.029093210375107127
2025-06-23,348.67999267578125,357.5400085449219,327.4800109863281,327.5400085449219,190716800,0.0823193093872907,327.6739990234375,330.33799743652344,51.811521599016096,1.9739060366403804,1369.469970703125,19630.970703125,19.829999923706055,0.03355962677821175,0.04314212919345293
2025-06-24,340.4700012207031,356.260009765625,340.44000244140625,356.1700134277344,114736200,-0.023545920693855638,329.94199829101564,330.3944976806641,48.89509119946375,0.07417557095951392,1361.93994140625,19912.529296875,17.479999542236328,0.0197049999503508,0.05552537576808868
2025-06-25,327.54998779296875,343.0,320.3999938964844,342.70001220703125,119845100,-0.037947582404945,332.18199462890624,328.62749633789065,48.696856731422926,0.20191255877109976,1353.780029296875,19973.55078125,16.760000228881836,0.006941935429496689,0.06567467810039135
2025-06-26,325.7799987792969,331.04998779296875,323.6099853515625,324.6099853515625,80440900,-0.0054037218123500486,332.92799682617186,327.0714965820313,66.16303603528274,-0.7833041836050068,1357.030029296875,20167.91015625,16.59000015258789,-0.022299074970383564,0.016307718533295122
2025-06-27,323.6300048828125,329.3399963378906,317.5,324.510009765625,89067000,-0.006599526995335614,333.2219970703125,325.3314971923828,61.991740948941654,-0.5676272217225036,1352.760009765625,20273.4609375,16.31999969482422,-0.01665027707087689,0.01845369606280319
2025-06-30,317.6600036621094,325.5799865722656,316.6000061035156,319.8999938964844,76695100,-0.018446995428822777,327.01799926757815,323.89149780273436,54.07833334104308,-0.8769598059394894,1363.5899658203125,20369.73046875,16.729999542236328,-0.01015008141216948,0.007210171576233712
2025-07-01,300.7099914550781,305.8900146484375,293.2099914550781,298.4599914550781,145085700,-0.05335897504131726,319.0659973144531,321.792497253418,38.542789167092366,0.8329991360298273,1348.5,20202.890625,16.829999923706055,-0.026135165821825217,0.02430930826628147
2025-07-02,315.6499938964844,316.8299865722656,303.82000732421875,312.6300048828125,119483700,0.04968242780731846,316.6859985351563,320.3614974975586,45.7003788246741,0.19287653391347737,1355.5899658203125,20393.130859375,16.639999389648438,-0.007374514220940524,0.05240546302941994
2025-07-03,315.3500061035156,318.45001220703125,312.760009765625,317.989990234375,58042300,-0.0009503811144286889,314.6,319.52649841308596,48.41136009819876,-1.3433327015240473,1354.75,20601.099609375,16.3799991607666,-0.0015423094494758278,0.05152325164058549
2025-07-07,293.94000244140625,296.1499938964844,288.7699890136719,291.3699951171875,131177900,-0.06789282780315342,308.66199951171876,319.9884979248047,38.25533182477311,0.48526469630973623,1362.199951171875,20412.51953125,17.790000915527344,-0.006386927036754549,0.05897586122000366
2025-07-08,297.80999755859375,304.04998779296875,294.3500061035156,297.0,103246700,0.013165935514200422,304.69199829101564,320.1219970703125,38.27843421946066,-0.2130945109487668,1374.6400146484375,20418.4609375,16.809999465942383,-0.018559091134460564,0.04330335759570943
2025-07-09,295.8800048828125,300.1499938964844,293.54998779296875,297.54998779296875,75586800,-0.0064806174796113725,303.7260009765625,319.4869979858398,41.66190713840931,-0.9046704488551034,1370.300048828125,20611.33984375,15.9399995803833,-0.020402503256188125,0.04228468937235727
2025-07-10,309.8699951171875,310.4800109863281,300.0,300.04998779296875,104365300,0.0472826483827995,302.57000122070315,318.6759979248047,45.35256127257713,-0.18512633882442694,1373.0,20630.66015625,15.779999732971191,0.017989322139129515,0.027204245678721657
2025-07-11,313.510009765625,314.0899963378906,305.6499938964844,307.8900146484375,79236400,0.01174690904506881,302.202001953125,318.0299987792969,46.78605614645791,-0.8134200993244484,1372.6400146484375,20585.529296875,16.399999618530273,0.017516313316085646,0.027342031897426858
2025-07-14,316.8999938964844,322.6000061035156,312.6700134277344,317.7300109863281,78043400,0.010813001260769006,306.79400024414065,317.919499206543,35.74119849538599,-0.8432484824322057,1378.1700439453125,20640.330078125,17.200000762939453,0.02328085289621244,0.020791408943897412
2025-07-15,310.7799987792969,321.20001220703125,310.5,319.67999267578125,77556300,-0.01931207079538977,309.38800048828125,317.1929992675781,36.42431674944374,-0.8554273637497151,1382.010009765625,20677.80078125,17.3799991607666,0.001082613170149349,0.017668485970169377
2025-07-16,321.6700134277344,323.5,312.6199951171875,312.79998779296875,97284800,0.03504091219258654,314.54600219726564,316.8199996948242,47.2605344442172,-0.3621589176965782,1386.449951171875,20730.490234375,17.15999984741211,0.008847280885988592,0.027229758213518845
2025-07-17,319.4100036621094,324.3399963378906,317.05999755859375,323.1499938964844,73922900,-0.007025863995037018,316.45400390625,316.9729995727539,47.04572468498185,-0.9462726673404325,1384.9200439453125,20885.650390625,16.520000457763672,0.0029009924673865837,0.028503833941103365
2025-07-18,329.6499938964844,330.8999938964844,321.4200134277344,321.6600036621094,94255000,0.03205907804067243,319.6820007324219,317.3529998779297,52.59705548037951,-0.43791250959924666,1391.5799560546875,20895.650390625,16.40999984741211,0.020024708746073983,0.023473877991162923
2025-07-21,328.489990234375,338.0,326.8800048828125,334.3999938964844,75768800,-0.0035188948387289143,322.0,317.669499206543,54.87441334253424,-0.900119932739754,1390.5699462890625,20974.1796875,16.649999618530273,0.007171439735635499,0.021624537300659087
2025-07-22,332.1099853515625,335.4100036621094,321.54998779296875,329.739990234375,77370400,0.0110201078413521,326.2659973144531,316.840998840332,66.05972896132116,-0.8600753909246791,1381.8199462890625,20892.689453125,16.5,0.013186763681098538,0.01788767275801418
2025-07-23,332.55999755859375,336.20001220703125,328.6700134277344,330.8999938964844,92553800,0.0013550095657464123,328.443994140625,316.44549865722655,60.153710249856104,-0.4804473338598643,1379.780029296875,21020.01953125,15.369999885559082,0.0029520741894565328,0.007399906167789923
2025-07-24,305.29998779296875,310.1499938964844,300.4100036621094,310.0,156966000,-0.08197020076301287,325.6219909667969,315.33299865722654,45.44133628210944,1.13004032616821,1373.719970703125,21057.9609375,15.390000343322754,-0.023198361118638117,0.05112680688794638
2025-07-25,316.05999755859375,323.6300048828125,308.010009765625,308.739990234375,148227000,0.03524405566934252,322.90399169921875,314.8469985961914,61.10663497244255,0.9115405441240423,1372.0,21108.3203125,14.930000305175781,-0.01512371184264131,0.06031962095528239
2025-07-28,325.5899963378906,330.489990234375,315.69000244140625,318.45001220703125,112673800,0.030152499060024596,322.32399291992186,314.9449981689453,63.19839205905494,0.02260972240843353,1382.780029296875,21178.580078125,15.029999732971191,-0.005524548677881917,0.06625280582146803
2025-07-29,321.20001220703125,326.25,318.25,325.54998779296875,87358900,-0.013483166498468035,320.1419982910156,315.1219985961914,61.7548686922073,-0.6103345655501318,1388.2900390625,21098.2890625,15.979999542236328,0.017304462743633026,0.026784129124134273
2025-07-30,319.0400085449219,324.45001220703125,311.6199951171875,322.17999267578125,83931900,-0.006724793213012448,317.43800048828126,316.0384994506836,54.78251571745936,-0.6960192838320133,1388.8599853515625,21129.669921875,15.479999542236328,0.0033148464495147043,0.0234864556840365
2025-07-31,308.2699890136719,321.3699951171875,306.1000061035156,319.6099853515625,85270900,-0.03375758288237862,318.03200073242186,315.669499206543,47.456294909144994,-0.662540486697657,1392.52001953125,21122.44921875,16.719999313354492,-0.017988514197953036,0.014068281620261833
2025-08-01,302.6300048828125,309.30999755859375,297.82000732421875,306.2099914550781,89121400,-0.01829559909125389,315.34600219726565,315.0334991455078,43.22090404850679,-0.5662670674550585,1391.510009765625,20650.130859375,20.3799991607666,-0.01959265839554832,0.013562990136994054
2025-08-04,309.260009765625,312.1199951171875,303.0,309.0799865722656,78683900,0.021907956170373222,312.0800048828125,315.79949951171875,49.28139077462951,-0.8272341661031877,1390.1800537109375,21053.580078125,17.520000457763672,-0.01004840860108643,0.02873456407785234
2025-08-05,308.7200012207031,312.45001220703125,305.5,308.95001220703125,57961300,-0.0017461311772288823,309.58400268554686,316.3449996948242,43.21348932628027,-1.3453579312237358,1383.5899658203125,20916.55078125,17.850000381469727,0.0006220753006301502,0.020206131875250638
2025-08-06,319.9100036621094,320.4700012207031,306.92999267578125,307.8900146484375,78523600,0.03624644466558724,309.75800170898435,317.54649963378904,50.23959450077874,-0.8312421206817069,1386.5799560546875,21169.419921875,16.770000457763672,0.018802756552910527,0.019185688762493526
2025-08-07,322.2699890136719,322.3999938964844,316.1600036621094,319.7900085449219,66658700,0.007377028928595486,312.55800170898436,318.16649932861327,46.1745717755566,-1.1278982671487907,1384.3900146484375,21242.69921875,16.56999969482422,0.013959114138984615,0.01983309958328926
2025-08-08,329.6499938964844,335.1499938964844,320.9800109863281,321.42999267578125,91200300,0.02290006868278205,317.9619995117188,318.97349853515624,50.56485646763303,-0.5142886721133008,1384.969970703125,21450.01953125,15.149999618530273,0.02217451409232159,0.014448377533364781
2025-08-11,339.0299987792969,346.6400146484375,334.1499938964844,335.0,105320200,0.02845443669493286,323.91599731445314,320.0799987792969,53.19070289150269,-0.1612511309203217,1387.81005859375,21385.400390625,16.25,0.019577178102103465,0.010924535729059865
2025-08-12,340.8399963378906,345.260009765625,332.94000244140625,345.0,80522100,0.005338753399730889,330.3399963378906,321.58299865722654,53.77048376264527,-0.7812739533381585,1389.7900390625,21681.900390625,14.729999542236328,0.018897752925815265,0.012066383141392745
2025-08-13,339.3800048828125,348.9800109863281,338.20001220703125,341.5,67838900,-0.004283509772223915,334.23399658203124,322.46849822998047,70.28571274395487,-1.0983899203392558,1383.0899658203125,21713.140625,14.489999771118164,0.009836560107479944,0.016826050743024228
2025-08-14,335.5799865722656,340.4700012207031,330.3999938964844,335.760009765625,75000700,-0.011196942235471519,336.89599609375,323.2769973754883,62.66872358603596,-0.9193246109166765,1378.780029296875,21710.669921875,14.829999923706055,-0.003380566202654848,0.008304744899898783
2025-08-15,330.55999755859375,339.29998779296875,327.0199890136719,337.6600036621094,74319800,-0.014959143019665277,337.0779968261719,323.32249755859374,53.42615906867851,-0.936349041811959,1387.8699951171875,21622.98046875,15.09000015258789,-0.010146531675786904,0.00541477682517035
2025-08-18,335.1600036621094,336.2699890136719,329.5899963378906,329.6199951171875,56956600,0.013915797850586165,336.3039978027344,323.65599822998047,59.59580065000126,-1.3704782803506126,1387.97998046875,21629.76953125,14.989999771118164,-0.004080095801516877,0.01569801515920121
2025-08-19,329.30999755859375,340.54998779296875,327.8500061035156,335.7900085449219,75956000,-0.017454368181154756,333.997998046875,323.51599884033203,56.71854639275524,-0.8954394018782518,1386.9100341796875,21314.94921875,15.569999694824219,-0.0061659044500779565,0.017435957462124587
2025-08-20,323.8999938964844,331.3699951171875,314.6000061035156,329.2200012207031,77481800,-0.016428300696053943,330.90199584960936,323.08299865722654,60.99619121507582,-0.8572900750167125,1391.3399658203125,21172.859375,15.6899995803833,-0.006655623675540845,0.017822759082847077
2025-08-21,320.1099853515625,324.8999938964844,318.67999267578125,322.0799865722656,55744400,-0.011701168929731831,327.80799560546876,323.82349853515626,62.62637598856926,-1.4007867179057034,1396.9100341796875,21100.310546875,16.600000381469727,-0.01519461260231351,0.0030686014959798685
2025-08-22,340.010009765625,340.25,319.69000244140625,321.6600036621094,94016300,0.062166209505171155,329.697998046875,325.0209991455078,68.63859962986228,-0.443880686504378,1399.6099853515625,21496.5390625,14.220000267028809,0.011345579959795127,0.04407537559936749
2025-08-25,346.6000061035156,349.5299987792969,335.0299987792969,338.8999938964844,86670000,0.019381771561470362,331.9859985351562,326.0714996337891,71.39144351769994,-0.6275590191318032,1382.8900146484375,21449.2890625,14.789999961853027,0.023282270712303228,0.03708783923917041
2025-08-26,351.6700134277344,351.8999938964844,343.7200012207031,344.92999267578125,76651600,0.01462783391499567,336.4580017089844,327.5949996948242,69.26715204853318,-0.8780474292967295,1389.050048828125,21544.26953125,14.619999885559082,0.03205860499387906,0.0261820714964066
2025-08-27,349.6000061035156,355.3900146484375,349.1600036621094,351.94000244140625,65519000,-0.0058862207330171445,341.59800415039064,329.1229995727539,66.63824211369383,-1.1563939991084817,1393.949951171875,21590.140625,14.850000381469727,0.009374461581149629,0.013428190470316539
2025-08-28,345.9800109863281,353.54998779296875,340.260009765625,350.9100036621094,67903200,-0.010354676927882056,346.7720092773437,331.00850067138674,60.41852014302132,-1.0967822379974044,1392.75,21705.16015625,14.430000305175781,-0.0005376879153011771,0.013322408358862033
2025-08-29,333.8699951171875,348.75,331.70001220703125,347.2300109863281,81145700,-0.03500206799409333,345.54400634765625,332.5705001831055,46.818734587153905,-0.7656821849341372,1384.4100341796875,21455.55078125,15.359999656677246,-0.017080988551664178,0.01568010176873087
2025-09-02,329.3599853515625,333.3299865722656,325.6000061035156,328.2300109863281,58392000,-0.01350828116207925,342.09600219726565,333.5754989624023,43.150350716812916,-1.3345892098452687,1392.93994140625,21279.630859375,17.170000076293945,-0.019621675361351548,0.013412817119064393
2025-09-03,334.0899963378906,343.3299865722656,328.510009765625,335.20001220703125,88733300,0.014361219324440011,338.5799987792969,334.84399871826173,46.96220530206634,-0.5759706680285042,1394.5699462890625,21497.73046875,16.350000381469727,-0.01138304327724419,0.024750171934218593
2025-09-04,338.5299987792969,338.8900146484375,331.4800109863281,336.1499938964844,60711000,0.01328983953448204,336.3659973144531,335.7749984741211,51.68167537585125,-1.2766076336282617,1389.6300048828125,21707.689453125,15.300000190734863,0.004714259232280933,0.015790272242164265
2025-09-05,350.8399963378906,355.8699951171875,344.67999267578125,348.0,108989800,0.036363092201525005,337.33799438476564,337.20349884033203,60.67366434031986,-0.06950072467369417,1392.06005859375,21700.390625,15.180000305175781,0.021338050353482352,0.013023090092799658
2025-09-08,346.3999938964844,358.44000244140625,344.8399963378906,354.6400146484375,75208300,-0.01265534855703887,339.843994140625,338.040998840332,55.92575082180825,-0.9141340222048823,1385.510009765625,21798.69921875,15.109999656677246,0.012332527726322725,0.024523238326610873
2025-09-09,346.9700012207031,350.7699890136719,343.82000732421875,348.44000244140625,53816000,0.001645517708609212,343.3659973144531,338.43799896240233,59.859295070349035,-1.4490021864597684,1385.719970703125,21879.490234375,15.039999961853027,0.00845108711769845,0.025207909767306625
2025-09-10,347.7900085449219,356.3299865722656,346.07000732421875,350.54998779296875,72121700,0.0023633378140295314,346.1059997558594,338.7854995727539,64.05788550562687,-0.9913077751809125,1387.25,21886.060546875,15.350000381469727,-0.0028821643448000422,0.008471432208352614
2025-09-11,368.80999755859375,368.989990234375,347.6000061035156,350.1700134277344,103756000,0.06043873744853956,352.16199951171876,340.25699920654296,73.82581048665105,-0.20036056667652805,1387.199951171875,22043.0703125,14.710000038146973,0.021482530990392767,0.03373897349702972
2025-09-12,395.94000244140625,396.69000244140625,370.239990234375,370.94000244140625,168156400,0.07356092584909457,361.1820007324219,343.275,75.55512385477172,1.4098320598891225,1389.5,22141.099609375,14.760000228881836,0.045454333703887885,0.03789028110465511
2025-09-15,410.0400085449219,425.70001220703125,402.42999267578125,423.1300048828125,163823700,0.03561147147692467,373.9100036621094,347.2490005493164,77.12499846518449,1.3015022732244281,1393.699951171875,22348.75,15.6899995803833,0.05653704492485293,0.019273237278631356
2025-09-16,421.6199951171875,423.25,411.42999267578125,414.5,104285700,0.028241113869250656,388.8400024414062,351.57200012207034,78.33128211738959,-0.18711656455399736,1385.010009765625,22333.9609375,16.360000610351562,0.04580450373175663,0.024318609528160968
2025-09-17,425.8599853515625,428.30999755859375,409.6700134277344,415.75,106133500,0.01005642588937583,404.45399780273436,356.3994995117188,80.3534234942805,-0.14091632456530148,1377.6400146484375,22261.330078125,15.720000267028809,0.02463633707851705,0.013153360807364178
2025-09-18,416.8500061035156,432.2200012207031,416.55999755859375,428.8699951171875,90454500,-0.021157139806429193,414.06199951171874,361.0470001220703,77.04754150872182,-0.5329357870519139,1378.68994140625,22470.720703125,15.699999809265137,0.005713466650732431,0.02498385153980682
2025-09-19,426.07000732421875,429.4700012207031,421.7200012207031,421.82000732421875,93131000,0.022118270566640064,420.08800048828124,366.3450012207031,85.98188871603135,-0.46601569703689905,1386.75,22631.48046875,15.449999809265137,0.003672518883195567,0.022332845480078654
2025-09-22,434.2099914550781,444.9800109863281,429.1300048828125,431.1099853515625,97108800,0.019104804353584193,424.9219970703125,371.0550003051758,89.79127333913661,-0.3665594167971359,1396.22998046875,22788.98046875,16.100000381469727,0.006688645037931688,0.02416218212109889
2025-09-23,425.8500061035156,440.9700012207031,423.7200012207031,439.8800048828125,83422700,-0.019253323313789705,425.76799926757815,375.01750030517576,83.88980068559445,-0.7087507278206723,1389.3900146484375,22573.470703125,16.639999389648438,0.007323250535478183,0.023065254232904408
2025-09-24,442.7900085449219,444.2099914550781,429.0299987792969,429.8299865722656,93133600,0.03977927016229388,429.15400390625,379.57350006103513,85.25156393168305,-0.46595068966382264,1391.8499755859375,22497.859375,16.18000030517578,0.013210250400696122,0.029954483768808046
2025-09-25,423.3900146484375,435.3500061035156,419.0799865722656,435.239990234375,96746400,-0.04381307961359793,430.4620056152344,383.26300048828125,73.4077646508439,-0.3756204444905569,1403.6500244140625,22384.69921875,16.739999771118164,-0.0077623775883645845,0.042964538988708695
2025-09-26,440.3999938964844,440.4700012207031,421.0199890136719,428.29998779296875,101628200,0.0401756741055197,433.3280029296875,387.98399963378904,78.05300964472264,-0.2535616006888384,1408.9200439453125,22484.0703125,15.289999961853027,0.012047288218071883,0.04837690362909408
2025-09-29,443.2099914550781,450.9800109863281,439.5,444.3500061035156,79491500,0.00638055766924972,435.1280029296875,393.4509994506836,78.34256711249964,-0.8070418759122195,1408.7099609375,22591.150390625,16.1200008392334,0.0009143840537238305,0.04226034758871448
2025-09-30,444.7200012207031,445.0,433.1199951171875,441.5199890136719,74358000,0.0034069849388267404,438.902001953125,399.2190002441406,78.43022880228882,-0.9353939334844515,1399.3299560546875,22660.009765625,16.280000686645508,0.01665440557119872,0.020424203504507233
2025-10-01,459.4599914550781,462.2900085449219,440.75,443.79998779296875,98122300,0.033144428390707636,442.2359985351562,405.4875,77.60521997861596,-0.3412190427152313,1403.1500244140625,22755.16015625,16.290000915527344,0.014310656999594698,0.016378148317356404
2025-10-02,436.0,470.75,435.57000732421875,470.5400085449219,137009000,-0.051059922281332826,444.75799560546875,410.36100006103516,62.47819762482934,0.6310587321350878,1401.8199462890625,22844.05078125,16.6299991607666,-0.004836169650599483,0.04270310721966126
2025-10-03,429.8299865722656,446.7699890136719,416.5799865722656,443.2900085449219,133188200,-0.014151406944344913,442.643994140625,414.3104995727539,56.48468921960948,0.5355278971157084,1405.6300048828125,22780.509765625,16.649999618530273,-0.010688966944990034,0.04220882059578127
2025-10-06,453.25,453.54998779296875,436.69000244140625,440.75,85324900,0.054486690457546505,444.65199584960936,419.6529998779297,59.61807496790834,-0.6611903335645313,1406.06005859375,22941.669921875,16.3700008392334,-0.003574879589377078,0.053562291430917515
2025-10-07,433.0899963378906,452.67999267578125,432.45001220703125,447.82000732421875,102296100,-0.044478772558432134,442.32599487304685,423.95899963378906,52.004435438653935,-0.23686220665893798,1409.9200439453125,22788.359375,17.239999771118164,-0.0013811630150768472,0.05070355081255678
2025-10-08,438.69000244140625,441.3299865722656,425.2300109863281,437.57000732421875,71192100,0.012930352007360923,438.1719970703125,428.5039993286133,56.171579087638406,-1.0145504113393127,1414.5699462890625,23043.380859375,16.299999237060547,0.007646089968825098,0.049693895867205934
2025-10-09,435.5400085449219,436.3500061035156,426.17999267578125,431.80999755859375,69339900,-0.007180455170972544,438.0799987792969,431.8404998779297,52.77110914928293,-1.0608606638055225,1422.52001953125,23024.630859375,16.43000030517578,-0.012909625240681252,0.029130215208927474
2025-10-10,413.489990234375,443.1300048828125,411.45001220703125,436.5400085449219,112107900,-0.05062684914805626,434.81199951171874,432.71799926757814,44.39332888090788,0.008460617629992687,1421.510009765625,22204.4296875,21.65999984741211,-0.014958984103889295,0.03248474394154457
2025-10-13,435.8999938964844,436.8900146484375,419.70001220703125,423.5299987792969,79552800,0.054197209585187034,431.3419982910156,434.01099853515626,52.5272776295115,-0.805509202077764,1429.030029296875,22694.609375,19.030000686645508,-0.001203364911280591,0.05266702030974413
2025-10-14,429.239990234375,434.20001220703125,417.8599853515625,426.7900085449219,72669400,-0.015278742269702716,430.5719970703125,434.3919982910156,46.40678069780714,-0.9776137220140066,1426.0699462890625,22521.69921875,20.809999465942383,-0.0039027939441906487,0.05332991629991709
2025-10-15,435.1499938964844,440.510009765625,426.3299865722656,434.8999938964844,71558200,0.013768529951932784,429.86399536132814,434.8564987182617,53.358837661803456,-1.0053968731534366,1429.4300537109375,22670.080078125,20.639999389648438,0.017562332422472366,0.03489300323023029
2025-10-16,428.75,439.3500061035156,421.30999755859375,434.7300109863281,77189900,-0.01470755828163206,428.50599365234376,435.4514984130859,46.457888757073015,-0.8645884027863306,1420.0899658203125,22562.5390625,25.309999465942383,-0.005405923533133998,0.016608019527484617
2025-10-17,439.30999755859375,441.4599914550781,423.6000061035156,425.5,89331600,0.02462973191508744,433.6699951171875,436.1134979248047,48.86759389901902,-0.5610114713701879,1415.719970703125,22679.970703125,20.780000686645508,0.007896901195129388,0.020315329635487985
2025-10-20,447.42999267578125,449.79998779296875,440.6099853515625,443.8699951171875,63719000,0.018483519979771268,435.9759948730469,436.77449798583984,50.75778111330114,-1.2013991035460032,1419.739990234375,22990.5390625,18.229999542236328,0.009468564537742216,0.021161466542316328
2025-10-21,442.6000061035156,449.29998779296875,442.04998779296875,445.760009765625,54412200,-0.010794954856246153,438.647998046875,437.6119979858398,45.00888232179385,-1.4340954957566292,1419.739990234375,22953.669921875,17.8700008392334,0.010772765679537518,0.018929313435006565
2025-10-22,438.9700012207031,445.5400085449219,429.0,443.45001220703125,84023500,-0.008201547294971134,439.41199951171876,437.4209976196289,50.996171660239,-0.6937290240728594,1430.739990234375,22740.400390625,18.600000381469727,-0.00017099405714867308,0.016207239467594864
2025-10-23,448.9800109863281,449.3999938964844,413.8999938964844,420.0,126709800,0.022803402824313368,443.4580017089844,438.70049743652345,56.261854810077274,0.3735495256779081,1430.4000244140625,22941.80078125,17.299999237060547,0.0012689668910320269,0.018694394585494916
2025-10-24,433.7200012207031,451.67999267578125,430.1700134277344,446.8299865722656,94727800,-0.03398817183887881,442.3400024414062,438.3664978027344,43.253883670852616,-0.4260911688336576,1435.8399658203125,23204.869140625,16.3700008392334,-0.006462105436512193,0.028435716654683828
2025-10-27,452.4200134277344,460.1600036621094,438.69000244140625,439.9800109863281,105867500,0.043115401997602554,443.3380065917969,438.8269989013672,56.7450610411221,-0.14756707888773524,1436.969970703125,23637.4609375,15.789999961853027,0.010643544327679036,0.03996419514494289
2025-10-28,460.54998779296875,467.0,451.6000061035156,454.7799987792969,80185700,0.017969970655449252,446.9280029296875,439.61849822998045,57.49553153025491,-0.7896849073008154,1430.969970703125,23827.490234375,16.420000076293945,0.009032400271390998,0.03932111898035132
2025-10-29,461.510009765625,465.70001220703125,452.6499938964844,462.5,67983500,0.0020845119924046696,451.4360046386719,439.7209991455078,59.04058284778132,-1.0947745102827748,1425.969970703125,23958.470703125,16.920000076293945,0.021056628215152157,0.02068886354594746
2025-10-30,440.1000061035156,455.05999755859375,439.6099853515625,451.04998779296875,72447900,-0.04639120107705208,449.6600036621094,439.9259994506836,59.30484488492551,-0.9831518501434017,1424.010009765625,23581.140625,16.90999984741211,-0.008778906143066053,0.033527607980359975
2025-10-31,456.55999755859375,458.0,443.69000244140625,446.75,83135800,0.03740057084027071,454.2280029296875,441.2625,57.53794011356682,-0.7159240414112972,1424.02001953125,23724.9609375,17.440000534057617,-0.002302039414792234,0.0420677624220395
2025-11-03,468.3699951171875,474.07000732421875,453.79998779296875,455.989990234375,84595200,0.02586735066967427,457.4179992675781,442.01849975585935,63.75975327316219,-0.6794349028467865,1427.1700439453125,23834.720703125,17.170000076293945,0.005625573477630967,0.04541544250781246
2025-11-04,444.260009765625,460.2200012207031,443.6000061035156,454.4599914550781,87756600,-0.05147636612701911,454.1600036621094,442.5770004272461,52.839953231281896,-0.6003909377530193,1428.969970703125,23348.640625,19.0,0.003930518460975289,0.048329038234651185
2025-11-05,462.07000732421875,466.3299865722656,440.7099914550781,452.04998779296875,85573000,0.040089130615176494,454.2720031738281,443.7460006713867,59.697320423887916,-0.6549871300028929,1439.81005859375,23499.80078125,18.010000228881836,0.004826705052610551,0.04927566970015141
2025-11-06,445.9100036621094,467.45001220703125,435.0899963378906,461.9599914550781,109622900,-0.03497306340156037,455.4340026855469,444.2645004272461,51.86020062281136,-0.05367142932958585,1439.739990234375,23053.990234375,19.5,-0.015453432971134329,0.04880391405939259
2025-11-07,429.5199890136719,439.3599853515625,421.8800048828125,437.9200134277344,103471500,-0.03675632866235745,450.0260009765625,445.0660003662109,45.17692276178496,-0.20747387346123633,1447.9000244140625,23004.5390625,19.079999923706055,-0.010546753816247109,0.04386102601241752
2025-11-10,445.2300109863281,449.6700134277344,433.3599853515625,439.6000061035156,76515900,0.03657576451501576,445.39800415039065,445.5325012207031,50.66903842333348,-0.8814403141146027,1454.0,23527.169921875,17.600000381469727,-0.011717875849634019,0.04183302264360297
2025-11-11,439.6199951171875,442.489990234375,432.3599853515625,439.3999938964844,60533200,-0.01260026442672324,444.4700012207031,446.05150146484374,50.16369809470071,-1.281053137833257,1456.0899658203125,23468.30078125,17.280000686645508,-0.0042602761913549765,0.03737065058663428
2025-11-12,430.6000061035156,442.3299865722656,426.55999755859375,442.1499938964844,58513500,-0.02051769508633805,438.1760009765625,445.8240020751953,45.34777413545666,-1.331551365295736,1459.8399658203125,23406.4609375,17.510000228881836,0.0011526016673181576,0.03093172767019882
2025-11-13,401.989990234375,424.5,396.3399963378906,423.1300048828125,118948000,-0.06644220962287406,429.3919982910156,444.4860015869141,42.47711696041828,0.17948251477615493,1468.02001953125,22870.359375,20.0,-0.03318672304531178,0.029070895543399998
2025-11-14,404.3500061035156,412.19000244140625,382.7799987792969,386.29998779296875,105506700,0.005870832424868633,424.3580017089844,442.73800201416014,37.645847905305956,-0.1565881020438785,1468.7099609375,22900.58984375,19.829999923706055,-0.027029690761447827,0.03659369588199779
2025-11-17,408.9200134277344,423.9599914550781,398.739990234375,398.739990234375,102214300,0.011302107716671506,417.09600219726565,440.8125030517578,36.483595352822725,-0.23890743862726535,1446.530029296875,22708.0703125,22.3799991607666,-0.01642308982711131,0.04340286795456026
2025-11-18,401.25,408.8999938964844,393.7099914550781,405.3800048828125,80688600,-0.018756757252943457,409.4220031738281,438.74500274658203,34.759737689997834,-0.7771109811776878,1461.68994140625,22432.849609375,24.690000534057617,-0.0005279390371344395,0.01601849081476179
2025-11-19,403.989990234375,411.7799987792969,398.5,406.17999267578125,72047700,0.006828636098130891,404.1,436.9960021972656,39.91509384435459,-0.9931579850300106,1456.550048828125,22564.23046875,23.65999984741211,-0.00020867114604701995,0.016218095164109696
2025-11-20,395.2300109863281,428.94000244140625,394.739990234375,414.6300048828125,113548800,-0.02168365419886953,402.7480041503906,434.3085021972656,32.101798132544175,0.04448720373222879,1466.1300048828125,22078.05078125,26.420000076293945,-0.011203925117894031,0.015685076647574667
2025-11-21,391.0899963378906,402.79998779296875,383.760009765625,402.32000732421875,100460600,-0.010474950113494086,400.09600219726565,432.177001953125,26.390084437681494,-0.28275491176731077,1473.25,22273.080078125,23.43000030517578,-0.008443322738077574,0.014364306695400333
2025-11-24,417.7799987792969,421.7200012207031,401.0899963378906,402.1700134277344,96806400,0.0682451678419993,401.8679992675781,430.44500122070315,42.03560823850854,-0.3741202743426395,1467.72998046875,22872.009765625,20.520000457763672,0.012028854509878562,0.04900626669426856
2025-11-25,419.3999938964844,420.4800109863281,405.95001220703125,414.4200134277344,71915600,0.0038776272725380423,405.497998046875,428.3875015258789,35.78140590375172,-0.9964608596390088,1474.8599853515625,23025.58984375,18.559999465942383,0.02054928166701442,0.0419246024181311
2025-11-26,426.5799865722656,426.94000244140625,416.8900146484375,423.95001220703125,63463000,0.017119677587676296,410.0159973144531,426.64100036621096,43.148784360740414,-1.2077998295104508,1464.9200439453125,23214.689453125,17.190000534057617,0.029747490900737878,0.033991047667621
2025-11-28,430.1700134277344,432.92999267578125,426.20001220703125,426.5899963378906,36252900,0.008415835173881447,417.0039978027344,426.1445007324219,50.253375666502684,-1.8881294918745668,1461.4000244140625,23365.689453125,16.350000381469727,0.009804380011365263,0.006729339990775887
