feature_names,scaler_X_scale,scaler_X_min,scaler_y_scale,scaler_y_min
"['Open', 'High', 'Low', 'Close', 'Volume', 'returns', 'sma_5', 'sma_20', 'rsi', 'volume_z']","[0.07999999923706055, 0.0749063669074227, 0.09363295926135246, 0.07855459753299318, 1.0607693547976477e-08, 1.2548039135078395, 0.09415841296142939, 0.09746588691692235, 0.010000777780579942, 0.10762727723008793]","[-0.09039999875640871, -0.08614232015762914, -0.1001872713208913, -0.08876669483770479, 0.0, 0.31663273709106343, -0.10847049155197375, -0.12753411224071182, 0.0, 0.052533730729293196]",[0.07855459753299318],[-0.08876669483770479]
