{
  "lookback": 50,
  "units1": 64,
  "units2": 128,
  "dropout": 0.057834401921476014,
  "lr": 0.0024633544898414574,
  "batch_size": 32,
  "epochs": 70
}